#
# A fatal error has been detected by the Java Runtime Environment:
#
#  EXCEPTION_ACCESS_VIOLATION (0xc0000005) at pc=0x00007ffefe27176c, pid=44020, tid=43116
#
# JRE version: OpenJDK Runtime Environment (25.0.2) (build 25.0.2+-15348964-b329.117)
# Java VM: OpenJDK 64-Bit Server VM (25.0.2+-15348964-b329.117, mixed mode, tiered, compressed oops, compressed class ptrs, g1 gc, windows-amd64)
# Problematic frame:
# V  [jvm.dll+0x40176c]
#
# No core dump will be written. Minidumps are not enabled by default on client versions of Windows
#
# If you would like to submit a bug report, please visit:
#   https://youtrack.jetbrains.com/issues/JBR
#

---------------  S U M M A R Y ------------

Command Line: --add-opens=java.base/java.lang=ALL-UNNAMED --add-opens=java.base/java.lang.invoke=ALL-UNNAMED --add-opens=java.base/java.util=ALL-UNNAMED --add-opens=java.prefs/java.util.prefs=ALL-UNNAMED --add-exports=jdk.compiler/com.sun.tools.javac.api=ALL-UNNAMED --add-exports=jdk.compiler/com.sun.tools.javac.util=ALL-UNNAMED --add-opens=java.base/java.util=ALL-UNNAMED --add-opens=java.prefs/java.util.prefs=ALL-UNNAMED --add-opens=java.base/java.nio.charset=ALL-UNNAMED --add-opens=java.base/java.net=ALL-UNNAMED --add-opens=java.base/java.util.concurrent=ALL-UNNAMED --add-opens=java.base/java.util.concurrent.atomic=ALL-UNNAMED --add-opens=java.xml/javax.xml.namespace=ALL-UNNAMED --add-opens=java.base/java.time=ALL-UNNAMED --enable-native-access=ALL-UNNAMED -XX:MaxMetaspaceSize=4G -XX:ReservedCodeCacheSize=512m -XX:+HeapDumpOnOutOfMemoryError -Xmx8G -Dfile.encoding=UTF-8 -Duser.country=ES -Duser.language=es -Duser.variant -javaagent:C:\Users\Lambert 2\.gradle\wrapper\dists\gradle-9.1.0-all\7wzd0jkjit61aq2p43wpjgij9\gradle-9.1.0\lib\agents\gradle-instrumentation-agent-9.1.0.jar org.gradle.launcher.daemon.bootstrap.GradleDaemon 9.1.0

Host: AMD Ryzen 9 9950X3D 16-Core Processor          , 32 cores, 31G,  Windows 11 , 64 bit Build 26100 (10.0.26100.8972)
Time: Wed Aug  5 02:08:36 2026 Hora de verano romance elapsed time: 28.900175 seconds (0d 0h 0m 28s)

---------------  T H R E A D  ---------------

Current thread (0x0000026805252e30):  WorkerThread "GC Thread#8"    [id=43116, stack(0x0000008dadd00000,0x0000008dade00000) (1024K)]

Stack: [0x0000008dadd00000,0x0000008dade00000],  sp=0x0000008daddff400,  free space=1021k
Native frames: (J=compiled Java code, j=interpreted, Vv=VM code, C=native code)
V  [jvm.dll+0x40176c]  (no source info available)
V  [jvm.dll+0x3fd88e]  (no source info available)
V  [jvm.dll+0x40ce3c]  (no source info available)
V  [jvm.dll+0x40cbf5]  (no source info available)
V  [jvm.dll+0x40b20a]  (no source info available)
V  [jvm.dll+0x40c72e]  (no source info available)
V  [jvm.dll+0x417913]  (no source info available)
V  [jvm.dll+0x417c38]  (no source info available)
V  [jvm.dll+0xa3f0a4]  (no source info available)
V  [jvm.dll+0x9ab9c8]  (no source info available)
V  [jvm.dll+0x7bb985]  (no source info available)
C  [ucrtbase.dll+0x2cd30]  (no source info available)
C  [KERNEL32.DLL+0x2ccb7]  (no source info available)
C  [ntdll.dll+0xaad6c]  (no source info available)


siginfo: EXCEPTION_ACCESS_VIOLATION (0xc0000005), reading address 0x0000000000000148


Registers:
RAX=0x0000000000000000, RBX=0x0000026818372840, RCX=0x0000000000000000, RDX=0x0000026848defd00
RSP=0x0000008daddff400, RBP=0x0000008daddff4c9, RSI=0x0000026848d64a30, RDI=0x0000000620fb9d20
R8 =0x0000000000000148, R9 =0x0000000000000148, R10=0x00007ff8025c0000, R11=0x0000008daddff3d0
R12=0x0000000000000000, R13=0x000000000000002f, R14=0x000000000000429a, R15=0x0000000000000040
RIP=0x00007ffefe27176c, EFLAGS=0x0000000000010246

XMM[0]=0xc441f21991108000 0x0000000000000029
XMM[1]=0x0000000190125240 0x0000000000000029
XMM[2]=0xc441be22c441be25 0xc441be28c441be2b
XMM[3]=0xc441be0ac441be0d 0xc441be10c441be13
XMM[4]=0xc441bdf2c441bdf5 0xc441bdf8c441bdfb
XMM[5]=0xc441f2f600000000 0x0000000190125240
XMM[6]=0x0000000000000000 0x0000000000000000
XMM[7]=0x0000000000000000 0x0000000000000000
XMM[8]=0x0000000000000000 0x0000000000000000
XMM[9]=0x0000000000000000 0x0000000000000000
XMM[10]=0x0000000000000000 0x0000000000000000
XMM[11]=0x0000000000000000 0x0000000000000000
XMM[12]=0x0000000000000000 0x0000000000000000
XMM[13]=0x0000000000000000 0x0000000000000000
XMM[14]=0x0000000000000000 0x0000000000000000
XMM[15]=0x0000000000000000 0x0000000000000000
  MXCSR=0x00001fa0


Register to memory mapping:

RAX=0x0 is null
RBX=0x0000026818372840 points into unknown readable memory: 0x00007ffefe9b1d60 | 60 1d 9b fe fe 7f 00 00
RCX=0x0 is null
RDX=0x0000026848defd00 points into unknown readable memory: 0x0000000000000000 | 00 00 00 00 00 00 00 00
RSP=0x0000008daddff400 points into unknown readable memory: 0x0000000000004288 | 88 42 00 00 00 00 00 00
RBP=0x0000008daddff4c9 points into unknown readable memory: 50 62 fe fe 7f 00 00
RSI=0x0000026848d64a30 points into unknown readable memory: 0x0000000000000000 | 00 00 00 00 00 00 00 00
RDI=0x0000000620fb9d20 is an oop: java.util.concurrent.ConcurrentHashMap$Node 
{0x0000000620fb9d20} - klass: 'java/util/concurrent/ConcurrentHashMap$Node' - flags: 

 - ---- fields (total size 4 words):
 - final 'hash' 'I' @12  1412912320 (0x543754c0)
 - final 'key' 'Ljava/lang/Object;' @16  a 'org/gradle/internal/component/external/model/DefaultConfigurationMetadata'{0x0000000620fb93f0} (0xc41f727e)
 - volatile 'val' 'Ljava/lang/Object;' @20  a 'org/gradle/internal/component/model/DefaultExternalModuleComponentGraphResolveState$DefaultConfigurationGraphResolveState'{0x000000061b5cf280} (0xc36b9e50)
 - volatile 'next' 'Ljava/util/concurrent/ConcurrentHashMap$Node;' @24  null (0x00000000)
R8 =0x0000000000000148 is an unknown value
R9 =0x0000000000000148 is an unknown value
R10=0x00007ff8025c0000 VCRUNTIME140.dll
R11=0x0000008daddff3d0 points into unknown readable memory: 0x0000000000000040 | 40 00 00 00 00 00 00 00
R12=0x0 is null
R13=0x000000000000002f is an unknown value
R14=0x000000000000429a is an unknown value
R15=0x0000000000000040 is an unknown value

Top of Stack: (sp=0x0000008daddff400)
0x0000008daddff400:   0000000000004288 0000008daddff480   .B..............
0x0000008daddff410:   0000026818372840 0000026848d64a30   @(7.h...0J.Hh...
0x0000008daddff420:   0000026846780740 00000268467702e0   @.xFh.....wFh...
0x0000008daddff430:   0000026818372010 0000000000000090   . 7.h...........
0x0000008daddff440:   0000026820000001 0000000000000000   ... h...........
0x0000008daddff450:   0000026846770001 00000268467702a4   ..wFh.....wFh...
0x0000008daddff460:   0000000000000000 0000000000000000   ................
0x0000008daddff470:   0000000000000001 0000000000000010   ................
0x0000008daddff480:   0000000000000001 0000000000000000   ................
0x0000008daddff490:   0000fe010000fe01 0000026808366080   .........`6.h...
0x0000008daddff4a0:   0000008daddffe01 00007ffefe276a97   .........j'.....
0x0000008daddff4b0:   000000060bcb6b44 00007ffefe276a97   Dk.......j'.....
0x0000008daddff4c0:   000000060bcb6c00 00007ffefe6250cf   .l.......Pb.....
0x0000008daddff4d0:   0000008daddff550 00007ffefe277a4d   P.......Mz'.....
0x0000008daddff4e0:   000000060bcb6c00 00007ffefe2794ab   .l........'.....
0x0000008daddff4f0:   00000268469f7ea0 0000008daddff730   .~.Fh...0.......
0x0000008daddff500:   000000000000002f 000000060bcb6c00   /........l......
0x0000008daddff510:   0000000000000002 0000026818372840   ........@(7.h...
0x0000008daddff520:   0000008daddff730 00007ffefe26d88e   0.........&.....
0x0000008daddff530:   000000060bcb6c00 000000060bcb6c00   .l.......l......
0x0000008daddff540:   000000060b000000 0000000000000080   ................
0x0000008daddff550:   0000000011392903 0000000000000000   .)9.............
0x0000008daddff560:   000000000000002f 0000008daddff630   /.......0.......
0x0000008daddff570:   0000026877a9d970 00007ffefe27ce3c   p..wh...<.'.....
0x0000008daddff580:   000000000000002f 0000026877a9d970   /.......p..wh...
0x0000008daddff590:   0000008daddff730 0000000000000000   0...............
0x0000008daddff5a0:   0000026805375020 00007ffefe27fee2    P7.h.....'.....
0x0000008daddff5b0:   000000060bcb6800 0000000000000080   .h..............
0x0000008daddff5c0:   00007ffefe9b2cd0 0000000000000000   .,..............
0x0000008daddff5d0:   0000026848d59cc0 0000026818372840   ...Hh...@(7.h...
0x0000008daddff5e0:   0000008daddff780 00007ffefe6250cf   .........Pb.....
0x0000008daddff5f0:   000002686e8ee5b6 00007ffefe27cbf5   ...nh.....'.....

Instructions: (pc=0x00007ffefe27176c)
  0x00007ffefe27166c:   bb b0 01 00 00 48 8b 73 10 44 8b b6 80 00 00 00
  0x00007ffefe27167c:   41 8b ce 8b 86 00 01 00 00 2b c8 81 e1 ff ff 01
  0x00007ffefe27168c:   00 41 3b cf 0f 86 19 03 00 00 41 ff ce 41 81 e6
  0x00007ffefe27169c:   ff ff 01 00 44 89 b6 80 00 00 00 e8 94 9c 3a 00
  0x00007ffefe2716ac:   90 41 8b d6 48 8b 86 80 01 00 00 41 8b ce 4a 8b
  0x00007ffefe2716bc:   3c f0 8b 86 00 01 00 00 2b c8 81 e1 ff ff 01 00
  0x00007ffefe2716cc:   81 f9 ff ff 01 00 41 0f 44 cc 85 c9 75 3d 90 44
  0x00007ffefe2716dc:   89 75 17 48 8b 86 00 01 00 00 48 8b c8 48 c1 e9
  0x00007ffefe2716ec:   20 ff c1 89 4d 1b 44 3b f0 0f 85 a3 02 00 00 48
  0x00007ffefe2716fc:   c1 e1 20 48 0b ca f0 48 0f b1 8e 00 01 00 00 0f
  0x00007ffefe27170c:   85 8d 02 00 00 8b 86 00 01 00 00 40 f6 c7 01 0f
  0x00007ffefe27171c:   84 5a 01 00 00 8b 0d 21 b5 9a 00 48 ff cf 48 8b
  0x00007ffefe27172c:   53 08 44 8b 07 49 d3 e0 8b 8a 80 06 00 00 4c 03
  0x00007ffefe27173c:   05 ff b4 9a 00 48 8b 92 70 06 00 00 49 8b c0 48
  0x00007ffefe27174c:   d3 e8 48 8d 0c 40 0f b7 04 0a 66 89 45 77 0f b6
  0x00007ffefe27175c:   44 0a 02 88 45 79 44 38 65 78 0f 8c 05 ff ff ff
=>0x00007ffefe27176c:   4d 8b 08 41 0f b6 c1 24 07 3c 03 72 14 41 0f b6
  0x00007ffefe27177c:   c1 c0 e8 02 a8 01 75 27 4d 8b c1 49 83 e0 fc eb
  0x00007ffefe27178c:   1e 0f b7 45 77 48 8d 55 b7 66 89 45 b7 48 8b cb
  0x00007ffefe27179c:   0f b6 45 79 88 45 b9 e8 f8 e6 ff ff 4c 8b c0 8b
  0x00007ffefe2717ac:   0d 97 b4 9a 00 49 8b c0 48 2b 05 85 b4 9a 00 48
  0x00007ffefe2717bc:   d3 e8 89 07 49 8b c0 8b 0d 47 4d 9b 00 48 33 c7
  0x00007ffefe2717cc:   48 d3 e8 48 85 c0 0f 84 99 fe ff ff 48 8b 43 08
  0x00007ffefe2717dc:   48 8b d7 8b 88 80 06 00 00 4c 8b 88 70 06 00 00
  0x00007ffefe2717ec:   48 d3 ea 49 8d 04 51 48 03 d0 0f b7 02 66 89 45
  0x00007ffefe2717fc:   c7 80 7d c8 fe 0f b6 42 02 88 45 c9 0f 84 63 fe
  0x00007ffefe27180c:   ff ff 49 d3 e8 4b 8d 0c 41 42 0f b7 04 01 66 89
  0x00007ffefe27181c:   45 cb 42 0f b6 44 01 02 88 45 cd 44 38 65 cc 7c
  0x00007ffefe27182c:   3d 48 8b 43 58 8b 0d 61 71 9a 00 48 d3 ef 48 03
  0x00007ffefe27183c:   78 30 48 8b 50 28 48 2b fa 48 39 bb b0 01 00 00
  0x00007ffefe27184c:   0f 84 1f fe ff ff 48 03 d7 48 8d 4b 18 e8 32 40
  0x00007ffefe27185c:   00 00 48 ff 83 88 02 00 00 e9 00 fe ff ff 42 0f


Stack slot to memory mapping:

stack at sp + 0 slots: 0x0000000000004288 is an unknown value
stack at sp + 1 slots: 0x0000008daddff480 points into unknown readable memory: 0x0000000000000001 | 01 00 00 00 00 00 00 00
stack at sp + 2 slots: 0x0000026818372840 points into unknown readable memory: 0x00007ffefe9b1d60 | 60 1d 9b fe fe 7f 00 00
stack at sp + 3 slots: 0x0000026848d64a30 points into unknown readable memory: 0x0000000000000000 | 00 00 00 00 00 00 00 00
stack at sp + 4 slots: 0x0000026846780740 points into unknown readable memory: 0x0000026846771050 | 50 10 77 46 68 02 00 00
stack at sp + 5 slots: 0x00000268467702e0 points into unknown readable memory: 0x01100011010f0010 | 10 00 0f 01 11 00 10 01
stack at sp + 6 slots: 0x0000026818372010 points into unknown readable memory: 0x00000268201c1450 | 50 14 1c 20 68 02 00 00
stack at sp + 7 slots: 0x0000000000000090 is an unknown value


---------------  P R O C E S S  ---------------

Threads class SMR info:
_java_thread_list=0x000002680eb1cb70, length=418, elements={
0x0000026848d49590, 0x000002680405a580, 0x0000026804093720, 0x000002680406bf00,
0x000002680407a040, 0x000002680407a800, 0x000002680406e6d0, 0x0000026804093ee0,
0x00000268040986c0, 0x00000268040ccf00, 0x000002680417e9e0, 0x000002680445f760,
0x00000268050a6780, 0x00000268050a6f50, 0x0000026804073d00, 0x00000268077cd7d0,
0x00000268077cdfa0, 0x00000268077d06b0, 0x00000268077d1650, 0x00000268077ce770,
0x00000268077d2dc0, 0x00000268077d4d00, 0x00000268077a6af0, 0x00000268079fa890,
0x00000268079f8950, 0x00000268079fb060, 0x00000268079ffe80, 0x00000268079ff6b0,
0x00000268079fdf40, 0x00000268050a9660, 0x000002680406fe80, 0x00000268057ea6d0,
0x00000268057edf40, 0x000002680810eea0, 0x000002680810fe40, 0x0000026809246bf0,
0x000002681eabb7c0, 0x000002681eaba050, 0x000002681eabbf90, 0x000002681eab88e0,
0x000002681eabd700, 0x000002681eabded0, 0x00000268092473c0, 0x0000026806a743e0,
0x0000026806a71cd0, 0x0000026806a72c70, 0x0000026806a73440, 0x0000026806a71500,
0x0000026806a75b50, 0x0000026806a78260, 0x0000026806a77a90, 0x0000026806a78a30,
0x0000026806a7a1a0, 0x0000026806a7a970, 0x0000026806a7d850, 0x0000026806a7e020,
0x0000026806a7b140, 0x0000026806a7efc0, 0x0000026806a7c0e0, 0x0000026807a6f310,
0x0000026807a6d3d0, 0x0000026807a6cc00, 0x0000026807a6bc60, 0x0000026807a70a80,
0x0000026807a71250, 0x0000026807a721f0, 0x0000026807a73960, 0x0000026807a76070,
0x0000026807a729c0, 0x0000026807a77010, 0x0000026807a777e0, 0x0000026807a77fb0,
0x0000026807a79ef0, 0x0000026807a7a6c0, 0x0000026807fe7080, 0x0000026807fe8020,
0x0000026807fe68b0, 0x0000026807fe9790, 0x0000026807febea0, 0x0000026807fedde0,
0x0000026807fed610, 0x0000026807fea730, 0x0000026807fee5b0, 0x0000026807ff2430,
0x0000026807ff1490, 0x0000026807ff2c00, 0x0000026807fef550, 0x0000026807fefd20,
0x0000026807ff04f0, 0x0000026807ff4b40, 0x0000026806576760, 0x0000026806576f30,
0x0000026806573880, 0x0000026806574050, 0x0000026806574820, 0x0000026806578e70,
0x0000026806579640, 0x00000268065786a0, 0x000002680657adb0, 0x000002680657b580,
0x000002680657ec30, 0x000002680657f400, 0x000002680657fbd0, 0x0000026806581340,
0x0000026806580b70, 0x00000268065822e0, 0x0000026809243540, 0x000002680697c1b0,
0x000002680697f090, 0x000002680697d150, 0x000002680697e0f0, 0x0000026806980fd0,
0x00000268069817a0, 0x0000026806981f70, 0x000002680697f860, 0x0000026806980030,
0x0000026806986d90, 0x0000026806985620, 0x0000026806984e50, 0x0000026806987560,
0x0000026806988cd0, 0x0000026806985df0, 0x000002680698b3e0, 0x000002680698a440,
0x000002680698bbb0, 0x0000026806989c70, 0x0000026806992140, 0x00000268069938b0,
0x0000026806994850, 0x0000026806995fc0, 0x0000026806995020, 0x00000268069957f0,
0x0000026806996790, 0x0000026806997f00, 0x0000026806998ea0, 0x00000268069986d0,
0x000002680699ade0, 0x0000026808112550, 0x000002680eab2fb0, 0x000002680eab1070,
0x000002680eab1840, 0x000002680eab08a0, 0x000002680eab6e30, 0x000002680eab7600,
0x000002680eab6660, 0x000002680eabc420, 0x000002680eaba4e0, 0x000002680eabcbf0,
0x000002680eab9540, 0x000002680eab9d10, 0x000002680eac0a70, 0x000002680eabf300,
0x000002680eabdb90, 0x000002680eac1a10, 0x000002680eac21e0, 0x000002680eac3180,
0x000002680eac48f0, 0x000002680eac5890, 0x000002680eac8f40, 0x000002680eac9710,
0x000002680eac9ee0, 0x000002680eaca6b0, 0x000002680eacae80, 0x000002680eacdd60,
0x000002680eacc5f0, 0x000002680eaccdc0, 0x000002680eacd590, 0x000002681f0ec5d0,
0x000002681f0eece0, 0x000002681f0eb630, 0x000002681f0edd40, 0x000002681f0ef4b0,
0x000002681f0f1bc0, 0x000002681f0f0c20, 0x000002681f0f13f0, 0x000002681f0f3330,
0x000002681f0f6210, 0x000002681f0f69e0, 0x000002681f0f5270, 0x000002681f0f5a40,
0x000002681f0f42d0, 0x000002681f0f8150, 0x000002681f0fa090, 0x000002681f0f98c0,
0x000002681e8d2700, 0x000002681e8d36a0, 0x000002681e8d1f30, 0x000002681432a550,
0x000002681432dc00, 0x000002681432cc60, 0x000002681432b4f0, 0x000002681432ad20,
0x000002681432c490, 0x000002681432d430, 0x000002681432bcc0, 0x000002680f17de40,
0x000002680f17c6d0, 0x000002680f17a790, 0x000002681f6d50e0, 0x000002681f6d58b0,
0x000002680ef838a0, 0x000002680ef82900, 0x000002680ef81960, 0x000002680ef801f0,
0x000002680ef809c0, 0x000002680f358680, 0x000002680f358e50, 0x000002680f357eb0,
0x000002680f359620, 0x000002680ef40780, 0x000002680ef40f50, 0x000002680ef41720,
0x000002680ef426c0, 0x000002680ef43660, 0x000002680ef41ef0, 0x000002680ef42e90,
0x000002680ef43e30, 0x00000268140113a0, 0x000002681400fc30, 0x000002681400dcf0,
0x000002681f11c1d0, 0x000002681f65f430, 0x000002680f17ff10, 0x00000268099999a0,
0x000002680999a170, 0x000002681eb6fc30, 0x000002680e8f3e90, 0x000002680e8f4660,
0x000002680f355ea0, 0x0000026814077880, 0x0000026814078820, 0x00000268141fa830,
0x00000268140797c0, 0x000002680ef38ee0, 0x000002680ef39e80, 0x000002680ef3a650,
0x000002680ef3ae20, 0x000002680ef38710, 0x000002680ef3b5f0, 0x000002680ef3bdc0,
0x000002680f9300a0, 0x000002680f931fe0, 0x000002680f92f100, 0x000002680f9327b0,
0x000002680f931810, 0x000002680f931040, 0x000002680f92f8d0, 0x000002680f930870,
0x000002680ef396b0, 0x000002680f3f9b80, 0x000002680f3f8410, 0x000002680f3f6ca0,
0x000002680f3f7470, 0x000002680f3f7c40, 0x000002680f3fa350, 0x000002680f3f8be0,
0x000002680f3f93b0, 0x000002680f505510, 0x000002680f5035d0, 0x000002680f502630,
0x000002680f501e60, 0x000002680f503da0, 0x000002680ef3c720, 0x00000268140067f0,
0x0000026814005850, 0x0000026814006fc0, 0x0000026814007790, 0x0000026814005080,
0x0000026814403f20, 0x0000026814406e00, 0x0000026814406630, 0x0000026814404ec0,
0x000002680999a940, 0x000002681418dc80, 0x000002681418ec20, 0x000002681418b570,
0x000002681418bd40, 0x000002680eb08060, 0x000002680ddf8ee0, 0x000002680ddf7770,
0x000002680ddf7f40, 0x0000026809a98830, 0x0000026809a997d0, 0x0000026809a970c0,
0x0000026809a99fa0, 0x0000026809a97890, 0x0000026809a9a770, 0x0000026809a98060,
0x0000026809a99000, 0x000002680ddbf770, 0x000002680ddbd830, 0x000002680ddbe7d0,
0x000002680ddbe000, 0x0000026814619870, 0x00000268146188d0, 0x00000268146190a0,
0x000002681461a040, 0x00000268143c1bf0, 0x00000268143c4300, 0x00000268143c23c0,
0x00000268143c4ad0, 0x00000268143c1420, 0x00000268143c2b90, 0x00000268143c3360,
0x00000268143c3b30, 0x000002680959afa0, 0x000002680959a000, 0x000002680959a7d0,
0x0000026809599060, 0x000002680959b770, 0x0000026809598890, 0x0000026809599830,
0x00000268095980c0, 0x0000026814419d10, 0x0000026814417dd0, 0x00000268144185a0,
0x0000026814417600, 0x0000026814418d70, 0x0000026814419540, 0x000002681441a4e0,
0x0000026814416e30, 0x000002681434e0f0, 0x000002681434f860, 0x0000026814350030,
0x000002680f356e40, 0x00000268143cb5d0, 0x00000268143cbda0, 0x000002680f1204e0,
0x0000026817854d50, 0x0000026817854580, 0x0000026817855520, 0x0000026817852640,
0x0000026817851e70, 0x0000026817852e10, 0x00000268178535e0, 0x0000026817853db0,
0x0000026815308f90, 0x0000026817a4bd10, 0x0000026817a4b540, 0x0000026817a49dd0,
0x0000026817a48e30, 0x0000026817a4a5a0, 0x0000026817a4c4e0, 0x0000026817a49600,
0x0000026817a4ad70, 0x00000268179ff590, 0x00000268179fe5f0, 0x0000026817a00530,
0x000002681f8f17b0, 0x000002681f8f2750, 0x000002681f8f3ec0, 0x000002681f8f4e60,
0x0000026819a82570, 0x0000026819a83ce0, 0x0000026819a83510, 0x0000026819a84c80,
0x0000026819a82d40, 0x0000026819a844b0, 0x0000026819a815d0, 0x0000026819a81da0,
0x000002680ec82050, 0x000002681794e8e0, 0x0000026817950820, 0x000002681794f0b0,
0x0000026817a00d00, 0x00000268179fde20, 0x000002681eeb9ad0, 0x000002681eebb240,
0x000002681eeba2a0, 0x000002681eebaa70, 0x000002681ff14050, 0x000002681ff13880,
0x000002681ff130b0, 0x0000026815dc0d70, 0x0000026815dc1540, 0x0000026817a04540,
0x0000026817a02600, 0x0000026817a035a0, 0x0000026817a02dd0, 0x0000026817a04d10,
0x0000026817a01660, 0x00000268207754b0, 0x0000026820773d40, 0x00000268207773f0,
0x0000026820774ce0, 0x0000026815bff490, 0x0000026815bffc60, 0x0000026816d77cf0,
0x0000026816d74640, 0x0000026816d77520, 0x0000026816d76580, 0x0000026816d74e10,
0x0000026816d755e0, 0x0000026816d75db0, 0x0000026816d76d50, 0x0000026809783dd0,
0x0000026808415f90, 0x0000026814c83470, 0x000002680ef59c60, 0x000002680ed2fea0,
0x000002680ed2e730, 0x000002680ed2ef00, 0x000002681f711600, 0x00000268209ca2d0,
0x000002680ed2f6d0, 0x0000026817495920, 0x0000026817494980, 0x00000268174941b0,
0x0000026817492270, 0x00000268174939e0, 0x0000026817492a40, 0x0000026817493210,
0x0000026817495150, 0x0000026815d18130, 0x0000026815d18900, 0x0000026815d1b7e0,
0x0000026815d190d0, 0x00000268217c2500
}

Java Threads: ( => current thread )
  0x0000026848d49590 JavaThread "main"                              [_thread_blocked, id=39928, stack(0x0000008dabf00000,0x0000008dac000000) (1024K)]
  0x000002680405a580 JavaThread "Common-Cleaner"             daemon [_thread_blocked, id=37200, stack(0x0000008dac700000,0x0000008dac800000) (1024K)]
  0x0000026804093720 JavaThread "Reference Handler"          daemon [_thread_blocked, id=40092, stack(0x0000008dac800000,0x0000008dac900000) (1024K)]
  0x000002680406bf00 JavaThread "Finalizer"                  daemon [_thread_blocked, id=9988, stack(0x0000008dac900000,0x0000008daca00000) (1024K)]
  0x000002680407a040 JavaThread "Signal Dispatcher"          daemon [_thread_blocked, id=21940, stack(0x0000008daca00000,0x0000008dacb00000) (1024K)]
  0x000002680407a800 JavaThread "Attach Listener"            daemon [_thread_blocked, id=27676, stack(0x0000008dacb00000,0x0000008dacc00000) (1024K)]
  0x000002680406e6d0 JavaThread "Service Thread"             daemon [_thread_blocked, id=36884, stack(0x0000008dacc00000,0x0000008dacd00000) (1024K)]
  0x0000026804093ee0 JavaThread "Monitor Deflation Thread"   daemon [_thread_blocked, id=38948, stack(0x0000008dacd00000,0x0000008dace00000) (1024K)]
  0x00000268040986c0 JavaThread "C2 CompilerThread0"         daemon [_thread_blocked, id=35544, stack(0x0000008dace00000,0x0000008dacf00000) (1024K)]
  0x00000268040ccf00 JavaThread "C1 CompilerThread0"         daemon [_thread_blocked, id=18576, stack(0x0000008dacf00000,0x0000008dad000000) (1024K)]
  0x000002680417e9e0 JavaThread "C1 CompilerThread1"         daemon [_thread_blocked, id=19512, stack(0x0000008dad000000,0x0000008dad100000) (1024K)]
  0x000002680445f760 JavaThread "Notification Thread"        daemon [_thread_blocked, id=12156, stack(0x0000008dad100000,0x0000008dad200000) (1024K)]
  0x00000268050a6780 JavaThread "Daemon health stats"               [_thread_blocked, id=42352, stack(0x0000008dad400000,0x0000008dad500000) (1024K)]
  0x00000268050a6f50 JavaThread "Incoming local TCP Connector on port 57619"        [_thread_in_native, id=23840, stack(0x0000008dae400000,0x0000008dae500000) (1024K)]
  0x0000026804073d00 JavaThread "Daemon periodic checks"            [_thread_blocked, id=5824, stack(0x0000008dae500000,0x0000008dae600000) (1024K)]
  0x00000268077cd7d0 JavaThread "Daemon"                            [_thread_blocked, id=43852, stack(0x0000008dae600000,0x0000008dae700000) (1024K)]
  0x00000268077cdfa0 JavaThread "Handler for socket connection from /127.0.0.1:57619 to /127.0.0.1:57620"        [_thread_in_native, id=37288, stack(0x0000008dae700000,0x0000008dae800000) (1024K)]
  0x00000268077d06b0 JavaThread "Cancel handler"                    [_thread_blocked, id=42308, stack(0x0000008dae800000,0x0000008dae900000) (1024K)]
  0x00000268077d1650 JavaThread "Daemon worker"                     [_thread_blocked, id=41360, stack(0x0000008dae900000,0x0000008daea00000) (1024K)]
  0x00000268077ce770 JavaThread "Asynchronous log dispatcher for DefaultDaemonConnection: socket connection from /127.0.0.1:57619 to /127.0.0.1:57620"        [_thread_blocked, id=22224, stack(0x0000008daea00000,0x0000008daeb00000) (1024K)]
  0x00000268077d2dc0 JavaThread "Stdin handler"                     [_thread_blocked, id=40004, stack(0x0000008daeb00000,0x0000008daec00000) (1024K)]
  0x00000268077d4d00 JavaThread "Daemon client event forwarder"        [_thread_blocked, id=41472, stack(0x0000008daec00000,0x0000008daed00000) (1024K)]
  0x00000268077a6af0 JavaThread "Cache worker for journal cache (C:\Users\Lambert 2\.gradle\caches\journal-1)"        [_thread_blocked, id=38736, stack(0x0000008dafc00000,0x0000008dafd00000) (1024K)]
  0x00000268079fa890 JavaThread "File lock request listener"        [_thread_in_native, id=20896, stack(0x0000008dafd00000,0x0000008dafe00000) (1024K)]
  0x00000268079f8950 JavaThread "Cache worker for file hash cache (C:\Users\Lambert 2\.gradle\caches\9.1.0\fileHashes)"        [_thread_blocked, id=40204, stack(0x0000008dafe00000,0x0000008daff00000) (1024K)]
  0x00000268079fb060 JavaThread "Cache worker for file hash cache (C:\Users\Lambert 2\Desktop\cicloplus_app\android\.gradle\9.1.0\fileHashes)"        [_thread_blocked, id=43368, stack(0x0000008db0000000,0x0000008db0100000) (1024K)]
  0x00000268079ffe80 JavaThread "Cache worker for Build Output Cleanup Cache (C:\Users\Lambert 2\Desktop\cicloplus_app\android\.gradle\buildOutputCleanup)"        [_thread_blocked, id=42976, stack(0x0000008db0100000,0x0000008db0200000) (1024K)]
  0x00000268079ff6b0 JavaThread "File watcher server"        daemon [_thread_in_native, id=35960, stack(0x0000008dad200000,0x0000008dad300000) (1024K)]
  0x00000268079fdf40 JavaThread "File watcher consumer"      daemon [_thread_blocked, id=27628, stack(0x0000008dad300000,0x0000008dad400000) (1024K)]
  0x00000268050a9660 JavaThread "Cache worker for checksums cache (C:\Users\Lambert 2\Desktop\cicloplus_app\android\.gradle\9.1.0\checksums)"        [_thread_blocked, id=41052, stack(0x0000008dad500000,0x0000008dad600000) (1024K)]
  0x000002680406fe80 JavaThread "Cache worker for file content cache (C:\Users\Lambert 2\.gradle\caches\9.1.0\fileContent)"        [_thread_blocked, id=36408, stack(0x0000008dae100000,0x0000008dae200000) (1024K)]
  0x00000268057ea6d0 JavaThread "C1 CompilerThread2"         daemon [_thread_blocked, id=30204, stack(0x0000008dae300000,0x0000008dae400000) (1024K)]
  0x00000268057edf40 JavaThread "C1 CompilerThread3"         daemon [_thread_blocked, id=20856, stack(0x0000008db0200000,0x0000008db0300000) (1024K)]
  0x000002680810eea0 JavaThread "Cache worker for cache directory md-supplier (C:\Users\Lambert 2\.gradle\caches\9.1.0\md-supplier)"        [_thread_blocked, id=38908, stack(0x0000008db0300000,0x0000008db0400000) (1024K)]
  0x000002680810fe40 JavaThread "Cache worker for cache directory md-rule (C:\Users\Lambert 2\.gradle\caches\9.1.0\md-rule)"        [_thread_blocked, id=38092, stack(0x0000008db0400000,0x0000008db0500000) (1024K)]
  0x0000026809246bf0 JavaThread "Cache worker for Build Output Cleanup Cache (C:\Users\Lambert 2\Desktop\src\flutter\packages\flutter_tools\gradle\.gradle\buildOutputCleanup)"        [_thread_blocked, id=42092, stack(0x0000008db0500000,0x0000008db0600000) (1024K)]
  0x000002681eabb7c0 JavaThread "Unconstrained build operations"        [_thread_blocked, id=26084, stack(0x0000008db0800000,0x0000008db0900000) (1024K)]
  0x000002681eaba050 JavaThread "Unconstrained build operations Thread 2"        [_thread_blocked, id=41020, stack(0x0000008db0a00000,0x0000008db0b00000) (1024K)]
  0x000002681eabbf90 JavaThread "Unconstrained build operations Thread 3"        [_thread_blocked, id=43408, stack(0x0000008db0b00000,0x0000008db0c00000) (1024K)]
  0x000002681eab88e0 JavaThread "Unconstrained build operations Thread 4"        [_thread_blocked, id=3516, stack(0x0000008db0c00000,0x0000008db0d00000) (1024K)]
  0x000002681eabd700 JavaThread "Unconstrained build operations Thread 5"        [_thread_blocked, id=39664, stack(0x0000008db0d00000,0x0000008db0e00000) (1024K)]
  0x000002681eabded0 JavaThread "Unconstrained build operations Thread 6"        [_thread_blocked, id=14736, stack(0x0000008db0e00000,0x0000008db0f00000) (1024K)]
  0x00000268092473c0 JavaThread "Unconstrained build operations Thread 7"        [_thread_blocked, id=37948, stack(0x0000008db0f00000,0x0000008db1000000) (1024K)]
  0x0000026806a743e0 JavaThread "Unconstrained build operations Thread 8"        [_thread_blocked, id=35020, stack(0x0000008db1000000,0x0000008db1100000) (1024K)]
  0x0000026806a71cd0 JavaThread "Unconstrained build operations Thread 9"        [_thread_blocked, id=22360, stack(0x0000008db1100000,0x0000008db1200000) (1024K)]
  0x0000026806a72c70 JavaThread "Unconstrained build operations Thread 10"        [_thread_blocked, id=42240, stack(0x0000008db1200000,0x0000008db1300000) (1024K)]
  0x0000026806a73440 JavaThread "Unconstrained build operations Thread 11"        [_thread_blocked, id=27912, stack(0x0000008db1300000,0x0000008db1400000) (1024K)]
  0x0000026806a71500 JavaThread "Unconstrained build operations Thread 12"        [_thread_blocked, id=24868, stack(0x0000008db1400000,0x0000008db1500000) (1024K)]
  0x0000026806a75b50 JavaThread "Unconstrained build operations Thread 13"        [_thread_blocked, id=40920, stack(0x0000008db1500000,0x0000008db1600000) (1024K)]
  0x0000026806a78260 JavaThread "Unconstrained build operations Thread 14"        [_thread_blocked, id=8808, stack(0x0000008db1600000,0x0000008db1700000) (1024K)]
  0x0000026806a77a90 JavaThread "Unconstrained build operations Thread 15"        [_thread_blocked, id=22732, stack(0x0000008db1700000,0x0000008db1800000) (1024K)]
  0x0000026806a78a30 JavaThread "Unconstrained build operations Thread 16"        [_thread_blocked, id=40296, stack(0x0000008db1800000,0x0000008db1900000) (1024K)]
  0x0000026806a7a1a0 JavaThread "Unconstrained build operations Thread 17"        [_thread_blocked, id=20556, stack(0x0000008db1900000,0x0000008db1a00000) (1024K)]
  0x0000026806a7a970 JavaThread "Unconstrained build operations Thread 18"        [_thread_blocked, id=28340, stack(0x0000008db1a00000,0x0000008db1b00000) (1024K)]
  0x0000026806a7d850 JavaThread "Unconstrained build operations Thread 19"        [_thread_blocked, id=604, stack(0x0000008db1b00000,0x0000008db1c00000) (1024K)]
  0x0000026806a7e020 JavaThread "Unconstrained build operations Thread 20"        [_thread_blocked, id=42972, stack(0x0000008db1c00000,0x0000008db1d00000) (1024K)]
  0x0000026806a7b140 JavaThread "Unconstrained build operations Thread 21"        [_thread_blocked, id=38012, stack(0x0000008db1d00000,0x0000008db1e00000) (1024K)]
  0x0000026806a7efc0 JavaThread "Unconstrained build operations Thread 22"        [_thread_blocked, id=35480, stack(0x0000008db1e00000,0x0000008db1f00000) (1024K)]
  0x0000026806a7c0e0 JavaThread "Unconstrained build operations Thread 23"        [_thread_blocked, id=7100, stack(0x0000008db1f00000,0x0000008db2000000) (1024K)]
  0x0000026807a6f310 JavaThread "Unconstrained build operations Thread 24"        [_thread_blocked, id=19948, stack(0x0000008db2000000,0x0000008db2100000) (1024K)]
  0x0000026807a6d3d0 JavaThread "Unconstrained build operations Thread 25"        [_thread_blocked, id=39408, stack(0x0000008db2100000,0x0000008db2200000) (1024K)]
  0x0000026807a6cc00 JavaThread "Unconstrained build operations Thread 26"        [_thread_blocked, id=41636, stack(0x0000008db2200000,0x0000008db2300000) (1024K)]
  0x0000026807a6bc60 JavaThread "Unconstrained build operations Thread 27"        [_thread_blocked, id=37824, stack(0x0000008db2300000,0x0000008db2400000) (1024K)]
  0x0000026807a70a80 JavaThread "Unconstrained build operations Thread 28"        [_thread_blocked, id=37636, stack(0x0000008db2400000,0x0000008db2500000) (1024K)]
  0x0000026807a71250 JavaThread "Unconstrained build operations Thread 29"        [_thread_blocked, id=22556, stack(0x0000008db2500000,0x0000008db2600000) (1024K)]
  0x0000026807a721f0 JavaThread "Unconstrained build operations Thread 30"        [_thread_blocked, id=30768, stack(0x0000008db2600000,0x0000008db2700000) (1024K)]
  0x0000026807a73960 JavaThread "Unconstrained build operations Thread 31"        [_thread_blocked, id=36196, stack(0x0000008db2700000,0x0000008db2800000) (1024K)]
  0x0000026807a76070 JavaThread "Unconstrained build operations Thread 32"        [_thread_blocked, id=40596, stack(0x0000008db2800000,0x0000008db2900000) (1024K)]
  0x0000026807a729c0 JavaThread "Unconstrained build operations Thread 33"        [_thread_blocked, id=43452, stack(0x0000008db2900000,0x0000008db2a00000) (1024K)]
  0x0000026807a77010 JavaThread "Unconstrained build operations Thread 34"        [_thread_blocked, id=23392, stack(0x0000008db2a00000,0x0000008db2b00000) (1024K)]
  0x0000026807a777e0 JavaThread "Unconstrained build operations Thread 35"        [_thread_blocked, id=28076, stack(0x0000008db2b00000,0x0000008db2c00000) (1024K)]
  0x0000026807a77fb0 JavaThread "Unconstrained build operations Thread 36"        [_thread_blocked, id=41708, stack(0x0000008db2c00000,0x0000008db2d00000) (1024K)]
  0x0000026807a79ef0 JavaThread "Unconstrained build operations Thread 37"        [_thread_blocked, id=38256, stack(0x0000008db2d00000,0x0000008db2e00000) (1024K)]
  0x0000026807a7a6c0 JavaThread "Unconstrained build operations Thread 38"        [_thread_blocked, id=15272, stack(0x0000008db2e00000,0x0000008db2f00000) (1024K)]
  0x0000026807fe7080 JavaThread "Unconstrained build operations Thread 39"        [_thread_blocked, id=15200, stack(0x0000008db2f00000,0x0000008db3000000) (1024K)]
  0x0000026807fe8020 JavaThread "Unconstrained build operations Thread 40"        [_thread_blocked, id=24048, stack(0x0000008db3000000,0x0000008db3100000) (1024K)]
  0x0000026807fe68b0 JavaThread "Unconstrained build operations Thread 41"        [_thread_blocked, id=43484, stack(0x0000008db3100000,0x0000008db3200000) (1024K)]
  0x0000026807fe9790 JavaThread "Unconstrained build operations Thread 42"        [_thread_blocked, id=39068, stack(0x0000008db3200000,0x0000008db3300000) (1024K)]
  0x0000026807febea0 JavaThread "Unconstrained build operations Thread 43"        [_thread_blocked, id=38852, stack(0x0000008db3300000,0x0000008db3400000) (1024K)]
  0x0000026807fedde0 JavaThread "Unconstrained build operations Thread 44"        [_thread_blocked, id=1512, stack(0x0000008db3400000,0x0000008db3500000) (1024K)]
  0x0000026807fed610 JavaThread "Unconstrained build operations Thread 45"        [_thread_blocked, id=2772, stack(0x0000008db3500000,0x0000008db3600000) (1024K)]
  0x0000026807fea730 JavaThread "Unconstrained build operations Thread 46"        [_thread_blocked, id=37000, stack(0x0000008db3600000,0x0000008db3700000) (1024K)]
  0x0000026807fee5b0 JavaThread "Unconstrained build operations Thread 47"        [_thread_blocked, id=34960, stack(0x0000008db3700000,0x0000008db3800000) (1024K)]
  0x0000026807ff2430 JavaThread "Unconstrained build operations Thread 48"        [_thread_blocked, id=39616, stack(0x0000008db3800000,0x0000008db3900000) (1024K)]
  0x0000026807ff1490 JavaThread "Unconstrained build operations Thread 49"        [_thread_blocked, id=36944, stack(0x0000008db3900000,0x0000008db3a00000) (1024K)]
  0x0000026807ff2c00 JavaThread "Unconstrained build operations Thread 50"        [_thread_blocked, id=37884, stack(0x0000008db3a00000,0x0000008db3b00000) (1024K)]
  0x0000026807fef550 JavaThread "Unconstrained build operations Thread 51"        [_thread_blocked, id=35796, stack(0x0000008db3b00000,0x0000008db3c00000) (1024K)]
  0x0000026807fefd20 JavaThread "Unconstrained build operations Thread 52"        [_thread_blocked, id=37132, stack(0x0000008db3c00000,0x0000008db3d00000) (1024K)]
  0x0000026807ff04f0 JavaThread "Unconstrained build operations Thread 53"        [_thread_blocked, id=43516, stack(0x0000008db3d00000,0x0000008db3e00000) (1024K)]
  0x0000026807ff4b40 JavaThread "Unconstrained build operations Thread 54"        [_thread_blocked, id=41684, stack(0x0000008db3e00000,0x0000008db3f00000) (1024K)]
  0x0000026806576760 JavaThread "Unconstrained build operations Thread 55"        [_thread_blocked, id=38752, stack(0x0000008db3f00000,0x0000008db4000000) (1024K)]
  0x0000026806576f30 JavaThread "Unconstrained build operations Thread 56"        [_thread_blocked, id=39832, stack(0x0000008db4000000,0x0000008db4100000) (1024K)]
  0x0000026806573880 JavaThread "Unconstrained build operations Thread 57"        [_thread_blocked, id=19896, stack(0x0000008db4100000,0x0000008db4200000) (1024K)]
  0x0000026806574050 JavaThread "Unconstrained build operations Thread 58"        [_thread_blocked, id=27768, stack(0x0000008db4200000,0x0000008db4300000) (1024K)]
  0x0000026806574820 JavaThread "Unconstrained build operations Thread 59"        [_thread_blocked, id=43716, stack(0x0000008db4300000,0x0000008db4400000) (1024K)]
  0x0000026806578e70 JavaThread "Unconstrained build operations Thread 60"        [_thread_blocked, id=39504, stack(0x0000008db4400000,0x0000008db4500000) (1024K)]
  0x0000026806579640 JavaThread "Unconstrained build operations Thread 61"        [_thread_blocked, id=17736, stack(0x0000008db4500000,0x0000008db4600000) (1024K)]
  0x00000268065786a0 JavaThread "Unconstrained build operations Thread 62"        [_thread_blocked, id=19312, stack(0x0000008db4600000,0x0000008db4700000) (1024K)]
  0x000002680657adb0 JavaThread "Unconstrained build operations Thread 63"        [_thread_blocked, id=26568, stack(0x0000008db4700000,0x0000008db4800000) (1024K)]
  0x000002680657b580 JavaThread "Unconstrained build operations Thread 64"        [_thread_blocked, id=6552, stack(0x0000008db4800000,0x0000008db4900000) (1024K)]
  0x000002680657ec30 JavaThread "Unconstrained build operations Thread 65"        [_thread_blocked, id=22276, stack(0x0000008db4900000,0x0000008db4a00000) (1024K)]
  0x000002680657f400 JavaThread "Unconstrained build operations Thread 66"        [_thread_blocked, id=26920, stack(0x0000008db4a00000,0x0000008db4b00000) (1024K)]
  0x000002680657fbd0 JavaThread "Unconstrained build operations Thread 67"        [_thread_blocked, id=35444, stack(0x0000008db4b00000,0x0000008db4c00000) (1024K)]
  0x0000026806581340 JavaThread "Unconstrained build operations Thread 68"        [_thread_blocked, id=38564, stack(0x0000008db4c00000,0x0000008db4d00000) (1024K)]
  0x0000026806580b70 JavaThread "Unconstrained build operations Thread 69"        [_thread_blocked, id=38216, stack(0x0000008db4d00000,0x0000008db4e00000) (1024K)]
  0x00000268065822e0 JavaThread "Unconstrained build operations Thread 70"        [_thread_blocked, id=7444, stack(0x0000008db4e00000,0x0000008db4f00000) (1024K)]
  0x0000026809243540 JavaThread "Unconstrained build operations Thread 71"        [_thread_blocked, id=39452, stack(0x0000008db4f00000,0x0000008db5000000) (1024K)]
  0x000002680697c1b0 JavaThread "Unconstrained build operations Thread 72"        [_thread_blocked, id=10512, stack(0x0000008db5000000,0x0000008db5100000) (1024K)]
  0x000002680697f090 JavaThread "Unconstrained build operations Thread 73"        [_thread_blocked, id=19344, stack(0x0000008db5100000,0x0000008db5200000) (1024K)]
  0x000002680697d150 JavaThread "Unconstrained build operations Thread 74"        [_thread_blocked, id=3684, stack(0x0000008db5200000,0x0000008db5300000) (1024K)]
  0x000002680697e0f0 JavaThread "Unconstrained build operations Thread 75"        [_thread_blocked, id=38980, stack(0x0000008db5300000,0x0000008db5400000) (1024K)]
  0x0000026806980fd0 JavaThread "Unconstrained build operations Thread 76"        [_thread_blocked, id=27484, stack(0x0000008db5400000,0x0000008db5500000) (1024K)]
  0x00000268069817a0 JavaThread "Unconstrained build operations Thread 77"        [_thread_blocked, id=42484, stack(0x0000008db5500000,0x0000008db5600000) (1024K)]
  0x0000026806981f70 JavaThread "Unconstrained build operations Thread 78"        [_thread_blocked, id=7336, stack(0x0000008db5600000,0x0000008db5700000) (1024K)]
  0x000002680697f860 JavaThread "Unconstrained build operations Thread 79"        [_thread_blocked, id=43920, stack(0x0000008db5700000,0x0000008db5800000) (1024K)]
  0x0000026806980030 JavaThread "Unconstrained build operations Thread 80"        [_thread_blocked, id=8468, stack(0x0000008db5800000,0x0000008db5900000) (1024K)]
  0x0000026806986d90 JavaThread "Unconstrained build operations Thread 81"        [_thread_blocked, id=38460, stack(0x0000008db5900000,0x0000008db5a00000) (1024K)]
  0x0000026806985620 JavaThread "Unconstrained build operations Thread 82"        [_thread_blocked, id=26172, stack(0x0000008db5a00000,0x0000008db5b00000) (1024K)]
  0x0000026806984e50 JavaThread "Unconstrained build operations Thread 83"        [_thread_blocked, id=38136, stack(0x0000008db5b00000,0x0000008db5c00000) (1024K)]
  0x0000026806987560 JavaThread "Unconstrained build operations Thread 84"        [_thread_blocked, id=43992, stack(0x0000008db5c00000,0x0000008db5d00000) (1024K)]
  0x0000026806988cd0 JavaThread "Unconstrained build operations Thread 85"        [_thread_blocked, id=30404, stack(0x0000008db5d00000,0x0000008db5e00000) (1024K)]
  0x0000026806985df0 JavaThread "Unconstrained build operations Thread 86"        [_thread_blocked, id=24708, stack(0x0000008db5e00000,0x0000008db5f00000) (1024K)]
  0x000002680698b3e0 JavaThread "Unconstrained build operations Thread 87"        [_thread_blocked, id=10572, stack(0x0000008db5f00000,0x0000008db6000000) (1024K)]
  0x000002680698a440 JavaThread "Memory manager"                    [_thread_blocked, id=43328, stack(0x0000008db6200000,0x0000008db6300000) (1024K)]
  0x000002680698bbb0 JavaThread "build event listener"              [_thread_blocked, id=37796, stack(0x0000008db6100000,0x0000008db6200000) (1024K)]
  0x0000026806989c70 JavaThread "included builds"                   [_thread_blocked, id=43884, stack(0x0000008db6000000,0x0000008db6100000) (1024K)]
  0x0000026806992140 JavaThread "Execution worker"                  [_thread_blocked, id=41940, stack(0x0000008db6300000,0x0000008db6400000) (1024K)]
  0x00000268069938b0 JavaThread "Execution worker Thread 2"         [_thread_blocked, id=27020, stack(0x0000008db6400000,0x0000008db6500000) (1024K)]
  0x0000026806994850 JavaThread "Execution worker Thread 3"         [_thread_blocked, id=41320, stack(0x0000008db6500000,0x0000008db6600000) (1024K)]
  0x0000026806995fc0 JavaThread "Execution worker Thread 4"         [_thread_blocked, id=25976, stack(0x0000008db6600000,0x0000008db6700000) (1024K)]
  0x0000026806995020 JavaThread "Execution worker Thread 5"         [_thread_blocked, id=37456, stack(0x0000008db6700000,0x0000008db6800000) (1024K)]
  0x00000268069957f0 JavaThread "Execution worker Thread 6"         [_thread_blocked, id=20288, stack(0x0000008db6800000,0x0000008db6900000) (1024K)]
  0x0000026806996790 JavaThread "Execution worker Thread 7"         [_thread_blocked, id=27700, stack(0x0000008db6900000,0x0000008db6a00000) (1024K)]
  0x0000026806997f00 JavaThread "Execution worker Thread 8"         [_thread_blocked, id=37464, stack(0x0000008db6a00000,0x0000008db6b00000) (1024K)]
  0x0000026806998ea0 JavaThread "Execution worker Thread 9"         [_thread_blocked, id=28084, stack(0x0000008db6b00000,0x0000008db6c00000) (1024K)]
  0x00000268069986d0 JavaThread "Execution worker Thread 10"        [_thread_blocked, id=19836, stack(0x0000008db6c00000,0x0000008db6d00000) (1024K)]
  0x000002680699ade0 JavaThread "Execution worker Thread 11"        [_thread_blocked, id=6816, stack(0x0000008db6d00000,0x0000008db6e00000) (1024K)]
  0x0000026808112550 JavaThread "Execution worker Thread 12"        [_thread_blocked, id=41912, stack(0x0000008db6e00000,0x0000008db6f00000) (1024K)]
  0x000002680eab2fb0 JavaThread "Execution worker Thread 13"        [_thread_blocked, id=42768, stack(0x0000008db6f00000,0x0000008db7000000) (1024K)]
  0x000002680eab1070 JavaThread "Execution worker Thread 14"        [_thread_blocked, id=39088, stack(0x0000008db7000000,0x0000008db7100000) (1024K)]
  0x000002680eab1840 JavaThread "Execution worker Thread 15"        [_thread_blocked, id=42628, stack(0x0000008db7100000,0x0000008db7200000) (1024K)]
  0x000002680eab08a0 JavaThread "Execution worker Thread 16"        [_thread_blocked, id=40428, stack(0x0000008db7200000,0x0000008db7300000) (1024K)]
  0x000002680eab6e30 JavaThread "Execution worker Thread 17"        [_thread_blocked, id=40744, stack(0x0000008db7300000,0x0000008db7400000) (1024K)]
  0x000002680eab7600 JavaThread "Execution worker Thread 18"        [_thread_blocked, id=23844, stack(0x0000008db7400000,0x0000008db7500000) (1024K)]
  0x000002680eab6660 JavaThread "Execution worker Thread 19"        [_thread_blocked, id=22772, stack(0x0000008db7500000,0x0000008db7600000) (1024K)]
  0x000002680eabc420 JavaThread "Execution worker Thread 20"        [_thread_blocked, id=40344, stack(0x0000008db7600000,0x0000008db7700000) (1024K)]
  0x000002680eaba4e0 JavaThread "Execution worker Thread 21"        [_thread_blocked, id=39288, stack(0x0000008db7700000,0x0000008db7800000) (1024K)]
  0x000002680eabcbf0 JavaThread "Execution worker Thread 22"        [_thread_blocked, id=2820, stack(0x0000008db7800000,0x0000008db7900000) (1024K)]
  0x000002680eab9540 JavaThread "Execution worker Thread 23"        [_thread_blocked, id=37792, stack(0x0000008db7900000,0x0000008db7a00000) (1024K)]
  0x000002680eab9d10 JavaThread "Execution worker Thread 24"        [_thread_blocked, id=41784, stack(0x0000008db7a00000,0x0000008db7b00000) (1024K)]
  0x000002680eac0a70 JavaThread "Execution worker Thread 25"        [_thread_blocked, id=3792, stack(0x0000008db7b00000,0x0000008db7c00000) (1024K)]
  0x000002680eabf300 JavaThread "Execution worker Thread 26"        [_thread_blocked, id=28348, stack(0x0000008db7c00000,0x0000008db7d00000) (1024K)]
  0x000002680eabdb90 JavaThread "Execution worker Thread 27"        [_thread_blocked, id=3760, stack(0x0000008db7d00000,0x0000008db7e00000) (1024K)]
  0x000002680eac1a10 JavaThread "Execution worker Thread 28"        [_thread_blocked, id=18504, stack(0x0000008db7e00000,0x0000008db7f00000) (1024K)]
  0x000002680eac21e0 JavaThread "Execution worker Thread 29"        [_thread_blocked, id=37916, stack(0x0000008db7f00000,0x0000008db8000000) (1024K)]
  0x000002680eac3180 JavaThread "Execution worker Thread 30"        [_thread_blocked, id=38308, stack(0x0000008db8000000,0x0000008db8100000) (1024K)]
  0x000002680eac48f0 JavaThread "Execution worker Thread 31"        [_thread_blocked, id=29356, stack(0x0000008db8100000,0x0000008db8200000) (1024K)]
  0x000002680eac5890 JavaThread "Cache worker for execution history cache (C:\Users\Lambert 2\Desktop\src\flutter\packages\flutter_tools\gradle\.gradle\9.1.0\executionHistory)"        [_thread_blocked, id=3388, stack(0x0000008db8200000,0x0000008db8300000) (1024K)]
  0x000002680eac8f40 JavaThread "Unconstrained build operations Thread 88"        [_thread_blocked, id=4172, stack(0x0000008db8300000,0x0000008db8400000) (1024K)]
  0x000002680eac9710 JavaThread "Unconstrained build operations Thread 89"        [_thread_blocked, id=31676, stack(0x0000008db8400000,0x0000008db8500000) (1024K)]
  0x000002680eac9ee0 JavaThread "Unconstrained build operations Thread 90"        [_thread_blocked, id=27004, stack(0x0000008db8500000,0x0000008db8600000) (1024K)]
  0x000002680eaca6b0 JavaThread "Unconstrained build operations Thread 91"        [_thread_blocked, id=41728, stack(0x0000008db8600000,0x0000008db8700000) (1024K)]
  0x000002680eacae80 JavaThread "Unconstrained build operations Thread 92"        [_thread_blocked, id=43480, stack(0x0000008db8700000,0x0000008db8800000) (1024K)]
  0x000002680eacdd60 JavaThread "Unconstrained build operations Thread 93"        [_thread_blocked, id=37596, stack(0x0000008db8800000,0x0000008db8900000) (1024K)]
  0x000002680eacc5f0 JavaThread "Unconstrained build operations Thread 94"        [_thread_blocked, id=31716, stack(0x0000008db8900000,0x0000008db8a00000) (1024K)]
  0x000002680eaccdc0 JavaThread "Unconstrained build operations Thread 95"        [_thread_blocked, id=24452, stack(0x0000008db8a00000,0x0000008db8b00000) (1024K)]
  0x000002680eacd590 JavaThread "Unconstrained build operations Thread 96"        [_thread_blocked, id=34608, stack(0x0000008db8b00000,0x0000008db8c00000) (1024K)]
  0x000002681f0ec5d0 JavaThread "Unconstrained build operations Thread 97"        [_thread_blocked, id=4936, stack(0x0000008db8c00000,0x0000008db8d00000) (1024K)]
  0x000002681f0eece0 JavaThread "Unconstrained build operations Thread 98"        [_thread_blocked, id=13928, stack(0x0000008db8d00000,0x0000008db8e00000) (1024K)]
  0x000002681f0eb630 JavaThread "Unconstrained build operations Thread 99"        [_thread_blocked, id=24484, stack(0x0000008db8e00000,0x0000008db8f00000) (1024K)]
  0x000002681f0edd40 JavaThread "Unconstrained build operations Thread 100"        [_thread_blocked, id=24636, stack(0x0000008db8f00000,0x0000008db9000000) (1024K)]
  0x000002681f0ef4b0 JavaThread "Unconstrained build operations Thread 101"        [_thread_blocked, id=41904, stack(0x0000008db9000000,0x0000008db9100000) (1024K)]
  0x000002681f0f1bc0 JavaThread "Unconstrained build operations Thread 102"        [_thread_blocked, id=27032, stack(0x0000008db9100000,0x0000008db9200000) (1024K)]
  0x000002681f0f0c20 JavaThread "Unconstrained build operations Thread 103"        [_thread_blocked, id=41192, stack(0x0000008db9200000,0x0000008db9300000) (1024K)]
  0x000002681f0f13f0 JavaThread "Unconstrained build operations Thread 104"        [_thread_blocked, id=41176, stack(0x0000008db9300000,0x0000008db9400000) (1024K)]
  0x000002681f0f3330 JavaThread "Unconstrained build operations Thread 105"        [_thread_blocked, id=43132, stack(0x0000008db9400000,0x0000008db9500000) (1024K)]
  0x000002681f0f6210 JavaThread "Unconstrained build operations Thread 106"        [_thread_blocked, id=43404, stack(0x0000008db9500000,0x0000008db9600000) (1024K)]
  0x000002681f0f69e0 JavaThread "Unconstrained build operations Thread 107"        [_thread_blocked, id=21380, stack(0x0000008db9600000,0x0000008db9700000) (1024K)]
  0x000002681f0f5270 JavaThread "Unconstrained build operations Thread 108"        [_thread_blocked, id=13796, stack(0x0000008db9700000,0x0000008db9800000) (1024K)]
  0x000002681f0f5a40 JavaThread "Unconstrained build operations Thread 109"        [_thread_blocked, id=22548, stack(0x0000008db9800000,0x0000008db9900000) (1024K)]
  0x000002681f0f42d0 JavaThread "Unconstrained build operations Thread 110"        [_thread_blocked, id=39684, stack(0x0000008db9900000,0x0000008db9a00000) (1024K)]
  0x000002681f0f8150 JavaThread "Unconstrained build operations Thread 111"        [_thread_blocked, id=11096, stack(0x0000008db9a00000,0x0000008db9b00000) (1024K)]
  0x000002681f0fa090 JavaThread "Unconstrained build operations Thread 112"        [_thread_blocked, id=10348, stack(0x0000008db9b00000,0x0000008db9c00000) (1024K)]
  0x000002681f0f98c0 JavaThread "Unconstrained build operations Thread 113"        [_thread_blocked, id=28040, stack(0x0000008db9c00000,0x0000008db9d00000) (1024K)]
  0x000002681e8d2700 JavaThread "Unconstrained build operations Thread 114"        [_thread_blocked, id=28288, stack(0x0000008db9d00000,0x0000008db9e00000) (1024K)]
  0x000002681e8d36a0 JavaThread "Unconstrained build operations Thread 115"        [_thread_blocked, id=27172, stack(0x0000008db9e00000,0x0000008db9f00000) (1024K)]
  0x000002681e8d1f30 JavaThread "Unconstrained build operations Thread 116"        [_thread_blocked, id=2700, stack(0x0000008db9f00000,0x0000008dba000000) (1024K)]
  0x000002681432a550 JavaThread "Unconstrained build operations Thread 117"        [_thread_blocked, id=42868, stack(0x0000008dba000000,0x0000008dba100000) (1024K)]
  0x000002681432dc00 JavaThread "Unconstrained build operations Thread 118"        [_thread_blocked, id=14212, stack(0x0000008dba100000,0x0000008dba200000) (1024K)]
  0x000002681432cc60 JavaThread "Unconstrained build operations Thread 119"        [_thread_blocked, id=38704, stack(0x0000008dba200000,0x0000008dba300000) (1024K)]
  0x000002681432b4f0 JavaThread "Unconstrained build operations Thread 120"        [_thread_blocked, id=30384, stack(0x0000008dba300000,0x0000008dba400000) (1024K)]
  0x000002681432ad20 JavaThread "Unconstrained build operations Thread 121"        [_thread_blocked, id=24396, stack(0x0000008dba400000,0x0000008dba500000) (1024K)]
  0x000002681432c490 JavaThread "Unconstrained build operations Thread 122"        [_thread_blocked, id=43376, stack(0x0000008dba500000,0x0000008dba600000) (1024K)]
  0x000002681432d430 JavaThread "Unconstrained build operations Thread 123"        [_thread_blocked, id=2768, stack(0x0000008dba600000,0x0000008dba700000) (1024K)]
  0x000002681432bcc0 JavaThread "Unconstrained build operations Thread 124"        [_thread_blocked, id=12404, stack(0x0000008dba700000,0x0000008dba800000) (1024K)]
  0x000002680f17de40 JavaThread "Unconstrained build operations Thread 125"        [_thread_blocked, id=36796, stack(0x0000008dba800000,0x0000008dba900000) (1024K)]
  0x000002680f17c6d0 JavaThread "Unconstrained build operations Thread 126"        [_thread_blocked, id=38932, stack(0x0000008dba900000,0x0000008dbaa00000) (1024K)]
  0x000002680f17a790 JavaThread "Unconstrained build operations Thread 127"        [_thread_blocked, id=41564, stack(0x0000008dbaa00000,0x0000008dbab00000) (1024K)]
  0x000002681f6d50e0 JavaThread "Unconstrained build operations Thread 128"        [_thread_blocked, id=7124, stack(0x0000008dbab00000,0x0000008dbac00000) (1024K)]
  0x000002681f6d58b0 JavaThread "Unconstrained build operations Thread 129"        [_thread_blocked, id=24192, stack(0x0000008dbac00000,0x0000008dbad00000) (1024K)]
  0x000002680ef838a0 JavaThread "Unconstrained build operations Thread 130"        [_thread_blocked, id=14644, stack(0x0000008dbad00000,0x0000008dbae00000) (1024K)]
  0x000002680ef82900 JavaThread "Unconstrained build operations Thread 131"        [_thread_blocked, id=27576, stack(0x0000008dbae00000,0x0000008dbaf00000) (1024K)]
  0x000002680ef81960 JavaThread "Unconstrained build operations Thread 132"        [_thread_blocked, id=41776, stack(0x0000008dbaf00000,0x0000008dbb000000) (1024K)]
  0x000002680ef801f0 JavaThread "Unconstrained build operations Thread 133"        [_thread_blocked, id=43960, stack(0x0000008dbb000000,0x0000008dbb100000) (1024K)]
  0x000002680ef809c0 JavaThread "Unconstrained build operations Thread 134"        [_thread_blocked, id=38548, stack(0x0000008dbb100000,0x0000008dbb200000) (1024K)]
  0x000002680f358680 JavaThread "Unconstrained build operations Thread 135"        [_thread_blocked, id=41228, stack(0x0000008dbb200000,0x0000008dbb300000) (1024K)]
  0x000002680f358e50 JavaThread "Unconstrained build operations Thread 136"        [_thread_blocked, id=39556, stack(0x0000008dbb300000,0x0000008dbb400000) (1024K)]
  0x000002680f357eb0 JavaThread "Unconstrained build operations Thread 137"        [_thread_blocked, id=10224, stack(0x0000008dbb400000,0x0000008dbb500000) (1024K)]
  0x000002680f359620 JavaThread "Unconstrained build operations Thread 138"        [_thread_blocked, id=7672, stack(0x0000008dbb500000,0x0000008dbb600000) (1024K)]
  0x000002680ef40780 JavaThread "Unconstrained build operations Thread 139"        [_thread_blocked, id=20528, stack(0x0000008dbb600000,0x0000008dbb700000) (1024K)]
  0x000002680ef40f50 JavaThread "Unconstrained build operations Thread 140"        [_thread_blocked, id=39536, stack(0x0000008dbb700000,0x0000008dbb800000) (1024K)]
  0x000002680ef41720 JavaThread "Unconstrained build operations Thread 141"        [_thread_blocked, id=11536, stack(0x0000008dbb800000,0x0000008dbb900000) (1024K)]
  0x000002680ef426c0 JavaThread "Unconstrained build operations Thread 142"        [_thread_blocked, id=19404, stack(0x0000008dbb900000,0x0000008dbba00000) (1024K)]
  0x000002680ef43660 JavaThread "Unconstrained build operations Thread 143"        [_thread_blocked, id=27980, stack(0x0000008dbba00000,0x0000008dbbb00000) (1024K)]
  0x000002680ef41ef0 JavaThread "Unconstrained build operations Thread 144"        [_thread_blocked, id=13940, stack(0x0000008dbbb00000,0x0000008dbbc00000) (1024K)]
  0x000002680ef42e90 JavaThread "Unconstrained build operations Thread 145"        [_thread_blocked, id=41264, stack(0x0000008dbbe00000,0x0000008dbbf00000) (1024K)]
  0x000002680ef43e30 JavaThread "Unconstrained build operations Thread 146"        [_thread_blocked, id=26972, stack(0x0000008dbbf00000,0x0000008dbc000000) (1024K)]
  0x00000268140113a0 JavaThread "Unconstrained build operations Thread 147"        [_thread_blocked, id=39912, stack(0x0000008dbc000000,0x0000008dbc100000) (1024K)]
  0x000002681400fc30 JavaThread "Unconstrained build operations Thread 148"        [_thread_blocked, id=26532, stack(0x0000008dbc100000,0x0000008dbc200000) (1024K)]
  0x000002681400dcf0 JavaThread "Unconstrained build operations Thread 149"        [_thread_blocked, id=43300, stack(0x0000008dbc200000,0x0000008dbc300000) (1024K)]
  0x000002681f11c1d0 JavaThread "Unconstrained build operations Thread 150"        [_thread_blocked, id=43248, stack(0x0000008dbc300000,0x0000008dbc400000) (1024K)]
  0x000002681f65f430 JavaThread "Unconstrained build operations Thread 151"        [_thread_blocked, id=43760, stack(0x0000008dbc400000,0x0000008dbc500000) (1024K)]
  0x000002680f17ff10 JavaThread "Unconstrained build operations Thread 152"        [_thread_blocked, id=43808, stack(0x0000008dbc500000,0x0000008dbc600000) (1024K)]
  0x00000268099999a0 JavaThread "Unconstrained build operations Thread 153"        [_thread_blocked, id=40336, stack(0x0000008dbc600000,0x0000008dbc700000) (1024K)]
  0x000002680999a170 JavaThread "Unconstrained build operations Thread 154"        [_thread_blocked, id=10480, stack(0x0000008dbc800000,0x0000008dbc900000) (1024K)]
  0x000002681eb6fc30 JavaThread "Unconstrained build operations Thread 155"        [_thread_blocked, id=12008, stack(0x0000008dbc900000,0x0000008dbca00000) (1024K)]
  0x000002680e8f3e90 JavaThread "Unconstrained build operations Thread 156"        [_thread_blocked, id=16160, stack(0x0000008dbca00000,0x0000008dbcb00000) (1024K)]
  0x000002680e8f4660 JavaThread "Unconstrained build operations Thread 157"        [_thread_blocked, id=20028, stack(0x0000008dbcb00000,0x0000008dbcc00000) (1024K)]
  0x000002680f355ea0 JavaThread "Unconstrained build operations Thread 158"        [_thread_blocked, id=38004, stack(0x0000008dbcc00000,0x0000008dbcd00000) (1024K)]
  0x0000026814077880 JavaThread "Unconstrained build operations Thread 159"        [_thread_blocked, id=38332, stack(0x0000008dbcd00000,0x0000008dbce00000) (1024K)]
  0x0000026814078820 JavaThread "Unconstrained build operations Thread 160"        [_thread_blocked, id=43512, stack(0x0000008dbce00000,0x0000008dbcf00000) (1024K)]
  0x00000268141fa830 JavaThread "Unconstrained build operations Thread 161"        [_thread_blocked, id=39660, stack(0x0000008dbcf00000,0x0000008dbd000000) (1024K)]
  0x00000268140797c0 JavaThread "Unconstrained build operations Thread 162"        [_thread_blocked, id=28228, stack(0x0000008dbd000000,0x0000008dbd100000) (1024K)]
  0x000002680ef38ee0 JavaThread "Unconstrained build operations Thread 163"        [_thread_blocked, id=38348, stack(0x0000008dbd100000,0x0000008dbd200000) (1024K)]
  0x000002680ef39e80 JavaThread "Unconstrained build operations Thread 164"        [_thread_blocked, id=40104, stack(0x0000008dbd200000,0x0000008dbd300000) (1024K)]
  0x000002680ef3a650 JavaThread "Unconstrained build operations Thread 165"        [_thread_blocked, id=5168, stack(0x0000008dbd300000,0x0000008dbd400000) (1024K)]
  0x000002680ef3ae20 JavaThread "Unconstrained build operations Thread 166"        [_thread_blocked, id=2284, stack(0x0000008dbd400000,0x0000008dbd500000) (1024K)]
  0x000002680ef38710 JavaThread "Unconstrained build operations Thread 167"        [_thread_blocked, id=37468, stack(0x0000008dbd500000,0x0000008dbd600000) (1024K)]
  0x000002680ef3b5f0 JavaThread "Unconstrained build operations Thread 168"        [_thread_blocked, id=38804, stack(0x0000008dbd600000,0x0000008dbd700000) (1024K)]
  0x000002680ef3bdc0 JavaThread "Unconstrained build operations Thread 169"        [_thread_blocked, id=7044, stack(0x0000008dbd700000,0x0000008dbd800000) (1024K)]
  0x000002680f9300a0 JavaThread "Unconstrained build operations Thread 170"        [_thread_blocked, id=21648, stack(0x0000008dbd800000,0x0000008dbd900000) (1024K)]
  0x000002680f931fe0 JavaThread "Unconstrained build operations Thread 171"        [_thread_blocked, id=10692, stack(0x0000008dbd900000,0x0000008dbda00000) (1024K)]
  0x000002680f92f100 JavaThread "Unconstrained build operations Thread 172"        [_thread_blocked, id=41508, stack(0x0000008dbda00000,0x0000008dbdb00000) (1024K)]
  0x000002680f9327b0 JavaThread "Unconstrained build operations Thread 173"        [_thread_blocked, id=38968, stack(0x0000008dbdb00000,0x0000008dbdc00000) (1024K)]
  0x000002680f931810 JavaThread "Unconstrained build operations Thread 174"        [_thread_blocked, id=26100, stack(0x0000008dbdc00000,0x0000008dbdd00000) (1024K)]
  0x000002680f931040 JavaThread "Unconstrained build operations Thread 175"        [_thread_blocked, id=37376, stack(0x0000008dbdd00000,0x0000008dbde00000) (1024K)]
  0x000002680f92f8d0 JavaThread "Unconstrained build operations Thread 176"        [_thread_blocked, id=26880, stack(0x0000008dbde00000,0x0000008dbdf00000) (1024K)]
  0x000002680f930870 JavaThread "Unconstrained build operations Thread 177"        [_thread_blocked, id=40672, stack(0x0000008dbdf00000,0x0000008dbe000000) (1024K)]
  0x000002680ef396b0 JavaThread "Unconstrained build operations Thread 178"        [_thread_blocked, id=39976, stack(0x0000008dbe000000,0x0000008dbe100000) (1024K)]
  0x000002680f3f9b80 JavaThread "Unconstrained build operations Thread 179"        [_thread_blocked, id=40676, stack(0x0000008dbe100000,0x0000008dbe200000) (1024K)]
  0x000002680f3f8410 JavaThread "Unconstrained build operations Thread 180"        [_thread_blocked, id=6440, stack(0x0000008dbe200000,0x0000008dbe300000) (1024K)]
  0x000002680f3f6ca0 JavaThread "Unconstrained build operations Thread 181"        [_thread_blocked, id=27856, stack(0x0000008dbe300000,0x0000008dbe400000) (1024K)]
  0x000002680f3f7470 JavaThread "Unconstrained build operations Thread 182"        [_thread_blocked, id=39000, stack(0x0000008dbe400000,0x0000008dbe500000) (1024K)]
  0x000002680f3f7c40 JavaThread "Unconstrained build operations Thread 183"        [_thread_blocked, id=37620, stack(0x0000008dbe500000,0x0000008dbe600000) (1024K)]
  0x000002680f3fa350 JavaThread "Unconstrained build operations Thread 184"        [_thread_blocked, id=23140, stack(0x0000008dbe600000,0x0000008dbe700000) (1024K)]
  0x000002680f3f8be0 JavaThread "Unconstrained build operations Thread 185"        [_thread_blocked, id=22948, stack(0x0000008dbe700000,0x0000008dbe800000) (1024K)]
  0x000002680f3f93b0 JavaThread "Unconstrained build operations Thread 186"        [_thread_blocked, id=42676, stack(0x0000008dbe800000,0x0000008dbe900000) (1024K)]
  0x000002680f505510 JavaThread "Unconstrained build operations Thread 187"        [_thread_blocked, id=36032, stack(0x0000008dbe900000,0x0000008dbea00000) (1024K)]
  0x000002680f5035d0 JavaThread "Unconstrained build operations Thread 188"        [_thread_blocked, id=42880, stack(0x0000008dbea00000,0x0000008dbeb00000) (1024K)]
  0x000002680f502630 JavaThread "Unconstrained build operations Thread 189"        [_thread_blocked, id=37252, stack(0x0000008dbeb00000,0x0000008dbec00000) (1024K)]
  0x000002680f501e60 JavaThread "Unconstrained build operations Thread 190"        [_thread_blocked, id=24620, stack(0x0000008dbec00000,0x0000008dbed00000) (1024K)]
  0x000002680f503da0 JavaThread "Unconstrained build operations Thread 191"        [_thread_blocked, id=652, stack(0x0000008dbed00000,0x0000008dbee00000) (1024K)]
  0x000002680ef3c720 JavaThread "Unconstrained build operations Thread 192"        [_thread_blocked, id=44016, stack(0x0000008dbee00000,0x0000008dbef00000) (1024K)]
  0x00000268140067f0 JavaThread "Unconstrained build operations Thread 193"        [_thread_blocked, id=9048, stack(0x0000008dbef00000,0x0000008dbf000000) (1024K)]
  0x0000026814005850 JavaThread "Unconstrained build operations Thread 194"        [_thread_blocked, id=35132, stack(0x0000008dbf000000,0x0000008dbf100000) (1024K)]
  0x0000026814006fc0 JavaThread "Unconstrained build operations Thread 195"        [_thread_blocked, id=31712, stack(0x0000008dbf100000,0x0000008dbf200000) (1024K)]
  0x0000026814007790 JavaThread "Unconstrained build operations Thread 196"        [_thread_blocked, id=38772, stack(0x0000008dbf200000,0x0000008dbf300000) (1024K)]
  0x0000026814005080 JavaThread "Unconstrained build operations Thread 197"        [_thread_blocked, id=26940, stack(0x0000008dbf300000,0x0000008dbf400000) (1024K)]
  0x0000026814403f20 JavaThread "Unconstrained build operations Thread 198"        [_thread_blocked, id=41916, stack(0x0000008dbf400000,0x0000008dbf500000) (1024K)]
  0x0000026814406e00 JavaThread "Unconstrained build operations Thread 199"        [_thread_blocked, id=31308, stack(0x0000008dbf500000,0x0000008dbf600000) (1024K)]
  0x0000026814406630 JavaThread "Unconstrained build operations Thread 200"        [_thread_blocked, id=10096, stack(0x0000008dbf600000,0x0000008dbf700000) (1024K)]
  0x0000026814404ec0 JavaThread "Unconstrained build operations Thread 201"        [_thread_blocked, id=42248, stack(0x0000008dbf700000,0x0000008dbf800000) (1024K)]
  0x000002680999a940 JavaThread "Unconstrained build operations Thread 202"        [_thread_blocked, id=21068, stack(0x0000008dbf800000,0x0000008dbf900000) (1024K)]
  0x000002681418dc80 JavaThread "Unconstrained build operations Thread 203"        [_thread_blocked, id=28000, stack(0x0000008dbf900000,0x0000008dbfa00000) (1024K)]
  0x000002681418ec20 JavaThread "Unconstrained build operations Thread 204"        [_thread_blocked, id=42104, stack(0x0000008dbfa00000,0x0000008dbfb00000) (1024K)]
  0x000002681418b570 JavaThread "Unconstrained build operations Thread 205"        [_thread_blocked, id=40352, stack(0x0000008dbfb00000,0x0000008dbfc00000) (1024K)]
  0x000002681418bd40 JavaThread "Unconstrained build operations Thread 206"        [_thread_blocked, id=40696, stack(0x0000008dbfc00000,0x0000008dbfd00000) (1024K)]
  0x000002680eb08060 JavaThread "Unconstrained build operations Thread 207"        [_thread_blocked, id=7724, stack(0x0000008dbfd00000,0x0000008dbfe00000) (1024K)]
  0x000002680ddf8ee0 JavaThread "Unconstrained build operations Thread 208"        [_thread_blocked, id=35616, stack(0x0000008dbfe00000,0x0000008dbff00000) (1024K)]
  0x000002680ddf7770 JavaThread "Unconstrained build operations Thread 209"        [_thread_blocked, id=4340, stack(0x0000008dbff00000,0x0000008dc0000000) (1024K)]
  0x000002680ddf7f40 JavaThread "Unconstrained build operations Thread 210"        [_thread_blocked, id=38168, stack(0x0000008dc0000000,0x0000008dc0100000) (1024K)]
  0x0000026809a98830 JavaThread "Unconstrained build operations Thread 211"        [_thread_blocked, id=28688, stack(0x0000008dc0100000,0x0000008dc0200000) (1024K)]
  0x0000026809a997d0 JavaThread "Unconstrained build operations Thread 212"        [_thread_blocked, id=42804, stack(0x0000008dc0200000,0x0000008dc0300000) (1024K)]
  0x0000026809a970c0 JavaThread "Unconstrained build operations Thread 213"        [_thread_blocked, id=11600, stack(0x0000008dc0300000,0x0000008dc0400000) (1024K)]
  0x0000026809a99fa0 JavaThread "Unconstrained build operations Thread 214"        [_thread_blocked, id=7048, stack(0x0000008dc0400000,0x0000008dc0500000) (1024K)]
  0x0000026809a97890 JavaThread "Unconstrained build operations Thread 215"        [_thread_blocked, id=16932, stack(0x0000008dc0500000,0x0000008dc0600000) (1024K)]
  0x0000026809a9a770 JavaThread "Unconstrained build operations Thread 216"        [_thread_blocked, id=36376, stack(0x0000008dc0600000,0x0000008dc0700000) (1024K)]
  0x0000026809a98060 JavaThread "Unconstrained build operations Thread 217"        [_thread_blocked, id=3768, stack(0x0000008dc0700000,0x0000008dc0800000) (1024K)]
  0x0000026809a99000 JavaThread "Unconstrained build operations Thread 218"        [_thread_blocked, id=41208, stack(0x0000008dc0800000,0x0000008dc0900000) (1024K)]
  0x000002680ddbf770 JavaThread "Unconstrained build operations Thread 219"        [_thread_blocked, id=35784, stack(0x0000008dc0900000,0x0000008dc0a00000) (1024K)]
  0x000002680ddbd830 JavaThread "Unconstrained build operations Thread 220"        [_thread_blocked, id=43528, stack(0x0000008dc0a00000,0x0000008dc0b00000) (1024K)]
  0x000002680ddbe7d0 JavaThread "Unconstrained build operations Thread 221"        [_thread_blocked, id=6864, stack(0x0000008dc0b00000,0x0000008dc0c00000) (1024K)]
  0x000002680ddbe000 JavaThread "Unconstrained build operations Thread 222"        [_thread_blocked, id=40748, stack(0x0000008dc0c00000,0x0000008dc0d00000) (1024K)]
  0x0000026814619870 JavaThread "Unconstrained build operations Thread 223"        [_thread_blocked, id=37876, stack(0x0000008dc0e00000,0x0000008dc0f00000) (1024K)]
  0x00000268146188d0 JavaThread "Unconstrained build operations Thread 224"        [_thread_blocked, id=4744, stack(0x0000008dc0f00000,0x0000008dc1000000) (1024K)]
  0x00000268146190a0 JavaThread "Unconstrained build operations Thread 225"        [_thread_blocked, id=26816, stack(0x0000008dc1000000,0x0000008dc1100000) (1024K)]
  0x000002681461a040 JavaThread "Unconstrained build operations Thread 226"        [_thread_blocked, id=37564, stack(0x0000008dc1100000,0x0000008dc1200000) (1024K)]
  0x00000268143c1bf0 JavaThread "Unconstrained build operations Thread 227"        [_thread_blocked, id=42432, stack(0x0000008dc1200000,0x0000008dc1300000) (1024K)]
  0x00000268143c4300 JavaThread "Unconstrained build operations Thread 228"        [_thread_blocked, id=27396, stack(0x0000008dc1300000,0x0000008dc1400000) (1024K)]
  0x00000268143c23c0 JavaThread "Unconstrained build operations Thread 229"        [_thread_blocked, id=7976, stack(0x0000008dc1400000,0x0000008dc1500000) (1024K)]
  0x00000268143c4ad0 JavaThread "Unconstrained build operations Thread 230"        [_thread_blocked, id=34248, stack(0x0000008dc1500000,0x0000008dc1600000) (1024K)]
  0x00000268143c1420 JavaThread "Unconstrained build operations Thread 231"        [_thread_blocked, id=38360, stack(0x0000008dc1600000,0x0000008dc1700000) (1024K)]
  0x00000268143c2b90 JavaThread "Unconstrained build operations Thread 232"        [_thread_blocked, id=43748, stack(0x0000008dc1700000,0x0000008dc1800000) (1024K)]
  0x00000268143c3360 JavaThread "Unconstrained build operations Thread 233"        [_thread_blocked, id=27144, stack(0x0000008dc1800000,0x0000008dc1900000) (1024K)]
  0x00000268143c3b30 JavaThread "Unconstrained build operations Thread 234"        [_thread_blocked, id=15280, stack(0x0000008dc1900000,0x0000008dc1a00000) (1024K)]
  0x000002680959afa0 JavaThread "Unconstrained build operations Thread 235"        [_thread_blocked, id=35100, stack(0x0000008dc1a00000,0x0000008dc1b00000) (1024K)]
  0x000002680959a000 JavaThread "Unconstrained build operations Thread 236"        [_thread_blocked, id=9436, stack(0x0000008dc1b00000,0x0000008dc1c00000) (1024K)]
  0x000002680959a7d0 JavaThread "Unconstrained build operations Thread 237"        [_thread_blocked, id=6160, stack(0x0000008dc1c00000,0x0000008dc1d00000) (1024K)]
  0x0000026809599060 JavaThread "Unconstrained build operations Thread 238"        [_thread_blocked, id=23192, stack(0x0000008dc1d00000,0x0000008dc1e00000) (1024K)]
  0x000002680959b770 JavaThread "Unconstrained build operations Thread 239"        [_thread_blocked, id=2552, stack(0x0000008dc1e00000,0x0000008dc1f00000) (1024K)]
  0x0000026809598890 JavaThread "Unconstrained build operations Thread 240"        [_thread_blocked, id=40100, stack(0x0000008dc1f00000,0x0000008dc2000000) (1024K)]
  0x0000026809599830 JavaThread "Unconstrained build operations Thread 241"        [_thread_blocked, id=37804, stack(0x0000008dc2000000,0x0000008dc2100000) (1024K)]
  0x00000268095980c0 JavaThread "Unconstrained build operations Thread 242"        [_thread_blocked, id=38924, stack(0x0000008dc2100000,0x0000008dc2200000) (1024K)]
  0x0000026814419d10 JavaThread "Unconstrained build operations Thread 243"        [_thread_blocked, id=21016, stack(0x0000008dc2200000,0x0000008dc2300000) (1024K)]
  0x0000026814417dd0 JavaThread "Unconstrained build operations Thread 244"        [_thread_blocked, id=24352, stack(0x0000008dc2300000,0x0000008dc2400000) (1024K)]
  0x00000268144185a0 JavaThread "Unconstrained build operations Thread 245"        [_thread_blocked, id=38960, stack(0x0000008dc2400000,0x0000008dc2500000) (1024K)]
  0x0000026814417600 JavaThread "Unconstrained build operations Thread 246"        [_thread_blocked, id=43496, stack(0x0000008dc2500000,0x0000008dc2600000) (1024K)]
  0x0000026814418d70 JavaThread "Unconstrained build operations Thread 247"        [_thread_blocked, id=18884, stack(0x0000008dc2600000,0x0000008dc2700000) (1024K)]
  0x0000026814419540 JavaThread "Unconstrained build operations Thread 248"        [_thread_blocked, id=37848, stack(0x0000008dc2700000,0x0000008dc2800000) (1024K)]
  0x000002681441a4e0 JavaThread "Unconstrained build operations Thread 249"        [_thread_blocked, id=39120, stack(0x0000008dc2800000,0x0000008dc2900000) (1024K)]
  0x0000026814416e30 JavaThread "Unconstrained build operations Thread 250"        [_thread_blocked, id=27516, stack(0x0000008dc2900000,0x0000008dc2a00000) (1024K)]
  0x000002681434e0f0 JavaThread "Unconstrained build operations Thread 251"        [_thread_blocked, id=7344, stack(0x0000008dc2a00000,0x0000008dc2b00000) (1024K)]
  0x000002681434f860 JavaThread "Unconstrained build operations Thread 252"        [_thread_blocked, id=7708, stack(0x0000008dc2b00000,0x0000008dc2c00000) (1024K)]
  0x0000026814350030 JavaThread "Unconstrained build operations Thread 253"        [_thread_blocked, id=43128, stack(0x0000008dc2c00000,0x0000008dc2d00000) (1024K)]
  0x000002680f356e40 JavaThread "Kotlin DSL Writer"                 [_thread_blocked, id=24208, stack(0x0000008dc2e00000,0x0000008dc2f00000) (1024K)]
  0x00000268143cb5d0 JavaThread "build event listener"              [_thread_blocked, id=37476, stack(0x0000008dc2d00000,0x0000008dc2e00000) (1024K)]
  0x00000268143cbda0 JavaThread "build event listener"              [_thread_blocked, id=38320, stack(0x0000008dc2f00000,0x0000008dc3000000) (1024K)]
  0x000002680f1204e0 JavaThread "Problems report writer"            [_thread_blocked, id=19912, stack(0x0000008dc0d00000,0x0000008dc0e00000) (1024K)]
  0x0000026817854d50 JavaThread "jar transforms"                    [_thread_blocked, id=27168, stack(0x0000008dc3500000,0x0000008dc3600000) (1024K)]
  0x0000026817854580 JavaThread "Unconstrained build operations Thread 254"        [_thread_blocked, id=42776, stack(0x0000008dae200000,0x0000008dae300000) (1024K)]
  0x0000026817855520 JavaThread "Unconstrained build operations Thread 255"        [_thread_blocked, id=40980, stack(0x0000008db0600000,0x0000008db0700000) (1024K)]
  0x0000026817852640 JavaThread "Unconstrained build operations Thread 256"        [_thread_blocked, id=39700, stack(0x0000008dbc700000,0x0000008dbc800000) (1024K)]
  0x0000026817851e70 JavaThread "Unconstrained build operations Thread 257"        [_thread_blocked, id=42016, stack(0x0000008dc3000000,0x0000008dc3100000) (1024K)]
  0x0000026817852e10 JavaThread "Unconstrained build operations Thread 258"        [_thread_blocked, id=29608, stack(0x0000008dc3100000,0x0000008dc3200000) (1024K)]
  0x00000268178535e0 JavaThread "Unconstrained build operations Thread 259"        [_thread_blocked, id=13936, stack(0x0000008dc3200000,0x0000008dc3300000) (1024K)]
  0x0000026817853db0 JavaThread "Unconstrained build operations Thread 260"        [_thread_blocked, id=26712, stack(0x0000008dc3300000,0x0000008dc3400000) (1024K)]
  0x0000026815308f90 JavaThread "Unconstrained build operations Thread 261"        [_thread_blocked, id=28140, stack(0x0000008dc3400000,0x0000008dc3500000) (1024K)]
  0x0000026817a4bd10 JavaThread "Unconstrained build operations Thread 262"        [_thread_blocked, id=41596, stack(0x0000008dc3600000,0x0000008dc3700000) (1024K)]
  0x0000026817a4b540 JavaThread "Unconstrained build operations Thread 263"        [_thread_blocked, id=28148, stack(0x0000008dc3700000,0x0000008dc3800000) (1024K)]
  0x0000026817a49dd0 JavaThread "Unconstrained build operations Thread 264"        [_thread_blocked, id=34900, stack(0x0000008dc3800000,0x0000008dc3900000) (1024K)]
  0x0000026817a48e30 JavaThread "Unconstrained build operations Thread 265"        [_thread_blocked, id=27012, stack(0x0000008dc3900000,0x0000008dc3a00000) (1024K)]
  0x0000026817a4a5a0 JavaThread "Unconstrained build operations Thread 266"        [_thread_blocked, id=8796, stack(0x0000008dc3a00000,0x0000008dc3b00000) (1024K)]
  0x0000026817a4c4e0 JavaThread "Unconstrained build operations Thread 267"        [_thread_blocked, id=33372, stack(0x0000008dc3b00000,0x0000008dc3c00000) (1024K)]
  0x0000026817a49600 JavaThread "Unconstrained build operations Thread 268"        [_thread_blocked, id=40740, stack(0x0000008dc3c00000,0x0000008dc3d00000) (1024K)]
  0x0000026817a4ad70 JavaThread "Unconstrained build operations Thread 269"        [_thread_blocked, id=41188, stack(0x0000008dc3d00000,0x0000008dc3e00000) (1024K)]
  0x00000268179ff590 JavaThread "Unconstrained build operations Thread 270"        [_thread_blocked, id=42028, stack(0x0000008dc3e00000,0x0000008dc3f00000) (1024K)]
  0x00000268179fe5f0 JavaThread "Unconstrained build operations Thread 271"        [_thread_blocked, id=22228, stack(0x0000008dc3f00000,0x0000008dc4000000) (1024K)]
  0x0000026817a00530 JavaThread "Unconstrained build operations Thread 272"        [_thread_blocked, id=38264, stack(0x0000008dc4000000,0x0000008dc4100000) (1024K)]
  0x000002681f8f17b0 JavaThread "Unconstrained build operations Thread 273"        [_thread_blocked, id=41680, stack(0x0000008dc4100000,0x0000008dc4200000) (1024K)]
  0x000002681f8f2750 JavaThread "Unconstrained build operations Thread 274"        [_thread_blocked, id=42700, stack(0x0000008dc4200000,0x0000008dc4300000) (1024K)]
  0x000002681f8f3ec0 JavaThread "Unconstrained build operations Thread 275"        [_thread_blocked, id=24196, stack(0x0000008dc4300000,0x0000008dc4400000) (1024K)]
  0x000002681f8f4e60 JavaThread "Unconstrained build operations Thread 276"        [_thread_blocked, id=6808, stack(0x0000008dc4400000,0x0000008dc4500000) (1024K)]
  0x0000026819a82570 JavaThread "Unconstrained build operations Thread 277"        [_thread_blocked, id=30040, stack(0x0000008dc4500000,0x0000008dc4600000) (1024K)]
  0x0000026819a83ce0 JavaThread "Unconstrained build operations Thread 278"        [_thread_blocked, id=6760, stack(0x0000008dc4600000,0x0000008dc4700000) (1024K)]
  0x0000026819a83510 JavaThread "Unconstrained build operations Thread 279"        [_thread_blocked, id=42752, stack(0x0000008dc4700000,0x0000008dc4800000) (1024K)]
  0x0000026819a84c80 JavaThread "Unconstrained build operations Thread 280"        [_thread_blocked, id=25920, stack(0x0000008dc4800000,0x0000008dc4900000) (1024K)]
  0x0000026819a82d40 JavaThread "Unconstrained build operations Thread 281"        [_thread_blocked, id=38500, stack(0x0000008dc4900000,0x0000008dc4a00000) (1024K)]
  0x0000026819a844b0 JavaThread "Unconstrained build operations Thread 282"        [_thread_blocked, id=9644, stack(0x0000008dc4a00000,0x0000008dc4b00000) (1024K)]
  0x0000026819a815d0 JavaThread "Unconstrained build operations Thread 283"        [_thread_blocked, id=39672, stack(0x0000008dc4b00000,0x0000008dc4c00000) (1024K)]
  0x0000026819a81da0 JavaThread "Unconstrained build operations Thread 284"        [_thread_blocked, id=40724, stack(0x0000008dc4c00000,0x0000008dc4d00000) (1024K)]
  0x000002680ec82050 JavaThread "Unconstrained build operations Thread 285"        [_thread_blocked, id=42632, stack(0x0000008dc5000000,0x0000008dc5100000) (1024K)]
  0x000002681794e8e0 JavaThread "Unconstrained build operations Thread 286"        [_thread_blocked, id=40728, stack(0x0000008dc5100000,0x0000008dc5200000) (1024K)]
  0x0000026817950820 JavaThread "Unconstrained build operations Thread 287"        [_thread_blocked, id=40332, stack(0x0000008dc5200000,0x0000008dc5300000) (1024K)]
  0x000002681794f0b0 JavaThread "Unconstrained build operations Thread 288"        [_thread_blocked, id=3664, stack(0x0000008dc5300000,0x0000008dc5400000) (1024K)]
  0x0000026817a00d00 JavaThread "Unconstrained build operations Thread 289"        [_thread_blocked, id=37436, stack(0x0000008dc4d00000,0x0000008dc4e00000) (1024K)]
  0x00000268179fde20 JavaThread "Unconstrained build operations Thread 290"        [_thread_blocked, id=41316, stack(0x0000008dc4e00000,0x0000008dc4f00000) (1024K)]
  0x000002681eeb9ad0 JavaThread "Unconstrained build operations Thread 291"        [_thread_blocked, id=37388, stack(0x0000008dc4f00000,0x0000008dc5000000) (1024K)]
  0x000002681eebb240 JavaThread "Unconstrained build operations Thread 292"        [_thread_blocked, id=8464, stack(0x0000008dc5400000,0x0000008dc5500000) (1024K)]
  0x000002681eeba2a0 JavaThread "Unconstrained build operations Thread 293"        [_thread_blocked, id=31188, stack(0x0000008dc5500000,0x0000008dc5600000) (1024K)]
  0x000002681eebaa70 JavaThread "Unconstrained build operations Thread 294"        [_thread_blocked, id=40788, stack(0x0000008dc5600000,0x0000008dc5700000) (1024K)]
  0x000002681ff14050 JavaThread "Unconstrained build operations Thread 295"        [_thread_blocked, id=43400, stack(0x0000008dc5800000,0x0000008dc5900000) (1024K)]
  0x000002681ff13880 JavaThread "Unconstrained build operations Thread 296"        [_thread_blocked, id=39524, stack(0x0000008dc5900000,0x0000008dc5a00000) (1024K)]
  0x000002681ff130b0 JavaThread "Unconstrained build operations Thread 297"        [_thread_blocked, id=39380, stack(0x0000008dc5a00000,0x0000008dc5b00000) (1024K)]
  0x0000026815dc0d70 JavaThread "Unconstrained build operations Thread 298"        [_thread_blocked, id=41132, stack(0x0000008dc5c00000,0x0000008dc5d00000) (1024K)]
  0x0000026815dc1540 JavaThread "Unconstrained build operations Thread 299"        [_thread_blocked, id=27692, stack(0x0000008dc5d00000,0x0000008dc5e00000) (1024K)]
  0x0000026817a04540 JavaThread "Unconstrained build operations Thread 300"        [_thread_blocked, id=39476, stack(0x0000008dc5e00000,0x0000008dc5f00000) (1024K)]
  0x0000026817a02600 JavaThread "Unconstrained build operations Thread 301"        [_thread_blocked, id=42736, stack(0x0000008dc5f00000,0x0000008dc6000000) (1024K)]
  0x0000026817a035a0 JavaThread "Unconstrained build operations Thread 302"        [_thread_blocked, id=43564, stack(0x0000008dc6000000,0x0000008dc6100000) (1024K)]
  0x0000026817a02dd0 JavaThread "Unconstrained build operations Thread 303"        [_thread_blocked, id=7676, stack(0x0000008dc6100000,0x0000008dc6200000) (1024K)]
  0x0000026817a04d10 JavaThread "Unconstrained build operations Thread 304"        [_thread_blocked, id=27864, stack(0x0000008dc6200000,0x0000008dc6300000) (1024K)]
  0x0000026817a01660 JavaThread "Unconstrained build operations Thread 305"        [_thread_blocked, id=41996, stack(0x0000008dc6300000,0x0000008dc6400000) (1024K)]
  0x00000268207754b0 JavaThread "Unconstrained build operations Thread 306"        [_thread_blocked, id=34392, stack(0x0000008dc6400000,0x0000008dc6500000) (1024K)]
  0x0000026820773d40 JavaThread "Unconstrained build operations Thread 307"        [_thread_blocked, id=35064, stack(0x0000008dc6500000,0x0000008dc6600000) (1024K)]
  0x00000268207773f0 JavaThread "Unconstrained build operations Thread 308"        [_thread_blocked, id=19688, stack(0x0000008dc6600000,0x0000008dc6700000) (1024K)]
  0x0000026820774ce0 JavaThread "Unconstrained build operations Thread 309"        [_thread_blocked, id=37864, stack(0x0000008dc6700000,0x0000008dc6800000) (1024K)]
  0x0000026815bff490 JavaThread "Unconstrained build operations Thread 310"        [_thread_blocked, id=27556, stack(0x0000008dc6800000,0x0000008dc6900000) (1024K)]
  0x0000026815bffc60 JavaThread "Unconstrained build operations Thread 311"        [_thread_blocked, id=37492, stack(0x0000008dc6900000,0x0000008dc6a00000) (1024K)]
  0x0000026816d77cf0 JavaThread "Unconstrained build operations Thread 312"        [_thread_blocked, id=38844, stack(0x0000008dc6a00000,0x0000008dc6b00000) (1024K)]
  0x0000026816d74640 JavaThread "Unconstrained build operations Thread 313"        [_thread_blocked, id=36100, stack(0x0000008dc6b00000,0x0000008dc6c00000) (1024K)]
  0x0000026816d77520 JavaThread "Unconstrained build operations Thread 314"        [_thread_blocked, id=41280, stack(0x0000008dc6c00000,0x0000008dc6d00000) (1024K)]
  0x0000026816d76580 JavaThread "Unconstrained build operations Thread 315"        [_thread_blocked, id=27620, stack(0x0000008dc6d00000,0x0000008dc6e00000) (1024K)]
  0x0000026816d74e10 JavaThread "Unconstrained build operations Thread 316"        [_thread_blocked, id=2392, stack(0x0000008dc6e00000,0x0000008dc6f00000) (1024K)]
  0x0000026816d755e0 JavaThread "Unconstrained build operations Thread 317"        [_thread_blocked, id=37728, stack(0x0000008dc6f00000,0x0000008dc7000000) (1024K)]
  0x0000026816d75db0 JavaThread "Unconstrained build operations Thread 318"        [_thread_blocked, id=38876, stack(0x0000008dc7000000,0x0000008dc7100000) (1024K)]
  0x0000026816d76d50 JavaThread "Unconstrained build operations Thread 319"        [_thread_blocked, id=27940, stack(0x0000008dc7100000,0x0000008dc7200000) (1024K)]
  0x0000026809783dd0 JavaThread "Unconstrained build operations Thread 320"        [_thread_blocked, id=40452, stack(0x0000008dc7200000,0x0000008dc7300000) (1024K)]
  0x0000026808415f90 JavaThread "C2 CompilerThread1"         daemon [_thread_blocked, id=43980, stack(0x0000008db0700000,0x0000008db0800000) (1024K)]
  0x0000026814c83470 JavaThread "C1 CompilerThread4"         daemon [_thread_blocked, id=37524, stack(0x0000008dc7900000,0x0000008dc7a00000) (1024K)]
  0x000002680ef59c60 JavaThread "C2 CompilerThread2"         daemon [_thread_blocked, id=15148, stack(0x0000008dc5700000,0x0000008dc5800000) (1024K)]
  0x000002680ed2fea0 JavaThread "jar transforms Thread 2"           [_thread_blocked, id=41144, stack(0x0000008dc5b00000,0x0000008dc5c00000) (1024K)]
  0x000002680ed2e730 JavaThread "jar transforms Thread 3"           [_thread_blocked, id=41468, stack(0x0000008dc7300000,0x0000008dc7400000) (1024K)]
  0x000002680ed2ef00 JavaThread "jar transforms Thread 4"           [_thread_blocked, id=42492, stack(0x0000008dc7400000,0x0000008dc7500000) (1024K)]
  0x000002681f711600 JavaThread "C2 CompilerThread3"         daemon [_thread_blocked, id=600, stack(0x0000008dc7500000,0x0000008dc7600000) (1024K)]
  0x00000268209ca2d0 JavaThread "C2 CompilerThread4"         daemon [_thread_blocked, id=41512, stack(0x0000008dc7600000,0x0000008dc7700000) (1024K)]
  0x000002680ed2f6d0 JavaThread "jar transforms Thread 5"           [_thread_blocked, id=2292, stack(0x0000008dc7700000,0x0000008dc7800000) (1024K)]
  0x0000026817495920 JavaThread "jar transforms Thread 6"           [_thread_blocked, id=11140, stack(0x0000008dc7800000,0x0000008dc7900000) (1024K)]
  0x0000026817494980 JavaThread "jar transforms Thread 7"           [_thread_blocked, id=34740, stack(0x0000008dc7a00000,0x0000008dc7b00000) (1024K)]
  0x00000268174941b0 JavaThread "jar transforms Thread 8"           [_thread_blocked, id=28456, stack(0x0000008dc7b00000,0x0000008dc7c00000) (1024K)]
  0x0000026817492270 JavaThread "jar transforms Thread 9"           [_thread_blocked, id=2452, stack(0x0000008dc7c00000,0x0000008dc7d00000) (1024K)]
  0x00000268174939e0 JavaThread "jar transforms Thread 10"          [_thread_blocked, id=24240, stack(0x0000008dc7d00000,0x0000008dc7e00000) (1024K)]
  0x0000026817492a40 JavaThread "jar transforms Thread 11"          [_thread_blocked, id=27608, stack(0x0000008dc7e00000,0x0000008dc7f00000) (1024K)]
  0x0000026817493210 JavaThread "jar transforms Thread 12"          [_thread_blocked, id=27780, stack(0x0000008dc7f00000,0x0000008dc8000000) (1024K)]
  0x0000026817495150 JavaThread "jar transforms Thread 13"          [_thread_blocked, id=35468, stack(0x0000008dc8000000,0x0000008dc8100000) (1024K)]
  0x0000026815d18130 JavaThread "jar transforms Thread 14"          [_thread_blocked, id=36344, stack(0x0000008dc8100000,0x0000008dc8200000) (1024K)]
  0x0000026815d18900 JavaThread "jar transforms Thread 15"          [_thread_blocked, id=2844, stack(0x0000008dc8200000,0x0000008dc8300000) (1024K)]
  0x0000026815d1b7e0 JavaThread "jar transforms Thread 16"          [_thread_blocked, id=28368, stack(0x0000008dc8300000,0x0000008dc8400000) (1024K)]
  0x0000026815d190d0 JavaThread "jar transforms Thread 17"          [_thread_blocked, id=6832, stack(0x0000008dc8400000,0x0000008dc8500000) (1024K)]
  0x00000268217c2500 JavaThread "jar transforms Thread 18"          [_thread_blocked, id=2532, stack(0x0000008dc8500000,0x0000008dc8600000) (1024K)]
Total: 418

Other Threads:
  0x000002680401aed0 VMThread "VM Thread"                           [id=38988, stack(0x0000008dac600000,0x0000008dac700000) (1024K)]
  0x0000026877bdb5d0 WatcherThread "VM Periodic Task Thread"        [id=38164, stack(0x0000008dac500000,0x0000008dac600000) (1024K)]
  0x0000026848df5df0 WorkerThread "GC Thread#0"                     [id=41088, stack(0x0000008dac000000,0x0000008dac100000) (1024K)]
  0x00000268046e2cb0 WorkerThread "GC Thread#1"                     [id=36336, stack(0x0000008dad600000,0x0000008dad700000) (1024K)]
  0x00000268046e1fc0 WorkerThread "GC Thread#2"                     [id=6048, stack(0x0000008dad700000,0x0000008dad800000) (1024K)]
  0x00000268052543c0 WorkerThread "GC Thread#3"                     [id=28488, stack(0x0000008dad800000,0x0000008dad900000) (1024K)]
  0x0000026805254810 WorkerThread "GC Thread#4"                     [id=40812, stack(0x0000008dad900000,0x0000008dada00000) (1024K)]
  0x00000268052550b0 WorkerThread "GC Thread#5"                     [id=21004, stack(0x0000008dada00000,0x0000008dadb00000) (1024K)]
  0x0000026805255500 WorkerThread "GC Thread#6"                     [id=40592, stack(0x0000008dadb00000,0x0000008dadc00000) (1024K)]
  0x0000026805252590 WorkerThread "GC Thread#7"                     [id=39500, stack(0x0000008dadc00000,0x0000008dadd00000) (1024K)]
=>0x0000026805252e30 WorkerThread "GC Thread#8"                     [id=43116, stack(0x0000008dadd00000,0x0000008dade00000) (1024K)]
  0x0000026805255950 WorkerThread "GC Thread#9"                     [id=20592, stack(0x0000008dade00000,0x0000008dadf00000) (1024K)]
  0x00000268052529e0 WorkerThread "GC Thread#10"                    [id=42640, stack(0x0000008dadf00000,0x0000008dae000000) (1024K)]
  0x0000026805254c60 WorkerThread "GC Thread#11"                    [id=28904, stack(0x0000008dae000000,0x0000008dae100000) (1024K)]
  0x0000026805257330 WorkerThread "GC Thread#12"                    [id=42960, stack(0x0000008daed00000,0x0000008daee00000) (1024K)]
  0x0000026805257780 WorkerThread "GC Thread#13"                    [id=35764, stack(0x0000008daee00000,0x0000008daef00000) (1024K)]
  0x0000026805258020 WorkerThread "GC Thread#14"                    [id=21832, stack(0x0000008daef00000,0x0000008daf000000) (1024K)]
  0x0000026805256a90 WorkerThread "GC Thread#15"                    [id=42956, stack(0x0000008daf000000,0x0000008daf100000) (1024K)]
  0x0000026805258470 WorkerThread "GC Thread#16"                    [id=27872, stack(0x0000008daf100000,0x0000008daf200000) (1024K)]
  0x00000268052595b0 WorkerThread "GC Thread#17"                    [id=27652, stack(0x0000008daf200000,0x0000008daf300000) (1024K)]
  0x00000268052588c0 WorkerThread "GC Thread#18"                    [id=39924, stack(0x0000008daf300000,0x0000008daf400000) (1024K)]
  0x0000026805259a00 WorkerThread "GC Thread#19"                    [id=18856, stack(0x0000008daf400000,0x0000008daf500000) (1024K)]
  0x0000026805256640 WorkerThread "GC Thread#20"                    [id=27452, stack(0x0000008daf500000,0x0000008daf600000) (1024K)]
  0x0000026805256ee0 WorkerThread "GC Thread#21"                    [id=27644, stack(0x0000008daf600000,0x0000008daf700000) (1024K)]
  0x00000268077445a0 WorkerThread "GC Thread#22"                    [id=26944, stack(0x0000008daff00000,0x0000008db0000000) (1024K)]
  0x00000268469fdfe0 ConcurrentGCThread "G1 Main Marker"            [id=30904, stack(0x0000008dac100000,0x0000008dac200000) (1024K)]
  0x00000268779f1f20 WorkerThread "G1 Conc#0"                       [id=39708, stack(0x0000008dac200000,0x0000008dac300000) (1024K)]
  0x0000026807741630 WorkerThread "G1 Conc#1"                       [id=22160, stack(0x0000008daf700000,0x0000008daf800000) (1024K)]
  0x0000026807741a80 WorkerThread "G1 Conc#2"                       [id=39304, stack(0x0000008daf800000,0x0000008daf900000) (1024K)]
  0x0000026807744150 WorkerThread "G1 Conc#3"                       [id=39968, stack(0x0000008daf900000,0x0000008dafa00000) (1024K)]
  0x0000026807741ed0 WorkerThread "G1 Conc#4"                       [id=40084, stack(0x0000008dafa00000,0x0000008dafb00000) (1024K)]
  0x0000026807743d00 WorkerThread "G1 Conc#5"                       [id=38392, stack(0x0000008dafb00000,0x0000008dafc00000) (1024K)]
  0x0000026877aaeb70 ConcurrentGCThread "G1 Refine#0"               [id=42440, stack(0x0000008dac300000,0x0000008dac400000) (1024K)]
  0x0000026877aaf030 ConcurrentGCThread "G1 Service"                [id=22280, stack(0x0000008dac400000,0x0000008dac500000) (1024K)]
Total: 34

Threads with active compile tasks:
C2 CompilerThread0  28969 35108   !   4       sun.nio.ch.FileLockTable::add (205 bytes)
C2 CompilerThread1  28969 35102   !   4       org.gradle.internal.execution.impl.DefaultInputFingerprinter$InputCollectingVisitor::visitInputFileProperty (152 bytes)
C2 CompilerThread2  28969 35106       4       org.gradle.api.internal.artifacts.transform.AbstractTransformExecution::visitOutputs (79 bytes)
C2 CompilerThread3  28970 35100       4       org.gradle.internal.snapshot.MerkleDirectorySnapshotBuilder$Directory::fold (145 bytes)
C2 CompilerThread4  28970 35080   !   4       java.nio.file.Files::walkFileTree (297 bytes)
Total: 5

VM state: at safepoint (normal execution)

VM Mutex/Monitor currently owned by a thread:  ([mutex/lock_event])
[0x00007ffefec54698] Threads_lock - owner thread: 0x000002680401aed0
[0x00007ffefec54818] Heap_lock - owner thread: 0x000002681f8f3ec0

Heap address: 0x0000000600000000, size: 8192 MB, Compressed Oops mode: Zero based, Oop shift amount: 3

CDS archive(s) not mapped
Compressed class space mapped at: 0x0000000090000000-0x00000000d0000000, reserved size: 1073741824
UseCompressedClassPointers 1, UseCompactObjectHeaders 0
Narrow klass pointer bits 32, Max shift 3
Narrow klass base: 0x0000000000000000, Narrow klass shift: 0
Encoding Range: [0x0000000000000000 - 0x0000000100000000), (4294967296 bytes)
Klass Range:    [0x0000000090000000 - 0x00000000d0000000), (1073741824 bytes)
Klass ID Range:  [2415919104 - 3489660921) (1073741817)
No protection zone.

GC Precious Log:
 CardTable entry size: 512
 Card Set container configuration: InlinePtr #cards 4 size 8 Array Of Cards #cards 32 size 80 Howl #buckets 8 coarsen threshold 7372 Howl Bitmap #cards 1024 size 144 coarsen threshold 921 Card regions per heap region 1 cards per card region 8192
 CPUs: 32 total, 32 available
 Memory: 31892M
 Large Page Support: Disabled
 NUMA Support: Disabled
 Compressed Oops: Enabled (Zero based)
 Heap Region Size: 4M
 Heap Min Capacity: 8M
 Heap Initial Capacity: 500M
 Heap Max Capacity: 8G
 Pre-touch: Disabled
 Parallel Workers: 23
 Concurrent Workers: 6
 Concurrent Refinement Workers: 23
 Periodic GC: Disabled

Heap:
 garbage-first heap   total reserved 8388608K, committed 1318912K, used 1010064K [0x0000000600000000, 0x0000000800000000)
  region size 4096K, 193 young (790528K), 14 survivors (57344K)

Heap Regions: E=young(eden), S=young(survivor), O=old, HS=humongous(starts), HC=humongous(continues), CS=collection set, F=free, TAMS=top-at-mark-start, PB=parsable bottom
|   0|0x0000000600000000, 0x0000000600400000, 0x0000000600400000|100%|HS|  |TAMS 0x0000000600000000| PB 0x0000000600000000| Complete |  0
|   1|0x0000000600400000, 0x0000000600800000, 0x0000000600800000|100%| O|  |TAMS 0x0000000600400000| PB 0x0000000600400000| Untracked |  0
|   2|0x0000000600800000, 0x0000000600c00000, 0x0000000600c00000|100%| O|  |TAMS 0x0000000600800000| PB 0x0000000600800000| Untracked |  0
|   3|0x0000000600c00000, 0x0000000601000000, 0x0000000601000000|100%| O|  |TAMS 0x0000000600c00000| PB 0x0000000600c00000| Untracked |  0
|   4|0x0000000601000000, 0x0000000601400000, 0x0000000601400000|100%| O|  |TAMS 0x0000000601000000| PB 0x0000000601000000| Untracked |  0
|   5|0x0000000601400000, 0x0000000601800000, 0x0000000601800000|100%| O|  |TAMS 0x0000000601400000| PB 0x0000000601400000| Untracked |  0
|   6|0x0000000601800000, 0x0000000601c00000, 0x0000000601c00000|100%| O|  |TAMS 0x0000000601800000| PB 0x0000000601800000| Untracked |  0
|   7|0x0000000601c00000, 0x0000000602000000, 0x0000000602000000|100%| O|  |TAMS 0x0000000601c00000| PB 0x0000000601c00000| Untracked |  0
|   8|0x0000000602000000, 0x0000000602400000, 0x0000000602400000|100%| O|  |TAMS 0x0000000602000000| PB 0x0000000602000000| Untracked |  0
|   9|0x0000000602400000, 0x0000000602800000, 0x0000000602800000|100%| O|  |TAMS 0x0000000602400000| PB 0x0000000602400000| Untracked |  0
|  10|0x0000000602800000, 0x0000000602c00000, 0x0000000602c00000|100%| O|  |TAMS 0x0000000602800000| PB 0x0000000602800000| Untracked |  0
|  11|0x0000000602c00000, 0x0000000603000000, 0x0000000603000000|100%| O|  |TAMS 0x0000000602c00000| PB 0x0000000602c00000| Untracked |  0
|  12|0x0000000603000000, 0x0000000603400000, 0x0000000603400000|100%| O|  |TAMS 0x0000000603000000| PB 0x0000000603000000| Untracked |  0
|  13|0x0000000603400000, 0x0000000603800000, 0x0000000603800000|100%| O|  |TAMS 0x0000000603400000| PB 0x0000000603400000| Untracked |  0
|  14|0x0000000603800000, 0x0000000603c00000, 0x0000000603c00000|100%| O|  |TAMS 0x0000000603800000| PB 0x0000000603800000| Untracked |  0
|  15|0x0000000603c00000, 0x0000000604000000, 0x0000000604000000|100%| O|  |TAMS 0x0000000603c00000| PB 0x0000000603c00000| Untracked |  0
|  16|0x0000000604000000, 0x0000000604400000, 0x0000000604400000|100%| O|  |TAMS 0x0000000604000000| PB 0x0000000604000000| Untracked |  0
|  17|0x0000000604400000, 0x0000000604800000, 0x0000000604800000|100%| O|  |TAMS 0x0000000604400000| PB 0x0000000604400000| Untracked |  0
|  18|0x0000000604800000, 0x0000000604c00000, 0x0000000604c00000|100%| O|  |TAMS 0x0000000604800000| PB 0x0000000604800000| Untracked |  0
|  19|0x0000000604c00000, 0x0000000605000000, 0x0000000605000000|100%| O|  |TAMS 0x0000000604c00000| PB 0x0000000604c00000| Untracked |  0
|  20|0x0000000605000000, 0x0000000605400000, 0x0000000605400000|100%| O|  |TAMS 0x0000000605000000| PB 0x0000000605000000| Untracked |  0
|  21|0x0000000605400000, 0x0000000605800000, 0x0000000605800000|100%| O|  |TAMS 0x0000000605400000| PB 0x0000000605400000| Untracked |  0
|  22|0x0000000605800000, 0x0000000605c00000, 0x0000000605c00000|100%| O|  |TAMS 0x0000000605800000| PB 0x0000000605800000| Untracked |  0
|  23|0x0000000605c00000, 0x0000000606000000, 0x0000000606000000|100%| O|  |TAMS 0x0000000605c00000| PB 0x0000000605c00000| Untracked |  0
|  24|0x0000000606000000, 0x0000000606400000, 0x0000000606400000|100%| O|  |TAMS 0x0000000606000000| PB 0x0000000606000000| Untracked |  0
|  25|0x0000000606400000, 0x0000000606800000, 0x0000000606800000|100%| O|  |TAMS 0x0000000606400000| PB 0x0000000606400000| Untracked |  0
|  26|0x0000000606800000, 0x0000000606c00000, 0x0000000606c00000|100%| O|  |TAMS 0x0000000606800000| PB 0x0000000606800000| Untracked |  0
|  27|0x0000000606c00000, 0x0000000607000000, 0x0000000607000000|100%| O|  |TAMS 0x0000000606c00000| PB 0x0000000606c00000| Untracked |  0
|  28|0x0000000607000000, 0x0000000607400000, 0x0000000607400000|100%| O|  |TAMS 0x0000000607000000| PB 0x0000000607000000| Untracked |  0
|  29|0x0000000607400000, 0x0000000607800000, 0x0000000607800000|100%| O|  |TAMS 0x0000000607400000| PB 0x0000000607400000| Untracked |  0
|  30|0x0000000607800000, 0x0000000607c00000, 0x0000000607c00000|100%| O|  |TAMS 0x0000000607800000| PB 0x0000000607800000| Untracked |  0
|  31|0x0000000607c00000, 0x0000000608000000, 0x0000000608000000|100%| O|  |TAMS 0x0000000607c00000| PB 0x0000000607c00000| Untracked |  0
|  32|0x0000000608000000, 0x0000000608400000, 0x0000000608400000|100%| O|  |TAMS 0x0000000608000000| PB 0x0000000608000000| Untracked |  0
|  33|0x0000000608400000, 0x0000000608800000, 0x0000000608800000|100%| O|  |TAMS 0x0000000608400000| PB 0x0000000608400000| Untracked |  0
|  34|0x0000000608800000, 0x0000000608c00000, 0x0000000608c00000|100%| O|  |TAMS 0x0000000608800000| PB 0x0000000608800000| Untracked |  0
|  35|0x0000000608c00000, 0x0000000609000000, 0x0000000609000000|100%| O|  |TAMS 0x0000000608c00000| PB 0x0000000608c00000| Untracked |  0
|  36|0x0000000609000000, 0x0000000609400000, 0x0000000609400000|100%| O|  |TAMS 0x0000000609000000| PB 0x0000000609000000| Untracked |  0
|  37|0x0000000609400000, 0x0000000609800000, 0x0000000609800000|100%| O|  |TAMS 0x0000000609400000| PB 0x0000000609400000| Untracked |  0
|  38|0x0000000609800000, 0x0000000609c00000, 0x0000000609c00000|100%| O|  |TAMS 0x0000000609800000| PB 0x0000000609800000| Untracked |  0
|  39|0x0000000609c00000, 0x000000060a000000, 0x000000060a000000|100%| O|  |TAMS 0x0000000609c00000| PB 0x0000000609c00000| Untracked |  0
|  40|0x000000060a000000, 0x000000060a400000, 0x000000060a400000|100%| O|  |TAMS 0x000000060a000000| PB 0x000000060a000000| Untracked |  0
|  41|0x000000060a400000, 0x000000060a800000, 0x000000060a800000|100%| O|  |TAMS 0x000000060a400000| PB 0x000000060a400000| Untracked |  0
|  42|0x000000060a800000, 0x000000060ac00000, 0x000000060ac00000|100%| O|  |TAMS 0x000000060a800000| PB 0x000000060a800000| Untracked |  0
|  43|0x000000060ac00000, 0x000000060b000000, 0x000000060b000000|100%| O|  |TAMS 0x000000060ac00000| PB 0x000000060ac00000| Untracked |  0
|  44|0x000000060b000000, 0x000000060b18f180, 0x000000060b400000| 38%| O|  |TAMS 0x000000060b000000| PB 0x000000060b000000| Untracked |  0
|  45|0x000000060b400000, 0x000000060b400000, 0x000000060b800000|  0%| F|  |TAMS 0x000000060b400000| PB 0x000000060b400000| Untracked |  0
|  46|0x000000060b800000, 0x000000060bc00000, 0x000000060bc00000|100%| O|  |TAMS 0x000000060b800000| PB 0x000000060b800000| Untracked |  0
|  47|0x000000060bc00000, 0x000000060c000000, 0x000000060c000000|100%| O|  |TAMS 0x000000060bc00000| PB 0x000000060bc00000| Untracked |  0
|  48|0x000000060c000000, 0x000000060c400000, 0x000000060c400000|100%| O|  |TAMS 0x000000060c000000| PB 0x000000060c000000| Untracked |  0
|  49|0x000000060c400000, 0x000000060c400000, 0x000000060c800000|  0%| F|  |TAMS 0x000000060c400000| PB 0x000000060c400000| Untracked |  0
|  50|0x000000060c800000, 0x000000060c800000, 0x000000060cc00000|  0%| F|  |TAMS 0x000000060c800000| PB 0x000000060c800000| Untracked |  0
|  51|0x000000060cc00000, 0x000000060cc00000, 0x000000060d000000|  0%| F|  |TAMS 0x000000060cc00000| PB 0x000000060cc00000| Untracked |  0
|  52|0x000000060d000000, 0x000000060d000000, 0x000000060d400000|  0%| F|  |TAMS 0x000000060d000000| PB 0x000000060d000000| Untracked |  0
|  53|0x000000060d400000, 0x000000060d400000, 0x000000060d800000|  0%| F|  |TAMS 0x000000060d400000| PB 0x000000060d400000| Untracked |  0
|  54|0x000000060d800000, 0x000000060d800000, 0x000000060dc00000|  0%| F|  |TAMS 0x000000060d800000| PB 0x000000060d800000| Untracked |  0
|  55|0x000000060dc00000, 0x000000060dc00000, 0x000000060e000000|  0%| F|  |TAMS 0x000000060dc00000| PB 0x000000060dc00000| Untracked |  0
|  56|0x000000060e000000, 0x000000060e000000, 0x000000060e400000|  0%| F|  |TAMS 0x000000060e000000| PB 0x000000060e000000| Untracked |  0
|  57|0x000000060e400000, 0x000000060e400000, 0x000000060e800000|  0%| F|  |TAMS 0x000000060e400000| PB 0x000000060e400000| Untracked |  0
|  58|0x000000060e800000, 0x000000060e800000, 0x000000060ec00000|  0%| F|  |TAMS 0x000000060e800000| PB 0x000000060e800000| Untracked |  0
|  59|0x000000060ec00000, 0x000000060ec00000, 0x000000060f000000|  0%| F|  |TAMS 0x000000060ec00000| PB 0x000000060ec00000| Untracked |  0
|  60|0x000000060f000000, 0x000000060f000000, 0x000000060f400000|  0%| F|  |TAMS 0x000000060f000000| PB 0x000000060f000000| Untracked |  0
|  61|0x000000060f400000, 0x000000060f400000, 0x000000060f800000|  0%| F|  |TAMS 0x000000060f400000| PB 0x000000060f400000| Untracked |  0
|  62|0x000000060f800000, 0x000000060f800000, 0x000000060fc00000|  0%| F|  |TAMS 0x000000060f800000| PB 0x000000060f800000| Untracked |  0
|  63|0x000000060fc00000, 0x000000060fc00000, 0x0000000610000000|  0%| F|  |TAMS 0x000000060fc00000| PB 0x000000060fc00000| Untracked |  0
|  64|0x0000000610000000, 0x0000000610000000, 0x0000000610400000|  0%| F|  |TAMS 0x0000000610000000| PB 0x0000000610000000| Untracked |  0
|  65|0x0000000610400000, 0x0000000610400000, 0x0000000610800000|  0%| F|  |TAMS 0x0000000610400000| PB 0x0000000610400000| Untracked |  0
|  66|0x0000000610800000, 0x0000000610800000, 0x0000000610c00000|  0%| F|  |TAMS 0x0000000610800000| PB 0x0000000610800000| Untracked |  0
|  67|0x0000000610c00000, 0x0000000610c00000, 0x0000000611000000|  0%| F|  |TAMS 0x0000000610c00000| PB 0x0000000610c00000| Untracked |  0
|  68|0x0000000611000000, 0x0000000611000000, 0x0000000611400000|  0%| F|  |TAMS 0x0000000611000000| PB 0x0000000611000000| Untracked |  0
|  69|0x0000000611400000, 0x0000000611400000, 0x0000000611800000|  0%| F|  |TAMS 0x0000000611400000| PB 0x0000000611400000| Untracked |  0
|  70|0x0000000611800000, 0x0000000611800000, 0x0000000611c00000|  0%| F|  |TAMS 0x0000000611800000| PB 0x0000000611800000| Untracked |  0
|  71|0x0000000611c00000, 0x0000000611c00000, 0x0000000612000000|  0%| F|  |TAMS 0x0000000611c00000| PB 0x0000000611c00000| Untracked |  0
|  72|0x0000000612000000, 0x0000000612000000, 0x0000000612400000|  0%| F|  |TAMS 0x0000000612000000| PB 0x0000000612000000| Untracked |  0
|  73|0x0000000612400000, 0x0000000612400000, 0x0000000612800000|  0%| F|  |TAMS 0x0000000612400000| PB 0x0000000612400000| Untracked |  0
|  74|0x0000000612800000, 0x0000000612800000, 0x0000000612c00000|  0%| F|  |TAMS 0x0000000612800000| PB 0x0000000612800000| Untracked |  0
|  75|0x0000000612c00000, 0x0000000612c00000, 0x0000000613000000|  0%| F|  |TAMS 0x0000000612c00000| PB 0x0000000612c00000| Untracked |  0
|  76|0x0000000613000000, 0x0000000613000000, 0x0000000613400000|  0%| F|  |TAMS 0x0000000613000000| PB 0x0000000613000000| Untracked |  0
|  77|0x0000000613400000, 0x0000000613400000, 0x0000000613800000|  0%| F|  |TAMS 0x0000000613400000| PB 0x0000000613400000| Untracked |  0
|  78|0x0000000613800000, 0x0000000613800000, 0x0000000613c00000|  0%| F|  |TAMS 0x0000000613800000| PB 0x0000000613800000| Untracked |  0
|  79|0x0000000613c00000, 0x0000000613c00000, 0x0000000614000000|  0%| F|  |TAMS 0x0000000613c00000| PB 0x0000000613c00000| Untracked |  0
|  80|0x0000000614000000, 0x0000000614000000, 0x0000000614400000|  0%| F|  |TAMS 0x0000000614000000| PB 0x0000000614000000| Untracked |  0
|  81|0x0000000614400000, 0x0000000614400000, 0x0000000614800000|  0%| F|  |TAMS 0x0000000614400000| PB 0x0000000614400000| Untracked |  0
|  82|0x0000000614800000, 0x0000000614800000, 0x0000000614c00000|  0%| F|  |TAMS 0x0000000614800000| PB 0x0000000614800000| Untracked |  0
|  83|0x0000000614c00000, 0x0000000614c00000, 0x0000000615000000|  0%| F|  |TAMS 0x0000000614c00000| PB 0x0000000614c00000| Untracked |  0
|  84|0x0000000615000000, 0x0000000615000000, 0x0000000615400000|  0%| F|  |TAMS 0x0000000615000000| PB 0x0000000615000000| Untracked |  0
|  85|0x0000000615400000, 0x0000000615400000, 0x0000000615800000|  0%| F|  |TAMS 0x0000000615400000| PB 0x0000000615400000| Untracked |  0
|  86|0x0000000615800000, 0x0000000615800000, 0x0000000615c00000|  0%| F|  |TAMS 0x0000000615800000| PB 0x0000000615800000| Untracked |  0
|  87|0x0000000615c00000, 0x0000000615c00000, 0x0000000616000000|  0%| F|  |TAMS 0x0000000615c00000| PB 0x0000000615c00000| Untracked |  0
|  88|0x0000000616000000, 0x0000000616000000, 0x0000000616400000|  0%| F|  |TAMS 0x0000000616000000| PB 0x0000000616000000| Untracked |  0
|  89|0x0000000616400000, 0x0000000616400000, 0x0000000616800000|  0%| F|  |TAMS 0x0000000616400000| PB 0x0000000616400000| Untracked |  0
|  90|0x0000000616800000, 0x0000000616800000, 0x0000000616c00000|  0%| F|  |TAMS 0x0000000616800000| PB 0x0000000616800000| Untracked |  0
|  91|0x0000000616c00000, 0x0000000616c00000, 0x0000000617000000|  0%| F|  |TAMS 0x0000000616c00000| PB 0x0000000616c00000| Untracked |  0
|  92|0x0000000617000000, 0x0000000617000000, 0x0000000617400000|  0%| F|  |TAMS 0x0000000617000000| PB 0x0000000617000000| Untracked |  0
|  93|0x0000000617400000, 0x0000000617400000, 0x0000000617800000|  0%| F|  |TAMS 0x0000000617400000| PB 0x0000000617400000| Untracked |  0
|  94|0x0000000617800000, 0x0000000617800000, 0x0000000617c00000|  0%| F|  |TAMS 0x0000000617800000| PB 0x0000000617800000| Untracked |  0
|  95|0x0000000617c00000, 0x0000000617c00000, 0x0000000618000000|  0%| F|  |TAMS 0x0000000617c00000| PB 0x0000000617c00000| Untracked |  0
|  96|0x0000000618000000, 0x0000000618000000, 0x0000000618400000|  0%| F|  |TAMS 0x0000000618000000| PB 0x0000000618000000| Untracked |  0
|  97|0x0000000618400000, 0x0000000618400000, 0x0000000618800000|  0%| F|  |TAMS 0x0000000618400000| PB 0x0000000618400000| Untracked |  0
|  98|0x0000000618800000, 0x0000000618800000, 0x0000000618c00000|  0%| F|  |TAMS 0x0000000618800000| PB 0x0000000618800000| Untracked |  0
|  99|0x0000000618c00000, 0x0000000618c00000, 0x0000000619000000|  0%| F|  |TAMS 0x0000000618c00000| PB 0x0000000618c00000| Untracked |  0
| 100|0x0000000619000000, 0x0000000619000000, 0x0000000619400000|  0%| F|  |TAMS 0x0000000619000000| PB 0x0000000619000000| Untracked |  0
| 101|0x0000000619400000, 0x0000000619400000, 0x0000000619800000|  0%| F|  |TAMS 0x0000000619400000| PB 0x0000000619400000| Untracked |  0
| 102|0x0000000619800000, 0x0000000619800000, 0x0000000619c00000|  0%| F|  |TAMS 0x0000000619800000| PB 0x0000000619800000| Untracked |  0
| 103|0x0000000619c00000, 0x0000000619c00000, 0x000000061a000000|  0%| F|  |TAMS 0x0000000619c00000| PB 0x0000000619c00000| Untracked |  0
| 104|0x000000061a000000, 0x000000061a000000, 0x000000061a400000|  0%| F|  |TAMS 0x000000061a000000| PB 0x000000061a000000| Untracked |  0
| 105|0x000000061a400000, 0x000000061a400000, 0x000000061a800000|  0%| F|  |TAMS 0x000000061a400000| PB 0x000000061a400000| Untracked |  0
| 106|0x000000061a800000, 0x000000061a800000, 0x000000061ac00000|  0%| F|  |TAMS 0x000000061a800000| PB 0x000000061a800000| Untracked |  0
| 107|0x000000061ac00000, 0x000000061ac00000, 0x000000061b000000|  0%| F|  |TAMS 0x000000061ac00000| PB 0x000000061ac00000| Untracked |  0
| 108|0x000000061b000000, 0x000000061b112de8, 0x000000061b400000| 26%| S|  |TAMS 0x000000061b000000| PB 0x000000061b000000| Complete |  0
| 109|0x000000061b400000, 0x000000061b800000, 0x000000061b800000|100%| S|  |TAMS 0x000000061b400000| PB 0x000000061b400000| Complete |  0
| 110|0x000000061b800000, 0x000000061bc00000, 0x000000061bc00000|100%| S|  |TAMS 0x000000061b800000| PB 0x000000061b800000| Complete |  0
| 111|0x000000061bc00000, 0x000000061bcd5090, 0x000000061c000000| 20%| E|CS|TAMS 0x000000061bc00000| PB 0x000000061bc00000| Complete |  0
| 112|0x000000061c000000, 0x000000061c400000, 0x000000061c400000|100%| E|CS|TAMS 0x000000061c000000| PB 0x000000061c000000| Complete |  0
| 113|0x000000061c400000, 0x000000061c800000, 0x000000061c800000|100%| E|CS|TAMS 0x000000061c400000| PB 0x000000061c400000| Complete |  0
| 114|0x000000061c800000, 0x000000061cc00000, 0x000000061cc00000|100%| E|CS|TAMS 0x000000061c800000| PB 0x000000061c800000| Complete |  0
| 115|0x000000061cc00000, 0x000000061d000000, 0x000000061d000000|100%| E|CS|TAMS 0x000000061cc00000| PB 0x000000061cc00000| Complete |  0
| 116|0x000000061d000000, 0x000000061d400000, 0x000000061d400000|100%| E|CS|TAMS 0x000000061d000000| PB 0x000000061d000000| Complete |  0
| 117|0x000000061d400000, 0x000000061d800000, 0x000000061d800000|100%| E|CS|TAMS 0x000000061d400000| PB 0x000000061d400000| Complete |  0
| 118|0x000000061d800000, 0x000000061dc00000, 0x000000061dc00000|100%| E|CS|TAMS 0x000000061d800000| PB 0x000000061d800000| Complete |  0
| 119|0x000000061dc00000, 0x000000061e000000, 0x000000061e000000|100%| E|CS|TAMS 0x000000061dc00000| PB 0x000000061dc00000| Complete |  0
| 120|0x000000061e000000, 0x000000061e400000, 0x000000061e400000|100%| E|CS|TAMS 0x000000061e000000| PB 0x000000061e000000| Complete |  0
| 121|0x000000061e400000, 0x000000061e800000, 0x000000061e800000|100%| E|CS|TAMS 0x000000061e400000| PB 0x000000061e400000| Complete |  0
| 122|0x000000061e800000, 0x000000061ec00000, 0x000000061ec00000|100%| S|  |TAMS 0x000000061e800000| PB 0x000000061e800000| Complete |  0
| 123|0x000000061ec00000, 0x000000061f000000, 0x000000061f000000|100%| S|  |TAMS 0x000000061ec00000| PB 0x000000061ec00000| Complete |  0
| 124|0x000000061f000000, 0x000000061f400000, 0x000000061f400000|100%| S|  |TAMS 0x000000061f000000| PB 0x000000061f000000| Complete |  0
| 125|0x000000061f400000, 0x000000061f800000, 0x000000061f800000|100%| S|  |TAMS 0x000000061f400000| PB 0x000000061f400000| Complete |  0
| 126|0x000000061f800000, 0x000000061fc00000, 0x000000061fc00000|100%| S|  |TAMS 0x000000061f800000| PB 0x000000061f800000| Complete |  0
| 127|0x000000061fc00000, 0x0000000620000000, 0x0000000620000000|100%| S|  |TAMS 0x000000061fc00000| PB 0x000000061fc00000| Complete |  0
| 128|0x0000000620000000, 0x0000000620400000, 0x0000000620400000|100%| S|  |TAMS 0x0000000620000000| PB 0x0000000620000000| Complete |  0
| 129|0x0000000620400000, 0x0000000620800000, 0x0000000620800000|100%| S|  |TAMS 0x0000000620400000| PB 0x0000000620400000| Complete |  0
| 130|0x0000000620800000, 0x0000000620c00000, 0x0000000620c00000|100%| S|  |TAMS 0x0000000620800000| PB 0x0000000620800000| Complete |  0
| 131|0x0000000620c00000, 0x0000000621000000, 0x0000000621000000|100%| S|  |TAMS 0x0000000620c00000| PB 0x0000000620c00000| Complete |  0
| 132|0x0000000621000000, 0x0000000621400000, 0x0000000621400000|100%| S|  |TAMS 0x0000000621000000| PB 0x0000000621000000| Complete |  0
| 133|0x0000000621400000, 0x0000000621800000, 0x0000000621800000|100%| E|CS|TAMS 0x0000000621400000| PB 0x0000000621400000| Complete |  0
| 134|0x0000000621800000, 0x0000000621c00000, 0x0000000621c00000|100%| E|CS|TAMS 0x0000000621800000| PB 0x0000000621800000| Complete |  0
| 135|0x0000000621c00000, 0x0000000622000000, 0x0000000622000000|100%| E|CS|TAMS 0x0000000621c00000| PB 0x0000000621c00000| Complete |  0
| 136|0x0000000622000000, 0x0000000622400000, 0x0000000622400000|100%| E|CS|TAMS 0x0000000622000000| PB 0x0000000622000000| Complete |  0
| 137|0x0000000622400000, 0x0000000622800000, 0x0000000622800000|100%| E|CS|TAMS 0x0000000622400000| PB 0x0000000622400000| Complete |  0
| 138|0x0000000622800000, 0x0000000622c00000, 0x0000000622c00000|100%| E|CS|TAMS 0x0000000622800000| PB 0x0000000622800000| Complete |  0
| 139|0x0000000622c00000, 0x0000000623000000, 0x0000000623000000|100%| E|CS|TAMS 0x0000000622c00000| PB 0x0000000622c00000| Complete |  0
| 140|0x0000000623000000, 0x0000000623400000, 0x0000000623400000|100%| E|CS|TAMS 0x0000000623000000| PB 0x0000000623000000| Complete |  0
| 141|0x0000000623400000, 0x0000000623800000, 0x0000000623800000|100%| E|CS|TAMS 0x0000000623400000| PB 0x0000000623400000| Complete |  0
| 142|0x0000000623800000, 0x0000000623c00000, 0x0000000623c00000|100%| E|CS|TAMS 0x0000000623800000| PB 0x0000000623800000| Complete |  0
| 143|0x0000000623c00000, 0x0000000624000000, 0x0000000624000000|100%| E|CS|TAMS 0x0000000623c00000| PB 0x0000000623c00000| Complete |  0
| 144|0x0000000624000000, 0x0000000624400000, 0x0000000624400000|100%| E|CS|TAMS 0x0000000624000000| PB 0x0000000624000000| Complete |  0
| 145|0x0000000624400000, 0x0000000624800000, 0x0000000624800000|100%| E|CS|TAMS 0x0000000624400000| PB 0x0000000624400000| Complete |  0
| 146|0x0000000624800000, 0x0000000624c00000, 0x0000000624c00000|100%| E|CS|TAMS 0x0000000624800000| PB 0x0000000624800000| Complete |  0
| 147|0x0000000624c00000, 0x0000000625000000, 0x0000000625000000|100%| E|CS|TAMS 0x0000000624c00000| PB 0x0000000624c00000| Complete |  0
| 148|0x0000000625000000, 0x0000000625400000, 0x0000000625400000|100%| E|CS|TAMS 0x0000000625000000| PB 0x0000000625000000| Complete |  0
| 149|0x0000000625400000, 0x0000000625800000, 0x0000000625800000|100%| E|CS|TAMS 0x0000000625400000| PB 0x0000000625400000| Complete |  0
| 150|0x0000000625800000, 0x0000000625c00000, 0x0000000625c00000|100%| E|CS|TAMS 0x0000000625800000| PB 0x0000000625800000| Complete |  0
| 151|0x0000000625c00000, 0x0000000626000000, 0x0000000626000000|100%| E|CS|TAMS 0x0000000625c00000| PB 0x0000000625c00000| Complete |  0
| 152|0x0000000626000000, 0x0000000626400000, 0x0000000626400000|100%| E|CS|TAMS 0x0000000626000000| PB 0x0000000626000000| Complete |  0
| 153|0x0000000626400000, 0x0000000626800000, 0x0000000626800000|100%| E|CS|TAMS 0x0000000626400000| PB 0x0000000626400000| Complete |  0
| 154|0x0000000626800000, 0x0000000626c00000, 0x0000000626c00000|100%| E|CS|TAMS 0x0000000626800000| PB 0x0000000626800000| Complete |  0
| 155|0x0000000626c00000, 0x0000000627000000, 0x0000000627000000|100%| E|CS|TAMS 0x0000000626c00000| PB 0x0000000626c00000| Complete |  0
| 156|0x0000000627000000, 0x0000000627400000, 0x0000000627400000|100%| E|CS|TAMS 0x0000000627000000| PB 0x0000000627000000| Complete |  0
| 157|0x0000000627400000, 0x0000000627800000, 0x0000000627800000|100%| E|CS|TAMS 0x0000000627400000| PB 0x0000000627400000| Complete |  0
| 158|0x0000000627800000, 0x0000000627c00000, 0x0000000627c00000|100%| E|CS|TAMS 0x0000000627800000| PB 0x0000000627800000| Complete |  0
| 159|0x0000000627c00000, 0x0000000628000000, 0x0000000628000000|100%| E|CS|TAMS 0x0000000627c00000| PB 0x0000000627c00000| Complete |  0
| 160|0x0000000628000000, 0x0000000628400000, 0x0000000628400000|100%| E|CS|TAMS 0x0000000628000000| PB 0x0000000628000000| Complete |  0
| 161|0x0000000628400000, 0x0000000628800000, 0x0000000628800000|100%| E|CS|TAMS 0x0000000628400000| PB 0x0000000628400000| Complete |  0
| 162|0x0000000628800000, 0x0000000628c00000, 0x0000000628c00000|100%| E|CS|TAMS 0x0000000628800000| PB 0x0000000628800000| Complete |  0
| 163|0x0000000628c00000, 0x0000000629000000, 0x0000000629000000|100%| E|CS|TAMS 0x0000000628c00000| PB 0x0000000628c00000| Complete |  0
| 164|0x0000000629000000, 0x0000000629400000, 0x0000000629400000|100%| E|CS|TAMS 0x0000000629000000| PB 0x0000000629000000| Complete |  0
| 165|0x0000000629400000, 0x0000000629800000, 0x0000000629800000|100%| E|CS|TAMS 0x0000000629400000| PB 0x0000000629400000| Complete |  0
| 166|0x0000000629800000, 0x0000000629c00000, 0x0000000629c00000|100%| E|CS|TAMS 0x0000000629800000| PB 0x0000000629800000| Complete |  0
| 167|0x0000000629c00000, 0x000000062a000000, 0x000000062a000000|100%| E|CS|TAMS 0x0000000629c00000| PB 0x0000000629c00000| Complete |  0
| 168|0x000000062a000000, 0x000000062a400000, 0x000000062a400000|100%| E|CS|TAMS 0x000000062a000000| PB 0x000000062a000000| Complete |  0
| 169|0x000000062a400000, 0x000000062a800000, 0x000000062a800000|100%| E|CS|TAMS 0x000000062a400000| PB 0x000000062a400000| Complete |  0
| 170|0x000000062a800000, 0x000000062ac00000, 0x000000062ac00000|100%| E|CS|TAMS 0x000000062a800000| PB 0x000000062a800000| Complete |  0
| 171|0x000000062ac00000, 0x000000062b000000, 0x000000062b000000|100%| E|CS|TAMS 0x000000062ac00000| PB 0x000000062ac00000| Complete |  0
| 172|0x000000062b000000, 0x000000062b400000, 0x000000062b400000|100%| E|CS|TAMS 0x000000062b000000| PB 0x000000062b000000| Complete |  0
| 173|0x000000062b400000, 0x000000062b800000, 0x000000062b800000|100%| E|CS|TAMS 0x000000062b400000| PB 0x000000062b400000| Complete |  0
| 174|0x000000062b800000, 0x000000062bc00000, 0x000000062bc00000|100%| E|CS|TAMS 0x000000062b800000| PB 0x000000062b800000| Complete |  0
| 175|0x000000062bc00000, 0x000000062c000000, 0x000000062c000000|100%| E|CS|TAMS 0x000000062bc00000| PB 0x000000062bc00000| Complete |  0
| 176|0x000000062c000000, 0x000000062c400000, 0x000000062c400000|100%| E|CS|TAMS 0x000000062c000000| PB 0x000000062c000000| Complete |  0
| 177|0x000000062c400000, 0x000000062c800000, 0x000000062c800000|100%| E|CS|TAMS 0x000000062c400000| PB 0x000000062c400000| Complete |  0
| 178|0x000000062c800000, 0x000000062cc00000, 0x000000062cc00000|100%| E|CS|TAMS 0x000000062c800000| PB 0x000000062c800000| Complete |  0
| 179|0x000000062cc00000, 0x000000062d000000, 0x000000062d000000|100%| E|CS|TAMS 0x000000062cc00000| PB 0x000000062cc00000| Complete |  0
| 180|0x000000062d000000, 0x000000062d400000, 0x000000062d400000|100%| E|CS|TAMS 0x000000062d000000| PB 0x000000062d000000| Complete |  0
| 181|0x000000062d400000, 0x000000062d800000, 0x000000062d800000|100%| E|CS|TAMS 0x000000062d400000| PB 0x000000062d400000| Complete |  0
| 182|0x000000062d800000, 0x000000062dc00000, 0x000000062dc00000|100%| E|CS|TAMS 0x000000062d800000| PB 0x000000062d800000| Complete |  0
| 183|0x000000062dc00000, 0x000000062e000000, 0x000000062e000000|100%| E|CS|TAMS 0x000000062dc00000| PB 0x000000062dc00000| Complete |  0
| 184|0x000000062e000000, 0x000000062e400000, 0x000000062e400000|100%| E|CS|TAMS 0x000000062e000000| PB 0x000000062e000000| Complete |  0
| 185|0x000000062e400000, 0x000000062e800000, 0x000000062e800000|100%| E|CS|TAMS 0x000000062e400000| PB 0x000000062e400000| Complete |  0
| 186|0x000000062e800000, 0x000000062ec00000, 0x000000062ec00000|100%| E|CS|TAMS 0x000000062e800000| PB 0x000000062e800000| Complete |  0
| 187|0x000000062ec00000, 0x000000062f000000, 0x000000062f000000|100%| E|CS|TAMS 0x000000062ec00000| PB 0x000000062ec00000| Complete |  0
| 188|0x000000062f000000, 0x000000062f400000, 0x000000062f400000|100%| E|CS|TAMS 0x000000062f000000| PB 0x000000062f000000| Complete |  0
| 189|0x000000062f400000, 0x000000062f800000, 0x000000062f800000|100%| E|CS|TAMS 0x000000062f400000| PB 0x000000062f400000| Complete |  0
| 190|0x000000062f800000, 0x000000062fc00000, 0x000000062fc00000|100%| E|CS|TAMS 0x000000062f800000| PB 0x000000062f800000| Complete |  0
| 191|0x000000062fc00000, 0x0000000630000000, 0x0000000630000000|100%| E|CS|TAMS 0x000000062fc00000| PB 0x000000062fc00000| Complete |  0
| 192|0x0000000630000000, 0x0000000630400000, 0x0000000630400000|100%| E|CS|TAMS 0x0000000630000000| PB 0x0000000630000000| Complete |  0
| 193|0x0000000630400000, 0x0000000630800000, 0x0000000630800000|100%| E|CS|TAMS 0x0000000630400000| PB 0x0000000630400000| Complete |  0
| 194|0x0000000630800000, 0x0000000630c00000, 0x0000000630c00000|100%| E|CS|TAMS 0x0000000630800000| PB 0x0000000630800000| Complete |  0
| 195|0x0000000630c00000, 0x0000000631000000, 0x0000000631000000|100%| E|CS|TAMS 0x0000000630c00000| PB 0x0000000630c00000| Complete |  0
| 196|0x0000000631000000, 0x0000000631400000, 0x0000000631400000|100%| E|CS|TAMS 0x0000000631000000| PB 0x0000000631000000| Complete |  0
| 197|0x0000000631400000, 0x0000000631800000, 0x0000000631800000|100%| E|CS|TAMS 0x0000000631400000| PB 0x0000000631400000| Complete |  0
| 198|0x0000000631800000, 0x0000000631c00000, 0x0000000631c00000|100%| E|CS|TAMS 0x0000000631800000| PB 0x0000000631800000| Complete |  0
| 199|0x0000000631c00000, 0x0000000632000000, 0x0000000632000000|100%| E|CS|TAMS 0x0000000631c00000| PB 0x0000000631c00000| Complete |  0
| 200|0x0000000632000000, 0x0000000632400000, 0x0000000632400000|100%| E|CS|TAMS 0x0000000632000000| PB 0x0000000632000000| Complete |  0
| 201|0x0000000632400000, 0x0000000632800000, 0x0000000632800000|100%| E|CS|TAMS 0x0000000632400000| PB 0x0000000632400000| Complete |  0
| 202|0x0000000632800000, 0x0000000632c00000, 0x0000000632c00000|100%| E|CS|TAMS 0x0000000632800000| PB 0x0000000632800000| Complete |  0
| 203|0x0000000632c00000, 0x0000000633000000, 0x0000000633000000|100%| E|CS|TAMS 0x0000000632c00000| PB 0x0000000632c00000| Complete |  0
| 204|0x0000000633000000, 0x0000000633400000, 0x0000000633400000|100%| E|CS|TAMS 0x0000000633000000| PB 0x0000000633000000| Complete |  0
| 205|0x0000000633400000, 0x0000000633800000, 0x0000000633800000|100%| E|CS|TAMS 0x0000000633400000| PB 0x0000000633400000| Complete |  0
| 206|0x0000000633800000, 0x0000000633c00000, 0x0000000633c00000|100%| E|CS|TAMS 0x0000000633800000| PB 0x0000000633800000| Complete |  0
| 207|0x0000000633c00000, 0x0000000634000000, 0x0000000634000000|100%| E|CS|TAMS 0x0000000633c00000| PB 0x0000000633c00000| Complete |  0
| 208|0x0000000634000000, 0x0000000634400000, 0x0000000634400000|100%| E|CS|TAMS 0x0000000634000000| PB 0x0000000634000000| Complete |  0
| 209|0x0000000634400000, 0x0000000634800000, 0x0000000634800000|100%| E|CS|TAMS 0x0000000634400000| PB 0x0000000634400000| Complete |  0
| 210|0x0000000634800000, 0x0000000634c00000, 0x0000000634c00000|100%| E|CS|TAMS 0x0000000634800000| PB 0x0000000634800000| Complete |  0
| 211|0x0000000634c00000, 0x0000000635000000, 0x0000000635000000|100%| E|CS|TAMS 0x0000000634c00000| PB 0x0000000634c00000| Complete |  0
| 212|0x0000000635000000, 0x0000000635400000, 0x0000000635400000|100%| E|CS|TAMS 0x0000000635000000| PB 0x0000000635000000| Complete |  0
| 213|0x0000000635400000, 0x0000000635800000, 0x0000000635800000|100%| E|CS|TAMS 0x0000000635400000| PB 0x0000000635400000| Complete |  0
| 214|0x0000000635800000, 0x0000000635c00000, 0x0000000635c00000|100%| E|CS|TAMS 0x0000000635800000| PB 0x0000000635800000| Complete |  0
| 215|0x0000000635c00000, 0x0000000636000000, 0x0000000636000000|100%| E|CS|TAMS 0x0000000635c00000| PB 0x0000000635c00000| Complete |  0
| 216|0x0000000636000000, 0x0000000636400000, 0x0000000636400000|100%| E|CS|TAMS 0x0000000636000000| PB 0x0000000636000000| Complete |  0
| 217|0x0000000636400000, 0x0000000636800000, 0x0000000636800000|100%| E|CS|TAMS 0x0000000636400000| PB 0x0000000636400000| Complete |  0
| 218|0x0000000636800000, 0x0000000636c00000, 0x0000000636c00000|100%| E|CS|TAMS 0x0000000636800000| PB 0x0000000636800000| Complete |  0
| 219|0x0000000636c00000, 0x0000000637000000, 0x0000000637000000|100%| E|CS|TAMS 0x0000000636c00000| PB 0x0000000636c00000| Complete |  0
| 220|0x0000000637000000, 0x0000000637400000, 0x0000000637400000|100%| E|CS|TAMS 0x0000000637000000| PB 0x0000000637000000| Complete |  0
| 221|0x0000000637400000, 0x0000000637800000, 0x0000000637800000|100%| E|CS|TAMS 0x0000000637400000| PB 0x0000000637400000| Complete |  0
| 222|0x0000000637800000, 0x0000000637c00000, 0x0000000637c00000|100%| E|CS|TAMS 0x0000000637800000| PB 0x0000000637800000| Complete |  0
| 223|0x0000000637c00000, 0x0000000638000000, 0x0000000638000000|100%| E|CS|TAMS 0x0000000637c00000| PB 0x0000000637c00000| Complete |  0
| 224|0x0000000638000000, 0x0000000638400000, 0x0000000638400000|100%| E|CS|TAMS 0x0000000638000000| PB 0x0000000638000000| Complete |  0
| 225|0x0000000638400000, 0x0000000638800000, 0x0000000638800000|100%| E|CS|TAMS 0x0000000638400000| PB 0x0000000638400000| Complete |  0
| 226|0x0000000638800000, 0x0000000638c00000, 0x0000000638c00000|100%| E|CS|TAMS 0x0000000638800000| PB 0x0000000638800000| Complete |  0
| 227|0x0000000638c00000, 0x0000000639000000, 0x0000000639000000|100%| E|CS|TAMS 0x0000000638c00000| PB 0x0000000638c00000| Complete |  0
| 228|0x0000000639000000, 0x0000000639400000, 0x0000000639400000|100%| E|CS|TAMS 0x0000000639000000| PB 0x0000000639000000| Complete |  0
| 229|0x0000000639400000, 0x0000000639800000, 0x0000000639800000|100%| E|CS|TAMS 0x0000000639400000| PB 0x0000000639400000| Complete |  0
| 230|0x0000000639800000, 0x0000000639c00000, 0x0000000639c00000|100%| E|CS|TAMS 0x0000000639800000| PB 0x0000000639800000| Complete |  0
| 231|0x0000000639c00000, 0x000000063a000000, 0x000000063a000000|100%| E|CS|TAMS 0x0000000639c00000| PB 0x0000000639c00000| Complete |  0
| 232|0x000000063a000000, 0x000000063a400000, 0x000000063a400000|100%| E|CS|TAMS 0x000000063a000000| PB 0x000000063a000000| Complete |  0
| 233|0x000000063a400000, 0x000000063a800000, 0x000000063a800000|100%| E|CS|TAMS 0x000000063a400000| PB 0x000000063a400000| Complete |  0
| 234|0x000000063a800000, 0x000000063ac00000, 0x000000063ac00000|100%| E|CS|TAMS 0x000000063a800000| PB 0x000000063a800000| Complete |  0
| 235|0x000000063ac00000, 0x000000063b000000, 0x000000063b000000|100%| E|CS|TAMS 0x000000063ac00000| PB 0x000000063ac00000| Complete |  0
| 236|0x000000063b000000, 0x000000063b400000, 0x000000063b400000|100%| E|CS|TAMS 0x000000063b000000| PB 0x000000063b000000| Complete |  0
| 237|0x000000063b400000, 0x000000063b800000, 0x000000063b800000|100%| E|CS|TAMS 0x000000063b400000| PB 0x000000063b400000| Complete |  0
| 238|0x000000063b800000, 0x000000063bc00000, 0x000000063bc00000|100%| E|CS|TAMS 0x000000063b800000| PB 0x000000063b800000| Complete |  0
| 239|0x000000063bc00000, 0x000000063c000000, 0x000000063c000000|100%| E|CS|TAMS 0x000000063bc00000| PB 0x000000063bc00000| Complete |  0
| 240|0x000000063c000000, 0x000000063c400000, 0x000000063c400000|100%| E|CS|TAMS 0x000000063c000000| PB 0x000000063c000000| Complete |  0
| 241|0x000000063c400000, 0x000000063c800000, 0x000000063c800000|100%| E|CS|TAMS 0x000000063c400000| PB 0x000000063c400000| Complete |  0
| 242|0x000000063c800000, 0x000000063cc00000, 0x000000063cc00000|100%| E|CS|TAMS 0x000000063c800000| PB 0x000000063c800000| Complete |  0
| 243|0x000000063cc00000, 0x000000063d000000, 0x000000063d000000|100%| E|CS|TAMS 0x000000063cc00000| PB 0x000000063cc00000| Complete |  0
| 244|0x000000063d000000, 0x000000063d400000, 0x000000063d400000|100%| E|CS|TAMS 0x000000063d000000| PB 0x000000063d000000| Complete |  0
| 245|0x000000063d400000, 0x000000063d800000, 0x000000063d800000|100%| E|CS|TAMS 0x000000063d400000| PB 0x000000063d400000| Complete |  0
| 246|0x000000063d800000, 0x000000063dc00000, 0x000000063dc00000|100%| E|CS|TAMS 0x000000063d800000| PB 0x000000063d800000| Complete |  0
| 247|0x000000063dc00000, 0x000000063e000000, 0x000000063e000000|100%| E|CS|TAMS 0x000000063dc00000| PB 0x000000063dc00000| Complete |  0
| 248|0x000000063e000000, 0x000000063e400000, 0x000000063e400000|100%| E|CS|TAMS 0x000000063e000000| PB 0x000000063e000000| Complete |  0
| 249|0x000000063e400000, 0x000000063e800000, 0x000000063e800000|100%| E|CS|TAMS 0x000000063e400000| PB 0x000000063e400000| Complete |  0
| 250|0x000000063e800000, 0x000000063ec00000, 0x000000063ec00000|100%| E|CS|TAMS 0x000000063e800000| PB 0x000000063e800000| Complete |  0
| 251|0x000000063ec00000, 0x000000063f000000, 0x000000063f000000|100%| E|CS|TAMS 0x000000063ec00000| PB 0x000000063ec00000| Complete |  0
| 252|0x000000063f000000, 0x000000063f400000, 0x000000063f400000|100%| E|CS|TAMS 0x000000063f000000| PB 0x000000063f000000| Complete |  0
| 253|0x000000063f400000, 0x000000063f800000, 0x000000063f800000|100%| E|CS|TAMS 0x000000063f400000| PB 0x000000063f400000| Complete |  0
| 254|0x000000063f800000, 0x000000063fc00000, 0x000000063fc00000|100%| E|CS|TAMS 0x000000063f800000| PB 0x000000063f800000| Complete |  0
| 255|0x000000063fc00000, 0x0000000640000000, 0x0000000640000000|100%| E|CS|TAMS 0x000000063fc00000| PB 0x000000063fc00000| Complete |  0
| 256|0x0000000640000000, 0x0000000640400000, 0x0000000640400000|100%| E|CS|TAMS 0x0000000640000000| PB 0x0000000640000000| Complete |  0
| 257|0x0000000640400000, 0x0000000640800000, 0x0000000640800000|100%| E|CS|TAMS 0x0000000640400000| PB 0x0000000640400000| Complete |  0
| 258|0x0000000640800000, 0x0000000640c00000, 0x0000000640c00000|100%| E|CS|TAMS 0x0000000640800000| PB 0x0000000640800000| Complete |  0
| 259|0x0000000640c00000, 0x0000000641000000, 0x0000000641000000|100%| E|CS|TAMS 0x0000000640c00000| PB 0x0000000640c00000| Complete |  0
| 260|0x0000000641000000, 0x0000000641400000, 0x0000000641400000|100%| E|CS|TAMS 0x0000000641000000| PB 0x0000000641000000| Complete |  0
| 261|0x0000000641400000, 0x0000000641800000, 0x0000000641800000|100%| E|CS|TAMS 0x0000000641400000| PB 0x0000000641400000| Complete |  0
| 262|0x0000000641800000, 0x0000000641c00000, 0x0000000641c00000|100%| E|CS|TAMS 0x0000000641800000| PB 0x0000000641800000| Complete |  0
| 263|0x0000000641c00000, 0x0000000642000000, 0x0000000642000000|100%| E|CS|TAMS 0x0000000641c00000| PB 0x0000000641c00000| Complete |  0
| 264|0x0000000642000000, 0x0000000642400000, 0x0000000642400000|100%| E|CS|TAMS 0x0000000642000000| PB 0x0000000642000000| Complete |  0
| 265|0x0000000642400000, 0x0000000642800000, 0x0000000642800000|100%| E|CS|TAMS 0x0000000642400000| PB 0x0000000642400000| Complete |  0
| 266|0x0000000642800000, 0x0000000642c00000, 0x0000000642c00000|100%| E|CS|TAMS 0x0000000642800000| PB 0x0000000642800000| Complete |  0
| 267|0x0000000642c00000, 0x0000000643000000, 0x0000000643000000|100%| E|CS|TAMS 0x0000000642c00000| PB 0x0000000642c00000| Complete |  0
| 268|0x0000000643000000, 0x0000000643400000, 0x0000000643400000|100%| E|CS|TAMS 0x0000000643000000| PB 0x0000000643000000| Complete |  0
| 269|0x0000000643400000, 0x0000000643800000, 0x0000000643800000|100%| E|CS|TAMS 0x0000000643400000| PB 0x0000000643400000| Complete |  0
| 270|0x0000000643800000, 0x0000000643c00000, 0x0000000643c00000|100%| E|CS|TAMS 0x0000000643800000| PB 0x0000000643800000| Complete |  0
| 271|0x0000000643c00000, 0x0000000644000000, 0x0000000644000000|100%| E|CS|TAMS 0x0000000643c00000| PB 0x0000000643c00000| Complete |  0
| 272|0x0000000644000000, 0x0000000644400000, 0x0000000644400000|100%| E|CS|TAMS 0x0000000644000000| PB 0x0000000644000000| Complete |  0
| 273|0x0000000644400000, 0x0000000644800000, 0x0000000644800000|100%| E|CS|TAMS 0x0000000644400000| PB 0x0000000644400000| Complete |  0
| 274|0x0000000644800000, 0x0000000644c00000, 0x0000000644c00000|100%| E|CS|TAMS 0x0000000644800000| PB 0x0000000644800000| Complete |  0
| 275|0x0000000644c00000, 0x0000000645000000, 0x0000000645000000|100%| E|CS|TAMS 0x0000000644c00000| PB 0x0000000644c00000| Complete |  0
| 276|0x0000000645000000, 0x0000000645400000, 0x0000000645400000|100%| E|CS|TAMS 0x0000000645000000| PB 0x0000000645000000| Complete |  0
| 277|0x0000000645400000, 0x0000000645800000, 0x0000000645800000|100%| E|CS|TAMS 0x0000000645400000| PB 0x0000000645400000| Complete |  0
| 278|0x0000000645800000, 0x0000000645c00000, 0x0000000645c00000|100%| E|CS|TAMS 0x0000000645800000| PB 0x0000000645800000| Complete |  0
| 279|0x0000000645c00000, 0x0000000646000000, 0x0000000646000000|100%| E|CS|TAMS 0x0000000645c00000| PB 0x0000000645c00000| Complete |  0
| 280|0x0000000646000000, 0x0000000646400000, 0x0000000646400000|100%| E|CS|TAMS 0x0000000646000000| PB 0x0000000646000000| Complete |  0
| 281|0x0000000646400000, 0x0000000646800000, 0x0000000646800000|100%| E|CS|TAMS 0x0000000646400000| PB 0x0000000646400000| Complete |  0
| 282|0x0000000646800000, 0x0000000646c00000, 0x0000000646c00000|100%| E|CS|TAMS 0x0000000646800000| PB 0x0000000646800000| Complete |  0
| 283|0x0000000646c00000, 0x0000000647000000, 0x0000000647000000|100%| E|CS|TAMS 0x0000000646c00000| PB 0x0000000646c00000| Complete |  0
| 284|0x0000000647000000, 0x0000000647400000, 0x0000000647400000|100%| E|CS|TAMS 0x0000000647000000| PB 0x0000000647000000| Complete |  0
| 285|0x0000000647400000, 0x0000000647800000, 0x0000000647800000|100%| E|CS|TAMS 0x0000000647400000| PB 0x0000000647400000| Complete |  0
| 286|0x0000000647800000, 0x0000000647c00000, 0x0000000647c00000|100%| E|CS|TAMS 0x0000000647800000| PB 0x0000000647800000| Complete |  0
| 287|0x0000000647c00000, 0x0000000648000000, 0x0000000648000000|100%| E|CS|TAMS 0x0000000647c00000| PB 0x0000000647c00000| Complete |  0
| 288|0x0000000648000000, 0x0000000648400000, 0x0000000648400000|100%| E|CS|TAMS 0x0000000648000000| PB 0x0000000648000000| Complete |  0
| 289|0x0000000648400000, 0x0000000648800000, 0x0000000648800000|100%| E|CS|TAMS 0x0000000648400000| PB 0x0000000648400000| Complete |  0
| 290|0x0000000648800000, 0x0000000648c00000, 0x0000000648c00000|100%| E|CS|TAMS 0x0000000648800000| PB 0x0000000648800000| Complete |  0
| 291|0x0000000648c00000, 0x0000000649000000, 0x0000000649000000|100%| E|CS|TAMS 0x0000000648c00000| PB 0x0000000648c00000| Complete |  0
| 292|0x0000000649000000, 0x0000000649400000, 0x0000000649400000|100%| E|CS|TAMS 0x0000000649000000| PB 0x0000000649000000| Complete |  0
| 293|0x0000000649400000, 0x0000000649800000, 0x0000000649800000|100%| E|CS|TAMS 0x0000000649400000| PB 0x0000000649400000| Complete |  0
| 294|0x0000000649800000, 0x0000000649c00000, 0x0000000649c00000|100%| E|CS|TAMS 0x0000000649800000| PB 0x0000000649800000| Complete |  0
| 295|0x0000000649c00000, 0x000000064a000000, 0x000000064a000000|100%| E|CS|TAMS 0x0000000649c00000| PB 0x0000000649c00000| Complete |  0
| 296|0x000000064a000000, 0x000000064a400000, 0x000000064a400000|100%| E|CS|TAMS 0x000000064a000000| PB 0x000000064a000000| Complete |  0
| 297|0x000000064a400000, 0x000000064a800000, 0x000000064a800000|100%| E|CS|TAMS 0x000000064a400000| PB 0x000000064a400000| Complete |  0
| 298|0x000000064a800000, 0x000000064ac00000, 0x000000064ac00000|100%| E|CS|TAMS 0x000000064a800000| PB 0x000000064a800000| Complete |  0
| 299|0x000000064ac00000, 0x000000064b000000, 0x000000064b000000|100%| E|CS|TAMS 0x000000064ac00000| PB 0x000000064ac00000| Complete |  0
| 300|0x000000064b000000, 0x000000064b400000, 0x000000064b400000|100%| E|CS|TAMS 0x000000064b000000| PB 0x000000064b000000| Complete |  0
| 301|0x000000064b400000, 0x000000064b800000, 0x000000064b800000|100%| E|CS|TAMS 0x000000064b400000| PB 0x000000064b400000| Complete |  0
| 302|0x000000064b800000, 0x000000064bc00000, 0x000000064bc00000|100%| E|CS|TAMS 0x000000064b800000| PB 0x000000064b800000| Complete |  0
| 303|0x000000064bc00000, 0x000000064c000000, 0x000000064c000000|100%| E|CS|TAMS 0x000000064bc00000| PB 0x000000064bc00000| Complete |  0
| 304|0x000000064c000000, 0x000000064c400000, 0x000000064c400000|100%| E|CS|TAMS 0x000000064c000000| PB 0x000000064c000000| Complete |  0
| 305|0x000000064c400000, 0x000000064c800000, 0x000000064c800000|100%| E|CS|TAMS 0x000000064c400000| PB 0x000000064c400000| Complete |  0
|2032|0x00000007fc000000, 0x00000007fc400000, 0x00000007fc400000|100%| E|CS|TAMS 0x00000007fc000000| PB 0x00000007fc000000| Complete |  0
|2033|0x00000007fc400000, 0x00000007fc800000, 0x00000007fc800000|100%| E|CS|TAMS 0x00000007fc400000| PB 0x00000007fc400000| Complete |  0
|2034|0x00000007fc800000, 0x00000007fcc00000, 0x00000007fcc00000|100%| E|CS|TAMS 0x00000007fc800000| PB 0x00000007fc800000| Complete |  0
|2035|0x00000007fcc00000, 0x00000007fd000000, 0x00000007fd000000|100%| E|CS|TAMS 0x00000007fcc00000| PB 0x00000007fcc00000| Complete |  0
|2036|0x00000007fd000000, 0x00000007fd400000, 0x00000007fd400000|100%| E|CS|TAMS 0x00000007fd000000| PB 0x00000007fd000000| Complete |  0
|2037|0x00000007fd400000, 0x00000007fd800000, 0x00000007fd800000|100%| E|CS|TAMS 0x00000007fd400000| PB 0x00000007fd400000| Complete |  0
|2038|0x00000007fd800000, 0x00000007fdc00000, 0x00000007fdc00000|100%| E|CS|TAMS 0x00000007fd800000| PB 0x00000007fd800000| Complete |  0
|2039|0x00000007fdc00000, 0x00000007fe000000, 0x00000007fe000000|100%| O|  |TAMS 0x00000007fdc00000| PB 0x00000007fdc00000| Untracked |  0
|2040|0x00000007fe000000, 0x00000007fe400000, 0x00000007fe400000|100%| O|  |TAMS 0x00000007fe000000| PB 0x00000007fe000000| Untracked |  0
|2041|0x00000007fe400000, 0x00000007fe800000, 0x00000007fe800000|100%| O|  |TAMS 0x00000007fe400000| PB 0x00000007fe400000| Untracked |  0
|2042|0x00000007fe800000, 0x00000007fec00000, 0x00000007fec00000|100%| O|  |TAMS 0x00000007fe800000| PB 0x00000007fe800000| Untracked |  0
|2043|0x00000007fec00000, 0x00000007ff000000, 0x00000007ff000000|100%| E|CS|TAMS 0x00000007fec00000| PB 0x00000007fec00000| Complete |  0
|2044|0x00000007ff000000, 0x00000007ff400000, 0x00000007ff400000|100%| O|  |TAMS 0x00000007ff000000| PB 0x00000007ff000000| Untracked |  0
|2045|0x00000007ff400000, 0x00000007ff800000, 0x00000007ff800000|100%| E|CS|TAMS 0x00000007ff400000| PB 0x00000007ff400000| Complete |  0
|2046|0x00000007ff800000, 0x00000007ffc00000, 0x00000007ffc00000|100%| O|  |TAMS 0x00000007ff800000| PB 0x00000007ff800000| Untracked |  0
|2047|0x00000007ffc00000, 0x0000000800000000, 0x0000000800000000|100%| O|  |TAMS 0x00000007ffc00000| PB 0x00000007ffc00000| Untracked |  0

Card table byte_map: [0x000002686e890000,0x000002686f890000] _byte_map_base: 0x000002686b890000

Marking Bits: (CMBitMap*) 0x0000026848df6580
 Bits: [0x000002686f890000, 0x0000026877890000)

Polling page: 0x00000268468d0000

Metaspace:
Metaspace        used 215457K, committed 217984K, reserved 1245184K
 class space     used 29748K, committed 30912K, reserved 1048576K

Usage:
  Non-class:    181.36 MB used.
      Class:     29.05 MB used.
       Both:    210.41 MB used.

Virtual space:
  Non-class space:      192.00 MB reserved,     182.69 MB ( 95%) committed,  3 nodes.
      Class space:        1.00 GB reserved,      30.19 MB (  3%) committed,  1 nodes.
             Both:        1.19 GB reserved,     212.88 MB ( 18%) committed. 

Chunk freelists:
   Non-Class:  9.34 MB
       Class:  1.77 MB
        Both:  11.11 MB

MaxMetaspaceSize: 4.00 GB
CompressedClassSpaceSize: 1.00 GB
Initial GC threshold: 21.00 MB
Current GC threshold: 346.38 MB
CDS: off
 - commit_granule_bytes: 65536.
 - commit_granule_words: 8192.
 - virtual_space_node_default_size: 8388608.
 - enlarge_chunks_in_place: 1.
UseCompressedClassPointers 1, UseCompactObjectHeaders 0
Narrow klass pointer bits 32, Max shift 3
Narrow klass base: 0x0000000000000000, Narrow klass shift: 0
Encoding Range: [0x0000000000000000 - 0x0000000100000000), (4294967296 bytes)
Klass Range:    [0x0000000090000000 - 0x00000000d0000000), (1073741824 bytes)
Klass ID Range:  [2415919104 - 3489660921) (1073741817)
No protection zone.


Internal statistics:

num_allocs_failed_limit: 15.
num_arena_births: 4756.
num_arena_deaths: 2.
num_vsnodes_births: 4.
num_vsnodes_deaths: 0.
num_space_committed: 3405.
num_space_uncommitted: 0.
num_chunks_returned_to_freelist: 19.
num_chunks_taken_from_freelist: 12801.
num_chunk_merges: 15.
num_chunk_splits: 9263.
num_chunks_enlarged: 6949.
num_inconsistent_stats: 0.

CodeHeap 'non-profiled nmethods': size=258176Kb used=17797Kb max_used=17797Kb free=240378Kb
 bounds [0x000002685c610000, 0x000002685d780000, 0x000002686c230000]
CodeHeap 'profiled nmethods': size=258112Kb used=53772Kb max_used=53772Kb free=204339Kb
 bounds [0x000002684c230000, 0x000002684f6c0000, 0x000002685be40000]
CodeHeap 'non-nmethods': size=8000Kb used=4987Kb max_used=5166Kb free=3012Kb
 bounds [0x000002685be40000, 0x000002685c360000, 0x000002685c610000]
CodeCache: size=524288Kb, used=76556Kb, max_used=76735Kb, free=447729Kb
 total_blobs=31009, nmethods=29755, adapters=1150, full_count=0
Compilation: enabled, stopped_count=0, restarted_count=0

Compilation events (20 events):
Event: 28.862 Thread 0x000002681f711600 nmethod 35096 0x000002685d75fb88 code [0x000002685d75fc80, 0x000002685d761438]
Event: 28.862 Thread 0x000002681f711600 35100       4       org.gradle.internal.snapshot.MerkleDirectorySnapshotBuilder$Directory::fold (145 bytes)
Event: 28.871 Thread 0x0000026808415f90 nmethod 35093 0x000002685d761488 code [0x000002685d761580, 0x000002685d764bc0]
Event: 28.871 Thread 0x0000026808415f90 35101       4       org.gradle.cache.internal.btree.BTreePersistentIndexedCache$DataBlock::setValue (45 bytes)
Event: 28.875 Thread 0x000002680ef59c60 nmethod 35098 0x000002685d764c08 code [0x000002685d764d00, 0x000002685d766d40]
Event: 28.875 Thread 0x000002680ef59c60 35099       4       org.gradle.internal.serialize.kryo.KryoBackedDecoder::<init> (26 bytes)
Event: 28.875 Thread 0x0000026808415f90 nmethod 35101 0x000002685d766e08 code [0x000002685d766f00, 0x000002685d767e10]
Event: 28.876 Thread 0x000002680ef59c60 nmethod 35099 0x000002685d767e88 code [0x000002685d767f80, 0x000002685d768630]
Event: 28.876 Thread 0x0000026808415f90 35102   !   4       org.gradle.internal.execution.impl.DefaultInputFingerprinter$InputCollectingVisitor::visitInputFileProperty (152 bytes)
Event: 28.877 Thread 0x000002680ef59c60 35103       4       org.gradle.internal.execution.impl.DefaultFileCollectionFingerprinterRegistry::getFingerprinter (67 bytes)
Event: 28.881 Thread 0x000002680ef59c60 nmethod 35103 0x000002685d768688 code [0x000002685d768780, 0x000002685d768f68]
Event: 28.882 Thread 0x000002680ef59c60 35104       4       org.gradle.internal.snapshot.impl.HashCodeSnapshot::appendToHasher (14 bytes)
Event: 28.887 Thread 0x000002680ef59c60 nmethod 35104 0x000002685d768f88 code [0x000002685d769080, 0x000002685d769930]
Event: 28.887 Thread 0x000002680ef59c60 35105       4       org.gradle.internal.execution.impl.DefaultInputFingerprinter$InputCollectingVisitor::<init> (71 bytes)
Event: 28.890 Thread 0x000002680ef59c60 nmethod 35105 0x000002685d769988 code [0x000002685d769a80, 0x000002685d76acc8]
Event: 28.892 Thread 0x00000268040986c0 nmethod 35089 0x000002685d76ad08 code [0x000002685d76ae00, 0x000002685d771228]
Event: 28.892 Thread 0x000002680ef59c60 35106       4       org.gradle.api.internal.artifacts.transform.AbstractTransformExecution::visitOutputs (79 bytes)
Event: 28.894 Thread 0x00000268040986c0 35107   !   4       sun.nio.ch.FileLockTable::removeStaleEntries (71 bytes)
Event: 28.895 Thread 0x00000268040986c0 nmethod 35107 0x000002685d771308 code [0x000002685d771400, 0x000002685d771718]
Event: 28.895 Thread 0x00000268040986c0 35108   !   4       sun.nio.ch.FileLockTable::add (205 bytes)

GC Heap Usage History (20 events):
Event: 24.960 {heap After GC invocations=63 (full 0):
 garbage-first heap   total reserved 8388608K, committed 659456K, used 247298K [0x0000000600000000, 0x0000000800000000)
  region size 4096K, 7 young (28672K), 7 survivors (28672K)
}
Event: 25.033 {heap Before GC invocations=64 (full 0):
 garbage-first heap   total reserved 8388608K, committed 659456K, used 607746K [0x0000000600000000, 0x0000000800000000)
  region size 4096K, 96 young (393216K), 7 survivors (28672K)
}
Event: 25.038 {heap After GC invocations=65 (full 0):
 garbage-first heap   total reserved 8388608K, committed 1318912K, used 240560K [0x0000000600000000, 0x0000000800000000)
  region size 4096K, 7 young (28672K), 7 survivors (28672K)
}
Event: 25.228 {heap Before GC invocations=65 (full 0):
 garbage-first heap   total reserved 8388608K, committed 1318912K, used 998320K [0x0000000600000000, 0x0000000800000000)
  region size 4096K, 193 young (790528K), 7 survivors (28672K)
}
Event: 25.232 {heap After GC invocations=66 (full 0):
 garbage-first heap   total reserved 8388608K, committed 1318912K, used 245264K [0x0000000600000000, 0x0000000800000000)
  region size 4096K, 8 young (32768K), 8 survivors (32768K)
}
Event: 25.532 {heap Before GC invocations=66 (full 0):
 garbage-first heap   total reserved 8388608K, committed 1318912K, used 1003024K [0x0000000600000000, 0x0000000800000000)
  region size 4096K, 193 young (790528K), 8 survivors (32768K)
}
Event: 25.537 {heap After GC invocations=67 (full 0):
 garbage-first heap   total reserved 8388608K, committed 1318912K, used 240017K [0x0000000600000000, 0x0000000800000000)
  region size 4096K, 8 young (32768K), 8 survivors (32768K)
}
Event: 26.104 {heap Before GC invocations=67 (full 0):
 garbage-first heap   total reserved 8388608K, committed 1318912K, used 997777K [0x0000000600000000, 0x0000000800000000)
  region size 4096K, 193 young (790528K), 8 survivors (32768K)
}
Event: 26.107 {heap After GC invocations=68 (full 0):
 garbage-first heap   total reserved 8388608K, committed 1318912K, used 231302K [0x0000000600000000, 0x0000000800000000)
  region size 4096K, 6 young (24576K), 6 survivors (24576K)
}
Event: 28.013 {heap Before GC invocations=68 (full 0):
 garbage-first heap   total reserved 8388608K, committed 1318912K, used 993158K [0x0000000600000000, 0x0000000800000000)
  region size 4096K, 193 young (790528K), 6 survivors (24576K)
}
Event: 28.018 {heap After GC invocations=69 (full 0):
 garbage-first heap   total reserved 8388608K, committed 1318912K, used 255746K [0x0000000600000000, 0x0000000800000000)
  region size 4096K, 12 young (49152K), 12 survivors (49152K)
}
Event: 28.122 {heap Before GC invocations=69 (full 0):
 garbage-first heap   total reserved 8388608K, committed 1318912K, used 993026K [0x0000000600000000, 0x0000000800000000)
  region size 4096K, 193 young (790528K), 12 survivors (49152K)
}
Event: 28.127 {heap After GC invocations=70 (full 0):
 garbage-first heap   total reserved 8388608K, committed 1318912K, used 258126K [0x0000000600000000, 0x0000000800000000)
  region size 4096K, 12 young (49152K), 12 survivors (49152K)
}
Event: 28.183 {heap Before GC invocations=70 (full 0):
 garbage-first heap   total reserved 8388608K, committed 1318912K, used 995406K [0x0000000600000000, 0x0000000800000000)
  region size 4096K, 193 young (790528K), 12 survivors (49152K)
}
Event: 28.188 {heap After GC invocations=71 (full 0):
 garbage-first heap   total reserved 8388608K, committed 1318912K, used 261997K [0x0000000600000000, 0x0000000800000000)
  region size 4096K, 13 young (53248K), 13 survivors (53248K)
}
Event: 28.784 {heap Before GC invocations=71 (full 0):
 garbage-first heap   total reserved 8388608K, committed 1318912K, used 995181K [0x0000000600000000, 0x0000000800000000)
  region size 4096K, 193 young (790528K), 13 survivors (53248K)
}
Event: 28.790 {heap After GC invocations=72 (full 0):
 garbage-first heap   total reserved 8388608K, committed 1318912K, used 274140K [0x0000000600000000, 0x0000000800000000)
  region size 4096K, 16 young (65536K), 16 survivors (65536K)
}
Event: 28.840 {heap Before GC invocations=72 (full 0):
 garbage-first heap   total reserved 8388608K, committed 1318912K, used 999132K [0x0000000600000000, 0x0000000800000000)
  region size 4096K, 193 young (790528K), 16 survivors (65536K)
}
Event: 28.846 {heap After GC invocations=73 (full 0):
 garbage-first heap   total reserved 8388608K, committed 1318912K, used 276880K [0x0000000600000000, 0x0000000800000000)
  region size 4096K, 14 young (57344K), 14 survivors (57344K)
}
Event: 28.895 {heap Before GC invocations=73 (full 0):
 garbage-first heap   total reserved 8388608K, committed 1318912K, used 1005968K [0x0000000600000000, 0x0000000800000000)
  region size 4096K, 193 young (790528K), 14 survivors (57344K)
}

Metaspace Usage History (20 events):
Event: 24.960 {metaspace After GC invocations=63 (full 0):
 Metaspace       used 210474K, committed 212800K, reserved 1245184K
  class space    used 29065K, committed 30144K, reserved 1048576K
}
Event: 25.033 {metaspace Before GC invocations=64 (full 0):
 Metaspace       used 210468K, committed 212800K, reserved 1245184K
  class space    used 29061K, committed 30144K, reserved 1048576K
}
Event: 25.038 {metaspace After GC invocations=65 (full 0):
 Metaspace       used 210468K, committed 212800K, reserved 1245184K
  class space    used 29061K, committed 30144K, reserved 1048576K
}
Event: 25.228 {metaspace Before GC invocations=65 (full 0):
 Metaspace       used 210488K, committed 212800K, reserved 1245184K
  class space    used 29065K, committed 30144K, reserved 1048576K
}
Event: 25.232 {metaspace After GC invocations=66 (full 0):
 Metaspace       used 210488K, committed 212800K, reserved 1245184K
  class space    used 29065K, committed 30144K, reserved 1048576K
}
Event: 25.532 {metaspace Before GC invocations=66 (full 0):
 Metaspace       used 210494K, committed 212800K, reserved 1245184K
  class space    used 29065K, committed 30144K, reserved 1048576K
}
Event: 25.537 {metaspace After GC invocations=67 (full 0):
 Metaspace       used 210494K, committed 212800K, reserved 1245184K
  class space    used 29065K, committed 30144K, reserved 1048576K
}
Event: 26.104 {metaspace Before GC invocations=67 (full 0):
 Metaspace       used 210535K, committed 212800K, reserved 1245184K
  class space    used 29069K, committed 30144K, reserved 1048576K
}
Event: 26.107 {metaspace After GC invocations=68 (full 0):
 Metaspace       used 210535K, committed 212800K, reserved 1245184K
  class space    used 29069K, committed 30144K, reserved 1048576K
}
Event: 28.013 {metaspace Before GC invocations=68 (full 0):
 Metaspace       used 214810K, committed 217344K, reserved 1245184K
  class space    used 29707K, committed 30912K, reserved 1048576K
}
Event: 28.018 {metaspace After GC invocations=69 (full 0):
 Metaspace       used 214810K, committed 217344K, reserved 1245184K
  class space    used 29707K, committed 30912K, reserved 1048576K
}
Event: 28.122 {metaspace Before GC invocations=69 (full 0):
 Metaspace       used 214816K, committed 217344K, reserved 1245184K
  class space    used 29707K, committed 30912K, reserved 1048576K
}
Event: 28.127 {metaspace After GC invocations=70 (full 0):
 Metaspace       used 214816K, committed 217344K, reserved 1245184K
  class space    used 29707K, committed 30912K, reserved 1048576K
}
Event: 28.183 {metaspace Before GC invocations=70 (full 0):
 Metaspace       used 214821K, committed 217344K, reserved 1245184K
  class space    used 29709K, committed 30912K, reserved 1048576K
}
Event: 28.188 {metaspace After GC invocations=71 (full 0):
 Metaspace       used 214821K, committed 217344K, reserved 1245184K
  class space    used 29709K, committed 30912K, reserved 1048576K
}
Event: 28.784 {metaspace Before GC invocations=71 (full 0):
 Metaspace       used 215457K, committed 217984K, reserved 1245184K
  class space    used 29748K, committed 30912K, reserved 1048576K
}
Event: 28.790 {metaspace After GC invocations=72 (full 0):
 Metaspace       used 215457K, committed 217984K, reserved 1245184K
  class space    used 29748K, committed 30912K, reserved 1048576K
}
Event: 28.840 {metaspace Before GC invocations=72 (full 0):
 Metaspace       used 215457K, committed 217984K, reserved 1245184K
  class space    used 29748K, committed 30912K, reserved 1048576K
}
Event: 28.846 {metaspace After GC invocations=73 (full 0):
 Metaspace       used 215457K, committed 217984K, reserved 1245184K
  class space    used 29748K, committed 30912K, reserved 1048576K
}
Event: 28.895 {metaspace Before GC invocations=73 (full 0):
 Metaspace       used 215457K, committed 217984K, reserved 1245184K
  class space    used 29748K, committed 30912K, reserved 1048576K
}

Dll operation events (3 events):
Event: 0.008 Loaded shared library C:\Program Files\Android\Android Studio\jbr\bin\java.dll
Event: 0.011 Loaded shared library C:\Program Files\Android\Android Studio\jbr\bin\zip.dll
Event: 0.244 Loaded shared library C:\Program Files\Android\Android Studio\jbr\bin\verify.dll

Deoptimization events (20 events):
Event: 28.403 Thread 0x00000268077d1650 Uncommon trap: trap_request=0xffffff45 fr.pc=0x000002685cf32ccc relative=0x00000000000013ac
Event: 28.403 Thread 0x00000268077d1650 Uncommon trap: reason=unstable_if action=reinterpret pc=0x000002685cf32ccc method=org.jetbrains.kotlin.lexer._JetLexer.advance()Lorg/jetbrains/kotlin/com/intellij/psi/tree/IElementType; @ 403 c2
Event: 28.403 Thread 0x00000268077d1650 DEOPT PACKING pc=0x000002685cf32ccc sp=0x0000008dae9f7bd0
Event: 28.403 Thread 0x00000268077d1650 DEOPT UNPACKING pc=0x000002685bf67e02 sp=0x0000008dae9f7b28 mode 2
Event: 28.434 Thread 0x00000268077d1650 Uncommon trap: trap_request=0xffffffdc fr.pc=0x000002685c83b690 relative=0x0000000000000790
Event: 28.434 Thread 0x00000268077d1650 Uncommon trap: reason=class_check action=make_not_entrant pc=0x000002685c83b690 method=java.util.ArrayList.toArray([Ljava/lang/Object;)[Ljava/lang/Object; @ 21 c2
Event: 28.434 Thread 0x00000268077d1650 DEOPT PACKING pc=0x000002685c83b690 sp=0x0000008dae9f5a10
Event: 28.434 Thread 0x00000268077d1650 DEOPT UNPACKING pc=0x000002685bf67e02 sp=0x0000008dae9f5860 mode 2
Event: 28.718 Thread 0x00000268077d1650 Uncommon trap: trap_request=0xffffff45 fr.pc=0x000002685d67c6c8 relative=0x00000000000016a8
Event: 28.718 Thread 0x00000268077d1650 Uncommon trap: reason=unstable_if action=reinterpret pc=0x000002685d67c6c8 method=com.esotericsoftware.kryo.io.Output.writeString(Ljava/lang/String;)V @ 39 c2
Event: 28.718 Thread 0x00000268077d1650 DEOPT PACKING pc=0x000002685d67c6c8 sp=0x0000008dae9f8690
Event: 28.718 Thread 0x00000268077d1650 DEOPT UNPACKING pc=0x000002685bf67e02 sp=0x0000008dae9f8560 mode 2
Event: 28.793 Thread 0x00000268077d1650 Uncommon trap: trap_request=0xffffff45 fr.pc=0x000002685d264a80 relative=0x0000000000001200
Event: 28.793 Thread 0x00000268077d1650 Uncommon trap: reason=unstable_if action=reinterpret pc=0x000002685d264a80 method=java.lang.ThreadLocal$ThreadLocalMap.set(Ljava/lang/ThreadLocal;Ljava/lang/Object;)V @ 53 c2
Event: 28.793 Thread 0x00000268077d1650 DEOPT PACKING pc=0x000002685d264a80 sp=0x0000008dae9f74e0
Event: 28.793 Thread 0x00000268077d1650 DEOPT UNPACKING pc=0x000002685bf67e02 sp=0x0000008dae9f72f0 mode 2
Event: 28.837 Thread 0x000002681f8f3ec0 Uncommon trap: trap_request=0xffffff45 fr.pc=0x000002685d17aa74 relative=0x0000000000000ef4
Event: 28.837 Thread 0x000002681f8f3ec0 Uncommon trap: reason=unstable_if action=reinterpret pc=0x000002685d17aa74 method=java.util.concurrent.ConcurrentHashMap.putVal(Ljava/lang/Object;Ljava/lang/Object;Z)Ljava/lang/Object; @ 162 c2
Event: 28.837 Thread 0x000002681f8f3ec0 DEOPT PACKING pc=0x000002685d17aa74 sp=0x0000008dc43fd020
Event: 28.837 Thread 0x000002681f8f3ec0 DEOPT UNPACKING pc=0x000002685bf67e02 sp=0x0000008dc43fcfa8 mode 2

Classes loaded (20 events):
Event: 27.246 Loading class java/lang/invoke/BoundMethodHandle$Species_LLLLILLLLLLL
Event: 27.246 Loading class java/lang/invoke/BoundMethodHandle$Species_LLLLILLLLLLL done
Event: 27.260 Loading class java/util/regex/PatternBeanInfo
Event: 27.260 Loading class java/util/regex/PatternBeanInfo done
Event: 27.261 Loading class java/util/regex/PatternBeanInfo
Event: 27.261 Loading class java/util/regex/PatternBeanInfo done
Event: 27.261 Loading class java/util/regex/PatternCustomizer
Event: 27.261 Loading class java/util/regex/PatternCustomizer done
Event: 27.261 Loading class java/util/regex/PatternCustomizer
Event: 27.261 Loading class java/util/regex/PatternCustomizer done
Event: 27.263 Loading class java/util/regex/MatcherBeanInfo
Event: 27.263 Loading class java/util/regex/MatcherBeanInfo done
Event: 27.264 Loading class java/util/regex/MatcherBeanInfo
Event: 27.264 Loading class java/util/regex/MatcherBeanInfo done
Event: 27.264 Loading class java/util/regex/MatcherCustomizer
Event: 27.264 Loading class java/util/regex/MatcherCustomizer done
Event: 27.264 Loading class java/util/regex/MatcherCustomizer
Event: 27.264 Loading class java/util/regex/MatcherCustomizer done
Event: 28.169 Loading class java/util/concurrent/atomic/Striped64$Cell
Event: 28.169 Loading class java/util/concurrent/atomic/Striped64$Cell done

Classes unloaded (4 events):
Event: 25.013 Thread 0x000002680401aed0 Unloading class 0x0000000091d31000 '_BuildScript_$_run_closure1$_closure3'
Event: 25.013 Thread 0x000002680401aed0 Unloading class 0x0000000091d30968 '_BuildScript_$_run_closure1$_closure2'
Event: 25.013 Thread 0x000002680401aed0 Unloading class 0x0000000091d30540 '_BuildScript_$_run_closure1'
Event: 25.013 Thread 0x000002680401aed0 Unloading class 0x0000000091d30000 '_BuildScript_'

Classes redefined (0 events):
No events

Internal exceptions (20 events):
Event: 28.891 Thread 0x0000026817a4b540 Exception <a 'sun/nio/fs/WindowsException'{0x00000006264d9b88}> (0x00000006264d9b88) 
thrown [s\src\hotspot\share\prims\jni.cpp, line 535]
Event: 28.891 Thread 0x0000026817a4c4e0 Exception <a 'sun/nio/fs/WindowsException'{0x0000000626021e60}> (0x0000000626021e60) 
thrown [s\src\hotspot\share\prims\jni.cpp, line 535]
Event: 28.891 Thread 0x000002681f8f17b0 Exception <a 'sun/nio/fs/WindowsException'{0x0000000626686fb8}> (0x0000000626686fb8) 
thrown [s\src\hotspot\share\prims\jni.cpp, line 535]
Event: 28.891 Thread 0x00000268143c3b30 Exception <a 'sun/nio/fs/WindowsException'{0x0000000626288e68}> (0x0000000626288e68) 
thrown [s\src\hotspot\share\prims\jni.cpp, line 535]
Event: 28.892 Thread 0x0000026817a48e30 Exception <a 'sun/nio/fs/WindowsException'{0x0000000625e23d20}> (0x0000000625e23d20) 
thrown [s\src\hotspot\share\prims\jni.cpp, line 535]
Event: 28.892 Thread 0x0000026815308f90 Exception <a 'sun/nio/fs/WindowsException'{0x00000006251b18c8}> (0x00000006251b18c8) 
thrown [s\src\hotspot\share\prims\jni.cpp, line 535]
Event: 28.892 Thread 0x0000026819a82570 Exception <a 'sun/nio/fs/WindowsException'{0x0000000625793700}> (0x0000000625793700) 
thrown [s\src\hotspot\share\prims\jni.cpp, line 535]
Event: 28.892 Thread 0x00000268179ff590 Exception <a 'sun/nio/fs/WindowsException'{0x0000000625170478}> (0x0000000625170478) 
thrown [s\src\hotspot\share\prims\jni.cpp, line 535]
Event: 28.892 Thread 0x0000026814419d10 Exception <a 'sun/nio/fs/WindowsException'{0x0000000625257358}> (0x0000000625257358) 
thrown [s\src\hotspot\share\prims\jni.cpp, line 535]
Event: 28.893 Thread 0x00000268095980c0 Exception <a 'sun/nio/fs/WindowsException'{0x0000000624a8b2c8}> (0x0000000624a8b2c8) 
thrown [s\src\hotspot\share\prims\jni.cpp, line 535]
Event: 28.893 Thread 0x0000026819a83ce0 Exception <a 'sun/nio/fs/WindowsException'{0x0000000624111630}> (0x0000000624111630) 
thrown [s\src\hotspot\share\prims\jni.cpp, line 535]
Event: 28.894 Thread 0x000002681f8f4e60 Exception <a 'sun/nio/fs/WindowsException'{0x0000000623d5e110}> (0x0000000623d5e110) 
thrown [s\src\hotspot\share\prims\jni.cpp, line 535]
Event: 28.894 Thread 0x0000026819a81da0 Exception <a 'sun/nio/fs/WindowsException'{0x000000062392e290}> (0x000000062392e290) 
thrown [s\src\hotspot\share\prims\jni.cpp, line 535]
Event: 28.894 Thread 0x00000268143c1420 Exception <a 'sun/nio/fs/WindowsException'{0x00000006238da760}> (0x00000006238da760) 
thrown [s\src\hotspot\share\prims\jni.cpp, line 535]
Event: 28.894 Thread 0x000002681f8f2750 Exception <a 'sun/nio/fs/WindowsException'{0x000000062359b1c8}> (0x000000062359b1c8) 
thrown [s\src\hotspot\share\prims\jni.cpp, line 535]
Event: 28.894 Thread 0x00000268144185a0 Exception <a 'sun/nio/fs/WindowsException'{0x0000000623075298}> (0x0000000623075298) 
thrown [s\src\hotspot\share\prims\jni.cpp, line 535]
Event: 28.894 Thread 0x000002681434f860 Exception <a 'sun/nio/fs/WindowsException'{0x0000000623123578}> (0x0000000623123578) 
thrown [s\src\hotspot\share\prims\jni.cpp, line 535]
Event: 28.895 Thread 0x0000026819a83510 Exception <a 'sun/nio/fs/WindowsException'{0x0000000622ededa8}> (0x0000000622ededa8) 
thrown [s\src\hotspot\share\prims\jni.cpp, line 535]
Event: 28.895 Thread 0x000002680959a7d0 Exception <a 'sun/nio/fs/WindowsException'{0x00000006229b2960}> (0x00000006229b2960) 
thrown [s\src\hotspot\share\prims\jni.cpp, line 535]
Event: 28.895 Thread 0x0000026819a82d40 Exception <a 'sun/nio/fs/WindowsException'{0x0000000621a5eab8}> (0x0000000621a5eab8) 
thrown [s\src\hotspot\share\prims\jni.cpp, line 535]

VM Operations (20 events):
Event: 27.092 Executing non-safepoint VM operation: HandshakeAllThreads (Deoptimize) done
Event: 27.253 Executing non-safepoint VM operation: HandshakeAllThreads (Deoptimize)
Event: 27.254 Executing non-safepoint VM operation: HandshakeAllThreads (Deoptimize) done
Event: 27.257 Executing non-safepoint VM operation: HandshakeAllThreads (Deoptimize)
Event: 27.258 Executing non-safepoint VM operation: HandshakeAllThreads (Deoptimize) done
Event: 28.013 Executing safepoint VM operation: G1CollectForAllocation (G1 Evacuation Pause)
Event: 28.018 Executing safepoint VM operation: G1CollectForAllocation (G1 Evacuation Pause) done
Event: 28.122 Executing safepoint VM operation: G1CollectForAllocation (G1 Evacuation Pause)
Event: 28.127 Executing safepoint VM operation: G1CollectForAllocation (G1 Evacuation Pause) done
Event: 28.183 Executing safepoint VM operation: G1CollectForAllocation (G1 Evacuation Pause)
Event: 28.188 Executing safepoint VM operation: G1CollectForAllocation (G1 Evacuation Pause) done
Event: 28.567 Executing non-safepoint VM operation: HandshakeAllThreads (Deoptimize)
Event: 28.567 Executing non-safepoint VM operation: HandshakeAllThreads (Deoptimize) done
Event: 28.570 Executing non-safepoint VM operation: HandshakeAllThreads (Deoptimize)
Event: 28.570 Executing non-safepoint VM operation: HandshakeAllThreads (Deoptimize) done
Event: 28.784 Executing safepoint VM operation: G1CollectForAllocation (G1 Evacuation Pause)
Event: 28.790 Executing safepoint VM operation: G1CollectForAllocation (G1 Evacuation Pause) done
Event: 28.839 Executing safepoint VM operation: G1CollectForAllocation (G1 Evacuation Pause)
Event: 28.846 Executing safepoint VM operation: G1CollectForAllocation (G1 Evacuation Pause) done
Event: 28.895 Executing safepoint VM operation: G1CollectForAllocation (G1 Evacuation Pause)

Memory protections (0 events):
No events

Nmethod flushes (20 events):
Event: 25.026 Thread 0x000002680401aed0 flushing  nmethod 0x000002684e0f2c88
Event: 25.026 Thread 0x000002680401aed0 flushing  nmethod 0x000002684e8d3e88
Event: 25.026 Thread 0x000002680401aed0 flushing  nmethod 0x000002684f046788
Event: 25.026 Thread 0x000002680401aed0 flushing  nmethod 0x000002684f0bdd08
Event: 25.026 Thread 0x000002680401aed0 flushing  nmethod 0x000002684f18a708
Event: 25.026 Thread 0x000002680401aed0 flushing  nmethod 0x000002685d342188
Event: 25.026 Thread 0x000002680401aed0 flushing  nmethod 0x000002684c9dbc88
Event: 25.026 Thread 0x000002680401aed0 flushing  nmethod 0x000002684ca71a88
Event: 25.026 Thread 0x000002680401aed0 flushing  nmethod 0x000002684d191f88
Event: 25.026 Thread 0x000002680401aed0 flushing  nmethod 0x000002684d196e88
Event: 25.026 Thread 0x000002680401aed0 flushing  nmethod 0x000002684d197288
Event: 25.026 Thread 0x000002680401aed0 flushing  nmethod 0x000002684edccc08
Event: 25.026 Thread 0x000002680401aed0 flushing  nmethod 0x000002684f005088
Event: 25.026 Thread 0x000002680401aed0 flushing  nmethod 0x000002684f006a08
Event: 25.026 Thread 0x000002680401aed0 flushing  nmethod 0x000002684f009c08
Event: 25.026 Thread 0x000002680401aed0 flushing  nmethod 0x000002684f080088
Event: 25.026 Thread 0x000002680401aed0 flushing  nmethod 0x000002684f080688
Event: 25.026 Thread 0x000002680401aed0 flushing  nmethod 0x000002684f1c8908
Event: 25.026 Thread 0x000002680401aed0 flushing  nmethod 0x000002684f1ca208
Event: 25.026 Thread 0x000002680401aed0 flushing  nmethod 0x000002684f1cd908

Events (20 events):
Event: 26.877 Thread 0x00000268057ea6d0 Thread added: 0x000002680ef59c60
Event: 26.916 Thread 0x00000268077d1650 Thread added: 0x000002680ed2fea0
Event: 26.996 Thread 0x00000268077d1650 Thread added: 0x000002680ed2e730
Event: 27.022 Thread 0x00000268077d1650 Thread added: 0x000002680ed2ef00
Event: 27.157 Thread 0x00000268040ccf00 Thread added: 0x000002681f711600
Event: 27.192 Thread 0x000002680417e9e0 Thread added: 0x00000268209ca2d0
Event: 27.197 Thread 0x00000268077d1650 Thread added: 0x000002680ed2f6d0
Event: 27.231 Thread 0x00000268077d1650 Thread added: 0x0000026817495920
Event: 27.467 Thread 0x00000268077d1650 Thread added: 0x0000026817494980
Event: 27.537 Thread 0x00000268077d1650 Thread added: 0x00000268174941b0
Event: 27.594 Thread 0x00000268077d1650 Thread added: 0x0000026817492270
Event: 27.625 Thread 0x00000268077d1650 Thread added: 0x00000268174939e0
Event: 27.714 Thread 0x00000268077d1650 Thread added: 0x0000026817492a40
Event: 27.767 Thread 0x00000268077d1650 Thread added: 0x0000026817493210
Event: 27.793 Thread 0x00000268077d1650 Thread added: 0x0000026817495150
Event: 27.801 Thread 0x00000268077d1650 Thread added: 0x0000026815d18130
Event: 27.833 Thread 0x00000268077d1650 Thread added: 0x0000026815d18900
Event: 27.857 Thread 0x00000268077d1650 Thread added: 0x0000026815d1b7e0
Event: 27.948 Thread 0x00000268077d1650 Thread added: 0x0000026815d190d0
Event: 28.323 Thread 0x00000268077d1650 Thread added: 0x00000268217c2500


Dynamic libraries:
0x00007ff6e6770000 - 0x00007ff6e677a000 	C:\Program Files\Android\Android Studio\jbr\bin\java.exe
0x00007ff81d880000 - 0x00007ff81dae6000 	C:\WINDOWS\SYSTEM32\ntdll.dll
0x00007ff81bf20000 - 0x00007ff81bfe9000 	C:\WINDOWS\System32\KERNEL32.DLL
0x00007ff81acd0000 - 0x00007ff81b0cf000 	C:\WINDOWS\System32\KERNELBASE.dll
0x00007ff81ab70000 - 0x00007ff81acbc000 	C:\WINDOWS\System32\ucrtbase.dll
0x00007ff802620000 - 0x00007ff802636000 	C:\Program Files\Android\Android Studio\jbr\bin\jli.dll
0x00007ff8025c0000 - 0x00007ff8025db000 	C:\Program Files\Android\Android Studio\jbr\bin\VCRUNTIME140.dll
0x00007ff81bb30000 - 0x00007ff81bcf6000 	C:\WINDOWS\System32\USER32.dll
0x00007ff81aa90000 - 0x00007ff81aab7000 	C:\WINDOWS\System32\win32u.dll
0x00007ffffd100000 - 0x00007ffffd391000 	C:\WINDOWS\WinSxS\amd64_microsoft.windows.common-controls_6595b64144ccf1df_6.0.26100.8972_none_3e0da176e32f9d4b\COMCTL32.dll
0x00007ff81c530000 - 0x00007ff81c55b000 	C:\WINDOWS\System32\GDI32.dll
0x00007ff81b6b0000 - 0x00007ff81b759000 	C:\WINDOWS\System32\msvcrt.dll
0x00007ff81b3c0000 - 0x00007ff81b4e9000 	C:\WINDOWS\System32\gdi32full.dll
0x00007ff81aac0000 - 0x00007ff81ab63000 	C:\WINDOWS\System32\msvcp_win.dll
0x00007ff81c720000 - 0x00007ff81c752000 	C:\WINDOWS\System32\IMM32.DLL
0x00007ff8024d0000 - 0x00007ff8024dc000 	C:\Program Files\Android\Android Studio\jbr\bin\vcruntime140_1.dll
0x00007fff838c0000 - 0x00007fff8394d000 	C:\Program Files\Android\Android Studio\jbr\bin\msvcp140.dll
0x00007ffefde70000 - 0x00007ffefed4a000 	C:\Program Files\Android\Android Studio\jbr\bin\server\jvm.dll
0x00007ff81c000000 - 0x00007ff81c0bc000 	C:\WINDOWS\System32\ADVAPI32.dll
0x00007ff81be70000 - 0x00007ff81bf19000 	C:\WINDOWS\System32\sechost.dll
0x00007ff81c2a0000 - 0x00007ff81c3b8000 	C:\WINDOWS\System32\RPCRT4.dll
0x00007ff81c3c0000 - 0x00007ff81c442000 	C:\WINDOWS\System32\WS2_32.dll
0x00007ff8132b0000 - 0x00007ff8132bb000 	C:\WINDOWS\SYSTEM32\VERSION.dll
0x00007ff81a730000 - 0x00007ff81a78e000 	C:\WINDOWS\SYSTEM32\POWRPROF.dll
0x00007ff80ac90000 - 0x00007ff80acc6000 	C:\WINDOWS\SYSTEM32\WINMM.dll
0x00007ff81a710000 - 0x00007ff81a725000 	C:\WINDOWS\SYSTEM32\UMPDC.dll
0x00007ff819740000 - 0x00007ff81975b000 	C:\WINDOWS\SYSTEM32\kernel.appcore.dll
0x00007ff801dc0000 - 0x00007ff801dca000 	C:\Program Files\Android\Android Studio\jbr\bin\jimage.dll
0x00007ff80c6f0000 - 0x00007ff80c932000 	C:\WINDOWS\SYSTEM32\DBGHELP.DLL
0x00007ff81b7a0000 - 0x00007ff81bb25000 	C:\WINDOWS\System32\combase.dll
0x00007ff81c450000 - 0x00007ff81c529000 	C:\WINDOWS\System32\OLEAUT32.dll
0x00007ffff0840000 - 0x00007ffff087b000 	C:\WINDOWS\SYSTEM32\dbgcore.DLL
0x00007ff81b4f0000 - 0x00007ff81b59c000 	C:\WINDOWS\System32\bcryptPrimitives.dll
0x00007fffe1130000 - 0x00007fffe113e000 	C:\Program Files\Android\Android Studio\jbr\bin\instrument.dll
0x00007fffec360000 - 0x00007fffec37f000 	C:\Program Files\Android\Android Studio\jbr\bin\java.dll
0x00007ff81c560000 - 0x00007ff81c6f9000 	C:\WINDOWS\System32\ole32.dll
0x00007ff81c940000 - 0x00007ff81d0c8000 	C:\WINDOWS\System32\SHELL32.dll
0x00007fffe14a0000 - 0x00007fffe14b7000 	C:\Program Files\Android\Android Studio\jbr\bin\zip.dll
0x00007ff818520000 - 0x00007ff818dbb000 	C:\WINDOWS\SYSTEM32\windows.storage.dll
0x00007ff81b5b0000 - 0x00007ff81b6a9000 	C:\WINDOWS\System32\SHCORE.dll
0x00007ff81bd00000 - 0x00007ff81bd66000 	C:\WINDOWS\System32\shlwapi.dll
0x00007ff81a9b0000 - 0x00007ff81a9d9000 	C:\WINDOWS\SYSTEM32\profapi.dll
0x00007ff801b40000 - 0x00007ff801b50000 	C:\Program Files\Android\Android Studio\jbr\bin\net.dll
0x00007ff819cd0000 - 0x00007ff819d3c000 	C:\WINDOWS\system32\mswsock.dll
0x00007fffe10d0000 - 0x00007fffe10e6000 	C:\Program Files\Android\Android Studio\jbr\bin\nio.dll
0x00007fffee0d0000 - 0x00007fffee0e0000 	C:\Program Files\Android\Android Studio\jbr\bin\verify.dll
0x00007fffd8470000 - 0x00007fffd8497000 	C:\Users\Lambert 2\.gradle\native\1def1411415f61bf3af743bc5b6707747c0891f09f0c88961ee8f79bc544acac\windows-amd64\native-platform.dll
0x00007fff8bdd0000 - 0x00007fff8be47000 	C:\Users\Lambert 2\.gradle\native\0.2.8\x86_64-windows-gnu\gradle-fileevents.dll
0x00007ffff67a0000 - 0x00007ffff67a9000 	C:\Program Files\Android\Android Studio\jbr\bin\management.dll
0x00007ffff6740000 - 0x00007ffff674b000 	C:\Program Files\Android\Android Studio\jbr\bin\management_ext.dll
0x00007ff81b760000 - 0x00007ff81b768000 	C:\WINDOWS\System32\PSAPI.DLL
0x00007ff8190f0000 - 0x00007ff819123000 	C:\WINDOWS\SYSTEM32\IPHLPAPI.DLL
0x00007ff81bff0000 - 0x00007ff81bffa000 	C:\WINDOWS\System32\NSI.dll
0x00007ffffc2f0000 - 0x00007ffffc2f9000 	C:\Program Files\Android\Android Studio\jbr\bin\extnet.dll
0x00007ff81a0f0000 - 0x00007ff81a10b000 	C:\WINDOWS\SYSTEM32\CRYPTSP.dll
0x00007ff8196a0000 - 0x00007ff8196d9000 	C:\WINDOWS\system32\rsaenh.dll
0x00007ff819d80000 - 0x00007ff819db2000 	C:\WINDOWS\SYSTEM32\USERENV.dll
0x00007ff81a980000 - 0x00007ff81a9aa000 	C:\WINDOWS\SYSTEM32\bcrypt.dll
0x00007ff819f30000 - 0x00007ff819f3c000 	C:\WINDOWS\SYSTEM32\CRYPTBASE.dll
0x00007ffff00b0000 - 0x00007ffff00b8000 	C:\WINDOWS\system32\wshunix.dll
0x00007ff819130000 - 0x00007ff819288000 	C:\WINDOWS\SYSTEM32\DNSAPI.dll
0x00007ff819af0000 - 0x00007ff819afd000 	C:\WINDOWS\SYSTEM32\DSPARSE.dll
0x00007ff812830000 - 0x00007ff81283b000 	C:\Windows\System32\rasadhlp.dll
0x00007ff80cba0000 - 0x00007ff80cc26000 	C:\WINDOWS\System32\fwpuclnt.dll

JVMTI agents:
C:\Users\Lambert 2\.gradle\wrapper\dists\gradle-9.1.0-all\7wzd0jkjit61aq2p43wpjgij9\gradle-9.1.0\lib\agents\gradle-instrumentation-agent-9.1.0.jar path:C:\Program Files\Android\Android Studio\jbr\bin\instrument.dll, loaded, initialized, instrumentlib options:none

dbghelp: loaded successfully - version: 4.0.5 - missing functions: none
symbol engine: initialized successfully - sym options: 0x614 - pdb path: .;C:\Program Files\Android\Android Studio\jbr\bin;C:\WINDOWS\SYSTEM32;C:\WINDOWS\WinSxS\amd64_microsoft.windows.common-controls_6595b64144ccf1df_6.0.26100.8972_none_3e0da176e32f9d4b;C:\Program Files\Android\Android Studio\jbr\bin\server;C:\Users\Lambert 2\.gradle\native\1def1411415f61bf3af743bc5b6707747c0891f09f0c88961ee8f79bc544acac\windows-amd64;C:\Users\Lambert 2\.gradle\native\0.2.8\x86_64-windows-gnu

VM Arguments:
jvm_args: --add-opens=java.base/java.lang=ALL-UNNAMED --add-opens=java.base/java.lang.invoke=ALL-UNNAMED --add-opens=java.base/java.util=ALL-UNNAMED --add-opens=java.prefs/java.util.prefs=ALL-UNNAMED --add-exports=jdk.compiler/com.sun.tools.javac.api=ALL-UNNAMED --add-exports=jdk.compiler/com.sun.tools.javac.util=ALL-UNNAMED --add-opens=java.base/java.util=ALL-UNNAMED --add-opens=java.prefs/java.util.prefs=ALL-UNNAMED --add-opens=java.base/java.nio.charset=ALL-UNNAMED --add-opens=java.base/java.net=ALL-UNNAMED --add-opens=java.base/java.util.concurrent=ALL-UNNAMED --add-opens=java.base/java.util.concurrent.atomic=ALL-UNNAMED --add-opens=java.xml/javax.xml.namespace=ALL-UNNAMED --add-opens=java.base/java.time=ALL-UNNAMED --enable-native-access=ALL-UNNAMED -XX:MaxMetaspaceSize=4G -XX:ReservedCodeCacheSize=512m -XX:+HeapDumpOnOutOfMemoryError -Xmx8G -Dfile.encoding=UTF-8 -Duser.country=ES -Duser.language=es -Duser.variant -javaagent:C:\Users\Lambert 2\.gradle\wrapper\dists\gradle-9.1.0-all\7wzd0jkjit61aq2p43wpjgij9\gradle-9.1.0\lib\agents\gradle-instrumentation-agent-9.1.0.jar 
java_command: org.gradle.launcher.daemon.bootstrap.GradleDaemon 9.1.0
java_class_path (initial): C:\Users\Lambert 2\.gradle\wrapper\dists\gradle-9.1.0-all\7wzd0jkjit61aq2p43wpjgij9\gradle-9.1.0\lib\gradle-daemon-main-9.1.0.jar
Launcher Type: SUN_STANDARD

[Global flags]
     intx CICompilerCount                          = 15                                        {product} {ergonomic}
     uint ConcGCThreads                            = 6                                         {product} {ergonomic}
     uint G1ConcRefinementThreads                  = 23                                        {product} {ergonomic}
   size_t G1HeapRegionSize                         = 4194304                                   {product} {ergonomic}
     bool HeapDumpOnOutOfMemoryError               = true                                   {manageable} {command line}
   size_t InitialHeapSize                          = 524288000                                 {product} {ergonomic}
   size_t MarkStackSize                            = 4194304                                   {product} {ergonomic}
   size_t MarkStackSizeMax                         = 536870912                                 {product} {ergonomic}
   size_t MaxHeapSize                              = 8589934592                                {product} {command line}
   size_t MaxMetaspaceSize                         = 4294967296                                {product} {command line}
   size_t MaxNewSize                               = 5150605312                                {product} {ergonomic}
   size_t MinHeapDeltaBytes                        = 4194304                                   {product} {ergonomic}
   size_t MinHeapSize                              = 8388608                                   {product} {ergonomic}
    uintx NonNMethodCodeHeapSize                   = 8192000                                {pd product} {ergonomic}
    uintx NonProfiledCodeHeapSize                  = 264372224                              {pd product} {ergonomic}
    uintx ProfiledCodeHeapSize                     = 264306688                              {pd product} {ergonomic}
    uintx ReservedCodeCacheSize                    = 536870912                              {pd product} {command line, ergonomic}
     bool SegmentedCodeCache                       = true                                      {product} {ergonomic}
   size_t SoftMaxHeapSize                          = 8589934592                             {manageable} {ergonomic}
     bool UseCompressedOops                        = true                           {product lp64_product} {ergonomic}
     bool UseG1GC                                  = true                                      {product} {ergonomic}
     bool UseLargePagesIndividualAllocation        = false                                  {pd product} {ergonomic}

Logging:
Log output configuration:
 #0: stdout all=warning uptime,level,tags foldmultilines=false
 #1: stderr all=off uptime,level,tags foldmultilines=false

Release file:
JAVA_VERSION="25.0.2" 
MODULES="java.base java.compiler java.datatransfer java.xml java.prefs java.desktop java.instrument java.logging java.management java.security.sasl java.naming java.rmi java.management.rmi java.net.http java.scripting java.security.jgss java.transaction.xa java.sql java.sql.rowset java.xml.crypto java.se java.smartcardio jdk.accessibility jdk.internal.jvmstat jdk.attach jdk.charsets jdk.internal.opt jdk.zipfs jdk.compiler jdk.crypto.cryptoki jdk.crypto.ec jdk.dynalink jdk.hotspot.agent jdk.httpserver jdk.internal.ed jdk.internal.le jdk.internal.md jdk.internal.vm.ci jdk.jartool jdk.javadoc jdk.jcmd jdk.jdeps jdk.jdwp.agent jdk.jdi jdk.jfr jdk.jlink jdk.localedata jdk.management jdk.management.agent jdk.management.jfr jdk.naming.dns jdk.naming.rmi jdk.net jdk.sctp jdk.security.auth jdk.security.jgss jdk.unsupported jdk.unsupported.desktop jdk.xml.dom" 
IMPLEMENTOR="JetBrains s.r.o." 
JAVA_RUNTIME_VERSION="25.0.2+-15348964-b329.117" 
LIBC="default" 
OS_ARCH="x86_64" 
OS_NAME="Windows" 
SOURCE=".:git:3cf398e84a39" 

Environment Variables:
JAVA_HOME=C:\Program Files\Android\Android Studio\jbr
CLASSPATH=C:\Users\Lambert 2\Desktop\cicloplus_app\android\\gradle\wrapper\gradle-wrapper.jar
PATH=C:\Program Files\Android\Android Studio\jbr\bin;C:\Python314\Scripts\;C:\Python314\;C:\WINDOWS\system32;C:\WINDOWS;C:\WINDOWS\System32\Wbem;C:\WINDOWS\System32\WindowsPowerShell\v1.0\;C:\WINDOWS\System32\OpenSSH\;C:\Program Files\dotnet\;C:\Program Files\NVIDIA Corporation\NVIDIA App\NvDLISR;C:\Program Files (x86)\NVIDIA Corporation\PhysX\Common;C:\Program Files\nodejs\;C:\ProgramData\chocolatey\bin;C:\Users\Lambert 2\AppData\Local\Programs\Python\Python311\Scripts\;C:\Users\Lambert 2\AppData\Local\Programs\Python\Python311\;C:\Users\Lambert 2\AppData\Local\Microsoft\WindowsApps;C:\Users\Lambert 2\AppData\Local\Programs\Microsoft VS Code\bin;C:\Users\Lambert 2\AppData\Roaming\npm;C:\Users\Lambert 2\Desktop\src\flutter\bin;C:\Users\Lambert 2\Desktop\src\flutter\bin\mingit\cmd
USERNAME=Lambert 2
OS=Windows_NT
PROCESSOR_IDENTIFIER=AMD64 Family 26 Model 68 Stepping 0, AuthenticAMD
TMP=C:\Users\LAMBER~1\AppData\Local\Temp
TEMP=C:\Users\LAMBER~1\AppData\Local\Temp




Compilation memory statistics disabled.

Periodic native trim disabled

JNI global refs:
JNI global refs: 39, weak refs: 1

JNI global refs memory usage: 835, weak refs: 833

Process memory usage:
Resident Set Size: 1965908K (6% of 32658156K total physical memory with 9131224K free physical memory)

OOME stack traces (most recent first):
Classloader memory used:
Loader org.gradle.internal.classloader.VisitableURLClassLoader                         : 127 M
Loader bootstrap                                                                       : 35628 K
Loader org.gradle.internal.classloader.VisitableURLClassLoader$InstrumentingVisitableURLClassLoader: 34074 K
Loader org.gradle.initialization.MixInLegacyTypesClassLoader                           : 13034 K
Loader jdk.internal.loader.ClassLoaders$PlatformClassLoader                            : 438 K
Loader org.gradle.groovy.scripts.internal.DefaultScriptCompilationHandler$ScriptClassLoader: 375 K
Loader jdk.internal.jrtfs.JrtFileSystemProvider$JrtFsLoader                            : 336 K
Loader jdk.internal.loader.ClassLoaders$AppClassLoader                                 : 228 K
Loader org.gradle.internal.classloader.VisitableURLClassLoader                         : 213 K
Loader groovy.lang.GroovyClassLoader$InnerLoader                                       : 206 K

Classes loaded by more than one classloader:
Class Program                                                                         : loaded 12 times (x 76B)
Class _BuildScript_$_run_closure1                                                     : loaded 11 times (x 133B)
Class _BuildScript_                                                                   : loaded 11 times (x 168B)
Class _BuildScript_$_run_closure1$_closure2                                           : loaded 7 times (x 133B)
Class Build_gradle                                                                    : loaded 5 times (x 128B)
Class _BuildScript_$_run_closure1$_closure3                                           : loaded 4 times (x 133B)
Class _BuildScript_$_run_closure2                                                     : loaded 3 times (x 133B)
Class Settings_gradle                                                                 : loaded 3 times (x 126B)
Class org.jetbrains.kotlin.util.capitalizeDecapitalize.CapitalizeDecapitalizeKt       : loaded 3 times (x 73B)
Class Build_gradle$2                                                                  : loaded 3 times (x 76B)
Class org.jetbrains.kotlin.buildtools.api.jvm.ClassSnapshotGranularity                : loaded 3 times (x 81B)
Class _BuildScript_$_run_closure2$_closure7                                           : loaded 3 times (x 133B)
Class _BuildScript_$_run_closure2$_closure6                                           : loaded 3 times (x 133B)
Class _BuildScript_$_run_closure2$_closure5                                           : loaded 3 times (x 133B)
Class org.jetbrains.kotlin.gradle.plugin.KotlinPluginLifecycleImpl$launch$coroutine$1 : loaded 2 times (x 78B)
Class org.jetbrains.kotlin.gradle.targets.js.npm.NpmDependencyExtensionKt$defaultNpmDependencyDelegate$1: loaded 2 times (x 168B)
Class org.jetbrains.kotlin.gradle.plugin.diagnostics.checkers.MissingNativeStdlibChecker: loaded 2 times (x 76B)
Class org.jetbrains.kotlin.gradle.targets.ConfigureNonPackedKlibConsumingSideEffectKt : loaded 2 times (x 73B)
Class org.jetbrains.kotlin.gradle.targets.native.KotilnNativeConfigureBinariesSideEffectKt: loaded 2 times (x 73B)
Class org.jetbrains.kotlin.gradle.plugin.KotlinPlatformType$DisambiguationRule        : loaded 2 times (x 78B)
Class org.jetbrains.kotlin.gradle.plugin.KotlinPlatformType$Companion                 : loaded 2 times (x 73B)
Class org.jetbrains.kotlin.gradle.plugin.internal.ConfigurationCacheStartParameterAccessorKt: loaded 2 times (x 73B)
Class com.google.common.base.CharMatcher$IsEither                                     : loaded 2 times (x 113B)
Class jdk.internal.jimage.BasicImageReader                                            : loaded 2 times (x 97B)
Class org.gradle.internal.classloader.ClassLoaderHierarchy                            : loaded 2 times (x 72B)
Class org.jetbrains.kotlin.gradle.plugin.hierarchy.KotlinSourceSetTreeClassifierKt    : loaded 2 times (x 73B)
Class org.jetbrains.kotlin.gradle.report.UsesBuildMetricsService                      : loaded 2 times (x 72B)
Class org.jetbrains.kotlin.gradle.plugin.mpp.compilationImpl.factory.KotlinCompilationImplFactory$KotlinCompilationSourceSetsContainerFactory: loaded 2 times (x 72B)
Class org.jetbrains.kotlin.gradle.utils.MutableObservableSet                          : loaded 2 times (x 72B)
Class org.jetbrains.kotlin.gradle.dsl.KotlinHierarchyDsl                              : loaded 2 times (x 72B)
Class org.jetbrains.kotlin.gradle.utils.ConfigurationCacheOpaqueValueSource           : loaded 2 times (x 81B)
Class org.jetbrains.kotlin.gradle.targets.native.KonanPropertiesBuildService$Companion$registerIfAbsent$2$1: loaded 2 times (x 81B)
Class org.jetbrains.kotlin.gradle.report.BuildReportType                              : loaded 2 times (x 81B)
Class org.jetbrains.kotlin.statistics.metrics.StringAnonymizationPolicy$AllowedListAnonymizer: loaded 2 times (x 81B)
Class com.google.common.collect.ImmutableEnumSet                                      : loaded 2 times (x 148B)
Class com.google.common.util.concurrent.ExecutionError                                : loaded 2 times (x 84B)
Class com.google.common.collect.ImmutableList$1                                       : loaded 2 times (x 99B)
Class org.gradle.api.internal.classpath.ManifestUtil                                  : loaded 2 times (x 73B)
Class _BuildScript_$_run_closure2$_closure4                                           : loaded 2 times (x 133B)
Class org.jetbrains.kotlin.gradle.utils.FutureKt$future$1                             : loaded 2 times (x 97B)
Class org.jetbrains.kotlin.gradle.plugin.mpp.KotlinMetadataCompilation                : loaded 2 times (x 72B)
Class org.jetbrains.kotlin.gradle.plugin.sources.KotlinDependencyScope                : loaded 2 times (x 81B)
Class org.jetbrains.kotlin.gradle.tasks.configuration.AbstractKotlinCompileConfig$1   : loaded 2 times (x 81B)
Class org.jetbrains.kotlin.gradle.plugin.mpp.compilationImpl.KotlinCompilationFriendPathsResolver: loaded 2 times (x 72B)
Class org.jetbrains.kotlin.konan.target.KonanTarget$ANDROID_ARM64                     : loaded 2 times (x 80B)
Class org.jetbrains.kotlin.gradle.artifacts.KotlinNativeHostSpecificMetadataArtifactKt$KotlinNativeHostSpecificMetadataArtifact$1: loaded 2 times (x 76B)
Class org.jetbrains.kotlin.gradle.plugin.mpp.compilationImpl.KotlinCompilationSideEffect$Companion: loaded 2 times (x 73B)
Class org.jetbrains.kotlin.gradle.plugin.mpp.KotlinUsages$KotlinMetadataDisambiguation: loaded 2 times (x 78B)
Class org.jetbrains.kotlin.gradle.plugin.statistics.FlowActionBuildFusService$Companion$registerIfAbsentImpl$1: loaded 2 times (x 77B)
Class org.jetbrains.kotlin.gradle.internal.properties.PropertiesBuildService$IntGradleProperty: loaded 2 times (x 78B)
Class com.google.gson.stream.MalformedJsonException                                   : loaded 2 times (x 84B)
Class com.google.common.collect.RegularImmutableMap                                   : loaded 2 times (x 122B)
Class com.google.common.collect.ImmutableMap$MapViewOfValuesAsSingletonSets           : loaded 2 times (x 128B)
Class org.jetbrains.kotlin.gradle.internal.KotlinDomApiDependencyManagementKt         : loaded 2 times (x 73B)
Class org.jetbrains.kotlin.gradle.utils.GradleAttributesContainerUtilsKt$setAttributeProvider$1: loaded 2 times (x 77B)
Class org.jetbrains.kotlin.gradle.tasks.configuration.AbstractKotlinCompileConfig$2   : loaded 2 times (x 81B)
Class org.jetbrains.kotlin.gradle.plugin.mpp.compilationImpl.factory.KotlinCompilationImplFactory$PreConfigure: loaded 2 times (x 72B)
Class org.jetbrains.kotlin.gradle.plugin.KotlinProjectSetupActionKt$KotlinProjectSetupCoroutine$1$1: loaded 2 times (x 97B)
Class org.jetbrains.kotlin.konan.target.KonanTarget$WATCHOS_ARM32                     : loaded 2 times (x 80B)
Class org.jetbrains.kotlin.gradle.targets.js.dsl.KotlinJsTargetDsl                    : loaded 2 times (x 72B)
Class org.jetbrains.kotlin.gradle.plugin.KotlinPluginLifecycleImplKt                  : loaded 2 times (x 73B)
Class org.jetbrains.kotlin.gradle.plugin.diagnostics.checkers.DeprecatedKotlinNativeTargetsChecker$runChecks$1: loaded 2 times (x 89B)
Class org.jetbrains.kotlin.gradle.plugin.KotlinPluginLifecycleImpl$WhenMappings       : loaded 2 times (x 73B)
Class org.jetbrains.kotlin.gradle.dsl.KotlinCommonCompilerToolOptionsHelper           : loaded 2 times (x 73B)
Class org.jetbrains.kotlin.gradle.plugin.KotlinTargetComponent                        : loaded 2 times (x 72B)
Class org.jetbrains.kotlin.gradle.plugin.KotlinGradlePluginExtensionPointInternal     : loaded 2 times (x 78B)
Class org.jetbrains.kotlin.statistics.metrics.StringOverridePolicy$OVERRIDE_VERSION_IF_NOT_SET: loaded 2 times (x 87B)
Class org.jetbrains.kotlin.gradle.plugin.statistics.KotlinBuildStatsBeanService$Companion$initStatsService$1: loaded 2 times (x 81B)
Class org.jetbrains.kotlin.gradle.plugin.VariantImplementationFactories$Companion$getProvider$1: loaded 2 times (x 77B)
Class org.jetbrains.kotlin.gradle.internal.properties.PropertiesBuildService$BooleanGradleProperty: loaded 2 times (x 78B)
Class org.jetbrains.kotlin.gradle.dsl.KotlinProjectExtension                          : loaded 2 times (x 124B)
Class [Lorg.objectweb.asm.Symbol;                                                     : loaded 2 times (x 71B)
Class org.objectweb.asm.ClassVisitor                                                  : loaded 2 times (x 90B)
Class com.google.common.collect.UnmodifiableListIterator                              : loaded 2 times (x 97B)
Class jdk.internal.jimage.decompressor.StringSharingDecompressorFactory               : loaded 2 times (x 76B)
Class org.jetbrains.kotlin.gradle.tasks.CInteropProcess                               : loaded 2 times (x 346B)
Class org.jetbrains.kotlin.gradle.plugin.KotlinPluginLifecycle$ProjectConfigurationResult$Failure: loaded 2 times (x 74B)
Class com.google.common.base.Platform$JdkPatternCompiler                              : loaded 2 times (x 77B)
Class org.jetbrains.kotlin.gradle.tasks.DefaultKotlinJavaToolchain$Companion          : loaded 2 times (x 73B)
Class org.jetbrains.kotlin.gradle.tasks.DefaultKotlinJavaToolchain                    : loaded 2 times (x 79B)
Class org.jetbrains.kotlin.gradle.targets.native.toolchain.KotlinNativeBundleBuildService$Parameters: loaded 2 times (x 72B)
Class org.jetbrains.kotlin.gradle.targets.native.toolchain.KotlinNativeBundleBuildService: loaded 2 times (x 78B)
Class org.jetbrains.kotlin.gradle.plugin.KotlinGradleBuildServices                    : loaded 2 times (x 82B)
Class [Lorg.jetbrains.kotlin.statistics.ValueAnonymizer;                              : loaded 2 times (x 71B)
Class org.jetbrains.kotlin.gradle.internal.properties.PropertiesBuildService$MemoizedCallable$value$2: loaded 2 times (x 81B)
Class org.objectweb.asm.MethodTooLargeException                                       : loaded 2 times (x 84B)
Class [Lcom.google.common.cache.CacheBuilder$OneWeigher;                              : loaded 2 times (x 71B)
Class com.google.common.base.Suppliers                                                : loaded 2 times (x 73B)
Class org.gradle.internal.classloader.DefaultClassLoaderFactory                       : loaded 2 times (x 84B)
Class org.jetbrains.kotlin.gradle.plugin.mpp.KotlinVariantWithCoordinates             : loaded 2 times (x 110B)
Class org.jetbrains.kotlin.compilerRunner.CompilerSystemPropertiesService$Parameters_Decorated: loaded 2 times (x 132B)
Class org.jetbrains.kotlin.gradle.dsl.abi.ExperimentalAbiValidation                   : loaded 2 times (x 72B)
Class org.jetbrains.kotlin.gradle.plugin.KotlinTargetWithTests                        : loaded 2 times (x 72B)
Class [Lorg.jetbrains.kotlin.gradle.dsl.KotlinVersion;                                : loaded 2 times (x 71B)
Class org.jetbrains.kotlin.gradle.plugin.diagnostics.checkers.JsEnvironmentChecker    : loaded 2 times (x 78B)
Class org.jetbrains.kotlin.gradle.targets.js.npm.NpmDependencyExtensionKt             : loaded 2 times (x 73B)
Class org.jetbrains.kotlin.gradle.plugin.diagnostics.ToolingDiagnosticRenderingOptions: loaded 2 times (x 74B)
Class org.jetbrains.kotlin.gradle.plugin.diagnostics.UsesKotlinToolingDiagnosticsParameters: loaded 2 times (x 72B)
Class org.jetbrains.kotlin.gradle.plugin.PropertiesProvider$classLoaderCacheTimeoutInSeconds$1: loaded 2 times (x 77B)
Class org.jetbrains.kotlin.gradle.report.BuildMetricsService                          : loaded 2 times (x 88B)
Class org.jetbrains.kotlin.statistics.metrics.NumberAnonymizationPolicy               : loaded 2 times (x 87B)
Class org.jetbrains.kotlin.statistics.metrics.StringAnonymizationPolicy               : loaded 2 times (x 80B)
Class org.gradle.internal.classloader.ClassLoaderVisitor                              : loaded 2 times (x 78B)
Class _BuildScript_$_run_closure2$_closure8                                           : loaded 2 times (x 134B)
Class org.jetbrains.kotlin.gradle.plugin.mpp.compilationImpl.KotlinCompilationLanguageSettingsConfigurator: loaded 2 times (x 76B)
Class org.jetbrains.kotlin.gradle.plugin.KotlinPluginLifecycleKt$await$1              : loaded 2 times (x 89B)
Class [Lorg.jetbrains.kotlin.gradle.plugin.KotlinCompilation;                         : loaded 2 times (x 71B)
Class org.jetbrains.kotlin.gradle.plugin.mpp.KotlinTargetComponentWithPublication     : loaded 2 times (x 72B)
Class org.jetbrains.kotlin.gradle.plugin.mpp.compilationImpl.KotlinCreateNativeCompileTasksSideEffectKt: loaded 2 times (x 73B)
Class org.jetbrains.kotlin.gradle.plugin.KotlinProjectSetupActionKt                   : loaded 2 times (x 73B)
Class org.jetbrains.kotlin.gradle.dsl.KotlinTargetContainerWithJsPresetFunctions      : loaded 2 times (x 72B)
Class org.jetbrains.kotlin.gradle.report.ReportingSettings$Companion                  : loaded 2 times (x 73B)
Class org.jetbrains.kotlin.gradle.report.ConfigureReporingKt                          : loaded 2 times (x 73B)
Class org.jetbrains.kotlin.tooling.core.TypeUtils                                     : loaded 2 times (x 73B)
Class [Lcom.google.common.collect.ImmutableMapEntry;                                  : loaded 2 times (x 71B)
Class org.gradle.api.internal.classpath.EffectiveClassPath                            : loaded 2 times (x 92B)
Class org.jetbrains.kotlin.gradle.plugin.mpp.compilationImpl.DefaultKotlinCompilationConfigurationsContainer: loaded 2 times (x 86B)
Class com.google.common.collect.ImmutableRangeSet                                     : loaded 2 times (x 117B)
Class org.jetbrains.kotlin.gradle.tasks.TasksProviderKt                               : loaded 2 times (x 73B)
Class org.jetbrains.kotlin.konan.target.KonanTarget$ANDROID_ARM32                     : loaded 2 times (x 80B)
Class org.jetbrains.kotlin.gradle.plugin.sources.DefaultKotlinSourceSetFactory        : loaded 2 times (x 82B)
Class org.jetbrains.kotlin.gradle.plugin.diagnostics.ToolingDiagnostic                : loaded 2 times (x 74B)
Class com.google.common.collect.ListMultimap                                          : loaded 2 times (x 72B)
Class com.google.common.collect.ImmutableEnumMap                                      : loaded 2 times (x 128B)
Class org.gradle.internal.classloader.FilteringClassLoader                            : loaded 2 times (x 106B)
Class org.jetbrains.kotlin.gradle.ExternalKotlinTargetApi                             : loaded 2 times (x 72B)
Class com.google.common.collect.Iterators$EmptyModifiableIterator                     : loaded 2 times (x 88B)
Class org.jetbrains.kotlin.gradle.plugin.diagnostics.checkers.AndroidPluginWithoutAndroidTargetChecker$runChecks$1: loaded 2 times (x 89B)
Class org.jetbrains.kotlin.gradle.plugin.diagnostics.checkers.AndroidSourceSetLayoutV1SourceSetsNotFoundChecker$runChecks$1: loaded 2 times (x 89B)
Class org.jetbrains.kotlin.gradle.plugin.diagnostics.KotlinGradleProjectCheckersRunnerKt$launchKotlinGradleProjectCheckers$1$1: loaded 2 times (x 97B)
Class org.jetbrains.kotlin.gradle.targets.CreateDefaultTestRunSideEffectKt            : loaded 2 times (x 73B)
Class org.jetbrains.kotlin.gradle.utils.ProviderApiUtilsKt$mapOrNull$1                : loaded 2 times (x 77B)
Class org.jetbrains.kotlin.konan.target.KonanTarget                                   : loaded 2 times (x 80B)
Class org.jetbrains.kotlin.gradle.targets.native.toolchain.KotlinNativeBundleBuildService$Companion$registerIfAbsent$1: loaded 2 times (x 77B)
Class org.jetbrains.kotlin.statistics.metrics.BooleanAnonymizationPolicy              : loaded 2 times (x 87B)
Class org.jetbrains.kotlin.statistics.metrics.BooleanOverridePolicy$OVERRIDE          : loaded 2 times (x 87B)
Class org.jetbrains.kotlin.gradle.plugin.PropertiesProvider$kotlinExperimentalTryNext$1: loaded 2 times (x 77B)
Class org.jetbrains.kotlin.gradle.fus.BuildUidService$Companion                       : loaded 2 times (x 73B)
Class org.jetbrains.kotlin.gradle.plugin.VariantImplementationFactoriesConfigurator$Companion$getProvider$1: loaded 2 times (x 76B)
Class com.google.common.collect.Sets$1                                                : loaded 2 times (x 141B)
Class org.objectweb.asm.AnnotationVisitor                                             : loaded 2 times (x 80B)
Class org.gradle.api.internal.DefaultClassPathProvider                                : loaded 2 times (x 78B)
Class org.jetbrains.kotlin.gradle.tasks.configuration.KaptGenerateStubsConfig$Companion$wireJavaAndKotlinOutputs$1: loaded 2 times (x 81B)
Class org.jetbrains.kotlin.gradle.tasks.abi.AbiToolsTask                              : loaded 2 times (x 320B)
Class org.jetbrains.kotlin.gradle.plugin.KotlinPluginLifecycleCoroutineContextElement : loaded 2 times (x 86B)
Class org.jetbrains.kotlin.gradle.dsl.PlatformSourceSetConventionsChecker             : loaded 2 times (x 76B)
Class org.jetbrains.kotlin.gradle.plugin.diagnostics.checkers.KotlinSourceSetTreeDependsOnMismatchChecker: loaded 2 times (x 76B)
Class org.jetbrains.kotlin.gradle.targets.CreateDefaultCompilationsSideEffectKt       : loaded 2 times (x 73B)
Class org.jetbrains.kotlin.gradle.plugin.mpp.SyncLanguageSettingsWithKotlinExtensionSetupActionKt: loaded 2 times (x 73B)
Class org.jetbrains.kotlin.statistics.metrics.NumericalMetrics                        : loaded 2 times (x 81B)
Class org.jetbrains.kotlin.gradle.plugin.VariantImplementationFactories$Companion$getProvider$2$1: loaded 2 times (x 81B)
Class com.google.common.collect.Sets$2                                                : loaded 2 times (x 141B)
Class [Lorg.gradle.api.internal.ClassPathProvider;                                    : loaded 2 times (x 71B)
Class org.gradle.api.internal.ClassPathProvider                                       : loaded 2 times (x 72B)
Class org.jetbrains.kotlin.konan.target.HostManager$targetValues$2                    : loaded 2 times (x 80B)
Class org.jetbrains.kotlin.gradle.plugin.diagnostics.checkers.UnusedSourceSetsChecker$runChecks$1: loaded 2 times (x 89B)
Class org.jetbrains.kotlin.gradle.targets.js.npm.PeerNpmDependencyExtension           : loaded 2 times (x 72B)
Class org.jetbrains.kotlin.gradle.dsl.AndroidMainSourceSetConventionsChecker          : loaded 2 times (x 76B)
Class org.jetbrains.kotlin.gradle.plugin.diagnostics.checkers.WasmJsEnvironmentChecker$1: loaded 2 times (x 80B)
Class org.jetbrains.kotlin.gradle.targets.js.npm.NpmDependencyExtensionKt$AddNpmDependencyExtensionProjectSetupAction$1: loaded 2 times (x 76B)
Class [Lorg.jetbrains.kotlin.konan.target.Family;                                     : loaded 2 times (x 71B)
Class org.jetbrains.kotlin.gradle.plugin.statistics.BuildFinishBuildService$Parameters$Inject: loaded 2 times (x 116B)
Class org.jetbrains.kotlin.gradle.plugin.statistics.FlowActionBuildFusService         : loaded 2 times (x 86B)
Class org.jetbrains.kotlin.build.report.metrics.GradleBuildPerformanceMetric          : loaded 2 times (x 74B)
Class org.jetbrains.kotlin.gradle.internal.properties.PropertiesBuildService$NullableBooleanGradleProperty: loaded 2 times (x 78B)
Class [Lorg.objectweb.asm.AnnotationVisitor;                                          : loaded 2 times (x 71B)
Class com.google.common.collect.Sets$3                                                : loaded 2 times (x 141B)
Class com.google.common.cache.LocalCache$LocalLoadingCache                            : loaded 2 times (x 136B)
Class jdk.internal.jrtfs.SystemImage                                                  : loaded 2 times (x 76B)
Class org.gradle.internal.service.UnknownServiceException                             : loaded 2 times (x 85B)
Class org.jetbrains.kotlin.gradle.plugin.diagnostics.checkers.ComposePluginSuggestApplyChecker$runChecks$1: loaded 2 times (x 89B)
Class org.jetbrains.kotlin.konan.target.KonanTarget$TVOS_ARM64                        : loaded 2 times (x 80B)
Class org.jetbrains.kotlin.gradle.targets.js.npm.DefaultPeerNpmDependencyExtension    : loaded 2 times (x 142B)
Class org.jetbrains.kotlin.gradle.targets.android.internal.InternalKotlinTargetPreset : loaded 2 times (x 72B)
Class org.jetbrains.kotlin.gradle.plugin.KotlinPluginLifecycleKt                      : loaded 2 times (x 73B)
Class org.jetbrains.kotlin.gradle.plugin.diagnostics.checkers.WasmJsEnvironmentChecker$2: loaded 2 times (x 80B)
Class org.jetbrains.kotlin.gradle.plugin.mpp.AbstractKotlinTarget                     : loaded 2 times (x 152B)
Class org.jetbrains.kotlin.gradle.internal.properties.NativePropertiesLoader$kotlinNativeVersion$1: loaded 2 times (x 77B)
Class org.jetbrains.kotlin.gradle.plugin.VariantImplementationFactoriesConfigurator$Inject: loaded 2 times (x 98B)
Class org.jetbrains.kotlin.gradle.dsl.KotlinSingleTargetExtension                     : loaded 2 times (x 126B)
Class com.google.common.collect.Sets$4                                                : loaded 2 times (x 141B)
Class org.objectweb.asm.ModuleVisitor                                                 : loaded 2 times (x 83B)
Class com.google.common.cache.LocalCache$Strength$1                                   : loaded 2 times (x 83B)
Class org.jetbrains.kotlin.gradle.plugin.mpp.compilationImpl.KotlinCompilationTaskNamesContainer: loaded 2 times (x 74B)
Class org.jetbrains.kotlin.gradle.plugin.mpp.compilationImpl.factory.KotlinCompilationImplFactory$KotlinCompilerOptionsFactory: loaded 2 times (x 72B)
Class org.jetbrains.kotlin.gradle.internal.properties.PropertiesBuildServiceKt$propertyWithDeprecatedName$1: loaded 2 times (x 77B)
Class org.jetbrains.kotlin.gradle.targets.js.npm.NpmDependencyExtension               : loaded 2 times (x 72B)
Class org.jetbrains.kotlin.gradle.plugin.LanguageSettingsBuilder                      : loaded 2 times (x 72B)
Class org.jetbrains.kotlin.gradle.plugin.diagnostics.checkers.WasmWasiEnvironmentChecker: loaded 2 times (x 78B)
Class org.jetbrains.kotlin.gradle.plugin.diagnostics.checkers.WasmJsEnvironmentChecker$3: loaded 2 times (x 80B)
Class org.jetbrains.kotlin.gradle.targets.ConfigureBuildSideEffectKt                  : loaded 2 times (x 73B)
Class org.jetbrains.kotlin.gradle.plugin.statistics.BuildFusService$Companion$registerIfAbsentImpl$generalConfigurationMetricsProvider$1: loaded 2 times (x 77B)
Class [Lorg.jetbrains.kotlin.statistics.metrics.StringMetrics;                        : loaded 2 times (x 71B)
Class org.jetbrains.kotlin.gradle.plugin.BuildEventsListenerRegistryHolder$Companion  : loaded 2 times (x 73B)
Class org.jetbrains.kotlin.gradle.internal.properties.PropertiesBuildService$Inject   : loaded 2 times (x 98B)
Class com.google.common.util.concurrent.SettableFuture                                : loaded 2 times (x 116B)
Class com.google.common.cache.LocalCache$Strength$2                                   : loaded 2 times (x 83B)
Class org.jetbrains.kotlin.gradle.plugin.KotlinPluginLifecycle$ProjectConfigurationResult$Success: loaded 2 times (x 73B)
Class org.jetbrains.kotlin.gradle.internal.StdlibDependencyManagementKt$configureStdlibVersionAlignment$1: loaded 2 times (x 77B)
Class org.jetbrains.kotlin.gradle.plugin.diagnostics.checkers.OverriddenKotlinNativeHomeChecker$allKonanMainSubdirectoriesExist$1$1: loaded 2 times (x 77B)
Class org.jetbrains.kotlin.gradle.dsl.PlatformSourceSetConventionsChecker$CheckedPlatformInfo: loaded 2 times (x 74B)
Class org.jetbrains.kotlin.gradle.plugin.diagnostics.checkers.WasmJsEnvironmentChecker$4: loaded 2 times (x 80B)
Class org.jetbrains.kotlin.gradle.plugin.mpp.KotlinUsages$KotlinCinteropDisambiguation: loaded 2 times (x 78B)
Class org.jetbrains.kotlin.gradle.plugin.KotlinPluginInMultipleProjectsHolder         : loaded 2 times (x 74B)
Class org.jetbrains.kotlin.gradle.report.BuildReportType$Companion                    : loaded 2 times (x 73B)
Class com.google.common.cache.LocalCache$Strength$3                                   : loaded 2 times (x 83B)
Class com.google.common.collect.MapDifference                                         : loaded 2 times (x 72B)
Class org.jetbrains.kotlin.gradle.plugin.mpp.compilationImpl.DefaultKotlinCompilationFriendPathsResolver$CompositeFriendArtifactResolver: loaded 2 times (x 77B)
Class org.jetbrains.kotlin.gradle.plugin.sources.FragmentConsistencyChecks$optInAnnotationsCheck$1: loaded 2 times (x 81B)
Class org.jetbrains.kotlin.gradle.plugin.mpp.AbstractKotlinCompilationToRunnableFiles : loaded 2 times (x 202B)
Class org.jetbrains.kotlin.gradle.artifacts.KotlinMetadataArtifactKt$KotlinMetadataArtifact$1: loaded 2 times (x 76B)
Class org.jetbrains.kotlin.gradle.plugin.mpp.KotlinUsages$KotlinMetadataCompatibility : loaded 2 times (x 78B)
Class [Lorg.jetbrains.kotlin.gradle.dsl.JvmTarget;                                    : loaded 2 times (x 71B)
Class org.jetbrains.kotlin.gradle.utils.ConfigurationsKt$maybeCreateResolvable$1      : loaded 2 times (x 80B)
Class org.jetbrains.kotlin.gradle.plugin.StatisticsBuildFlowManager$Companion         : loaded 2 times (x 73B)
Class org.jetbrains.kotlin.statistics.metrics.StringMetrics$Companion                 : loaded 2 times (x 73B)
Class org.jetbrains.kotlin.gradle.internal.properties.PropertiesBuildService$property$1$1: loaded 2 times (x 77B)
Class org.jetbrains.kotlin.tooling.core.Extras$Type                                   : loaded 2 times (x 74B)
Class org.objectweb.asm.FieldWriter                                                   : loaded 2 times (x 79B)
Class com.google.common.cache.CacheBuilder$NullListener                               : loaded 2 times (x 84B)
Class org.gradle.internal.classpath.TransformedClassPath                              : loaded 2 times (x 98B)
Class org.gradle.internal.classloader.InstrumentingClassLoader                        : loaded 2 times (x 72B)
Class com.google.common.collect.ImmutableRangeSet$AsSet                               : loaded 2 times (x 302B)
Class org.jetbrains.kotlin.gradle.plugin.sources.FragmentConsistencyChecks$optInAnnotationsCheck$2: loaded 2 times (x 80B)
Class org.jetbrains.kotlin.gradle.targets.NativeForwardImplementationToApiElementsSideEffectKt$special$$inlined$KotlinTargetSideEffect$1: loaded 2 times (x 76B)
Class org.jetbrains.kotlin.gradle.plugin.statistics.BuildFusServiceKt                 : loaded 2 times (x 73B)
Class org.jetbrains.kotlin.gradle.plugin.BuildFinishedListenerService$Companion       : loaded 2 times (x 73B)
Class org.jetbrains.kotlin.gradle.plugin.BuildFinishedListenerService                 : loaded 2 times (x 82B)
Class com.google.common.cache.CacheLoader$FunctionToCacheLoader                       : loaded 2 times (x 77B)
Class com.google.common.collect.Iterators$ArrayItr                                    : loaded 2 times (x 99B)
Class com.google.common.collect.ImmutableCollection$Builder                           : loaded 2 times (x 78B)
Class jdk.internal.jrtfs.SystemImage$1                                                : loaded 2 times (x 80B)
Class com.google.common.collect.RegularImmutableMap$KeySet                            : loaded 2 times (x 154B)
Class org.jetbrains.kotlin.gradle.tasks.configuration.TaskConfigAction                : loaded 2 times (x 74B)
Class com.google.common.base.Joiner                                                   : loaded 2 times (x 81B)
Class org.jetbrains.kotlin.gradle.plugin.diagnostics.checkers.OverriddenKotlinNativeHomeChecker$allKonanMainSubdirectoriesExist$1: loaded 2 times (x 77B)
Class org.jetbrains.kotlin.gradle.plugin.AbstractKotlinPlugin$Companion               : loaded 2 times (x 73B)
Class org.jetbrains.kotlin.gradle.plugin.KotlinSourceSetTree                          : loaded 2 times (x 74B)
Class org.jetbrains.kotlin.gradle.plugin.KotlinPluginLifecycle$Stage                  : loaded 2 times (x 81B)
Class [Lorg.jetbrains.kotlin.gradle.plugin.diagnostics.checkers.GradleDeprecatedPropertyChecker$DeprecatedProperty;: loaded 2 times (x 71B)
Class org.jetbrains.kotlin.gradle.plugin.mpp.compilationImpl.KotlinCreateResourcesTaskSideEffectKt$KotlinCreateResourcesTaskSideEffect$1: loaded 2 times (x 76B)
Class org.jetbrains.kotlin.gradle.targets.jvm.KotlinJvmTargetTestFixturesSideEffectKt : loaded 2 times (x 73B)
Class org.jetbrains.kotlin.gradle.plugin.sources.KotlinSourceSetFactory               : loaded 2 times (x 82B)
Class org.jetbrains.kotlin.gradle.targets.native.toolchain.KotlinNativeBundleBuildService$Parameters_Decorated: loaded 2 times (x 141B)
Class org.jetbrains.kotlin.gradle.internal.ClassLoadersCachingBuildService$Companion  : loaded 2 times (x 73B)
Class org.jetbrains.kotlin.gradle.internal.IdeaKt$isInIdeaSync$1                      : loaded 2 times (x 76B)
Class com.google.common.base.MoreObjects                                              : loaded 2 times (x 73B)
Class jdk.internal.jrtfs.SystemImage$2                                                : loaded 2 times (x 78B)
Class org.jetbrains.kotlin.gradle.utils.ProviderApiUtilsKt$mapOrNull$1$1              : loaded 2 times (x 77B)
Class org.jetbrains.kotlin.gradle.plugin.hierarchy.KotlinSourceSetTreeClassifier$Default: loaded 2 times (x 73B)
Class org.jetbrains.kotlin.gradle.tasks.configuration.AbstractKotlinCompileConfig     : loaded 2 times (x 74B)
Class org.jetbrains.kotlin.gradle.plugin.mpp.InternalKotlinCompilationKt              : loaded 2 times (x 73B)
Class org.jetbrains.kotlin.gradle.plugin.mpp.compilationImpl.KotlinCompilationImpl$attributes$2: loaded 2 times (x 81B)
Class org.jetbrains.kotlin.gradle.plugin.diagnostics.checkers.OverriddenKotlinNativeHomeChecker$StdlibExistenceCheckerValueSource: loaded 2 times (x 80B)
Class org.jetbrains.kotlin.gradle.plugin.StatisticsBuildFlowManager$subscribeForBuildResultAndConfigurationTimeMetrics$1$1: loaded 2 times (x 76B)
Class org.jetbrains.kotlin.gradle.plugin.statistics.BuildFinishBuildService$Parameters: loaded 2 times (x 72B)
Class org.jetbrains.kotlin.gradle.utils.IsolatedKotlinClasspathClassCastException     : loaded 2 times (x 84B)
Class com.google.common.collect.Platform                                              : loaded 2 times (x 73B)
Class [Lorg.objectweb.asm.Type;                                                       : loaded 2 times (x 71B)
Class com.google.common.collect.UnmodifiableIterator                                  : loaded 2 times (x 82B)
Class org.jetbrains.kotlin.build.report.metrics.GradleBuildTime                       : loaded 2 times (x 90B)
Class org.gradle.internal.service.ServiceLocator                                      : loaded 2 times (x 72B)
Class org.jetbrains.kotlin.gradle.utils.GradleAttributesContainerUtilsKt$copyAttributeTo$1: loaded 2 times (x 81B)
Class org.jetbrains.kotlin.gradle.plugin.hierarchy.KotlinSourceSetTreeClassifierKt$classify$1: loaded 2 times (x 89B)
Class com.google.common.collect.SingletonImmutableBiMap                               : loaded 2 times (x 145B)
Class [Lorg.jetbrains.kotlin.konan.target.KonanTarget;                                : loaded 2 times (x 71B)
Class org.jetbrains.kotlin.gradle.plugin.diagnostics.checkers.WasmSourceSetsNotFoundChecker: loaded 2 times (x 76B)
Class org.jetbrains.kotlin.gradle.plugin.diagnostics.checkers.AndroidSourceSetLayoutV1SourceSetsNotFoundChecker$androidSourceSetRegex$2: loaded 2 times (x 80B)
Class org.jetbrains.kotlin.gradle.plugin.statistics.KotlinBuildStatsLoggerService$Companion: loaded 2 times (x 73B)
Class com.google.common.base.Ascii                                                    : loaded 2 times (x 73B)
Class com.google.common.cache.LocalCache$1                                            : loaded 2 times (x 91B)
Class com.google.common.collect.Iterators$SingletonIterator                           : loaded 2 times (x 83B)
Class com.google.common.collect.AbstractMapEntry                                      : loaded 2 times (x 83B)
Class jdk.internal.jrtfs.JrtFileSystemProvider                                        : loaded 2 times (x 103B)
Class org.jetbrains.kotlin.gradle.plugin.KotlinCompilationWithResources               : loaded 2 times (x 72B)
Class com.google.common.collect.Sets$ImprovedAbstractSet                              : loaded 2 times (x 137B)
Class com.google.common.collect.ImmutableList$Builder                                 : loaded 2 times (x 79B)
Class org.jetbrains.kotlin.gradle.plugin.KotlinTargetPreset                           : loaded 2 times (x 72B)
Class org.jetbrains.kotlin.gradle.plugin.diagnostics.checkers.KotlinTargetAlreadyDeclaredChecker: loaded 2 times (x 76B)
Class org.jetbrains.kotlin.gradle.plugin.mpp.compilationImpl.KotlinCompilationProcessorSideEffectKt: loaded 2 times (x 73B)
Class org.jetbrains.kotlin.gradle.utils.FileUtilsKt$localProperties$1                 : loaded 2 times (x 77B)
Class org.jetbrains.kotlin.gradle.dsl.HasConfigurableKotlinCompilerOptions            : loaded 2 times (x 72B)
Class com.google.common.collect.AbstractMultimap                                      : loaded 2 times (x 125B)
Class com.google.common.cache.LocalCache$2                                            : loaded 2 times (x 144B)
Class org.jetbrains.kotlin.gradle.plugin.statistics.KotlinProjectConfigurationMetrics : loaded 2 times (x 73B)
Class org.jetbrains.kotlin.gradle.plugin.KotlinCompilationInfo$TCS                    : loaded 2 times (x 91B)
Class com.google.common.collect.ImmutableRangeSet$1                                   : loaded 2 times (x 212B)
Class org.jetbrains.kotlin.gradle.plugin.mpp.HasBinaries                              : loaded 2 times (x 72B)
Class org.jetbrains.kotlin.gradle.dsl.KotlinCommonOptions                             : loaded 2 times (x 72B)
Class org.jetbrains.kotlin.gradle.plugin.diagnostics.checkers.KmpPartiallyResolvedDependenciesChecker: loaded 2 times (x 76B)
Class org.jetbrains.kotlin.gradle.plugin.mpp.compilationImpl.KotlinCreateSourcesJarTaskSideEffectKt: loaded 2 times (x 73B)
Class org.jetbrains.kotlin.gradle.dsl.KotlinJvmProjectExtension                       : loaded 2 times (x 149B)
Class org.jetbrains.kotlin.gradle.plugin.KotlinGradlePluginExtensionPointInternalKt   : loaded 2 times (x 73B)
Class org.jetbrains.kotlin.gradle.targets.native.toolchain.UsesKotlinNativeBundleBuildService: loaded 2 times (x 72B)
Class org.jetbrains.kotlin.gradle.plugin.KotlinCompilerArgumentsProducer              : loaded 2 times (x 72B)
Class org.jetbrains.kotlin.build.report.metrics.ValueType                             : loaded 2 times (x 81B)
Class com.google.common.collect.RegularImmutableAsList                                : loaded 2 times (x 219B)
Class org.jetbrains.kotlin.gradle.internal.tasks.ProducesKlib                         : loaded 2 times (x 72B)
Class org.jetbrains.kotlin.gradle.tasks.configuration.BaseKotlinCompileConfig$1$classpathConfiguration$1: loaded 2 times (x 77B)
Class com.google.common.collect.Range                                                 : loaded 2 times (x 89B)
Class org.jetbrains.kotlin.gradle.targets.js.npm.NpmDependencyExtensionDelegate       : loaded 2 times (x 168B)
Class org.jetbrains.kotlin.gradle.plugin.sources.FragmentConsistencyChecker           : loaded 2 times (x 74B)
Class org.jetbrains.kotlin.gradle.dsl.DefaultToolchainSupport_Decorated               : loaded 2 times (x 122B)
Class org.jetbrains.kotlin.gradle.internal.properties.NativePropertiesLoader$jvmArgs$1: loaded 2 times (x 77B)
Class org.jetbrains.kotlin.gradle.report.BuildMetricsService$Companion                : loaded 2 times (x 73B)
Class org.jetbrains.kotlin.gradle.tasks.KotlinCompileTool                             : loaded 2 times (x 72B)
Class org.jetbrains.kotlin.gradle.plugin.VariantImplementationFactories$Parameters_Decorated: loaded 2 times (x 132B)
Class org.jetbrains.kotlin.gradle.plugin.statistics.BuildFinishBuildService$Parameters_Decorated: loaded 2 times (x 144B)
Class org.jetbrains.kotlin.gradle.plugin.PropertiesProvider$PropertyNames             : loaded 2 times (x 73B)
Class org.jetbrains.kotlin.gradle.utils.SingleAction$PerformedActions                 : loaded 2 times (x 74B)
Class org.jetbrains.kotlin.gradle.utils.GradleUtilsKt                                 : loaded 2 times (x 73B)
Class org.jetbrains.kotlin.gradle.plugin.HasProject                                   : loaded 2 times (x 72B)
Class com.google.common.util.concurrent.AbstractFuture$Trusted                        : loaded 2 times (x 72B)
Class com.google.common.collect.Iterators                                             : loaded 2 times (x 73B)
Class org.jetbrains.kotlin.gradle.tasks.configuration.BaseKotlinCompileConfig         : loaded 2 times (x 74B)
Class org.jetbrains.kotlin.gradle.plugin.mpp.compilationImpl.factory.KotlinCompilationImplFactory$KotlinCompilationTaskNamesContainerFactory: loaded 2 times (x 72B)
Class org.jetbrains.kotlin.gradle.internal.KotlinDependenciesManagementKt$CustomizeKotlinDependenciesSetupAction$1$coreLibrariesVersion$1: loaded 2 times (x 81B)
Class org.jetbrains.kotlin.gradle.plugin.diagnostics.checkers.AndroidPublicationNotConfiguredChecker$runChecks$1: loaded 2 times (x 89B)
Class org.jetbrains.kotlin.gradle.plugin.diagnostics.checkers.CInteropInputChecker$runChecks$1: loaded 2 times (x 89B)
Class org.jetbrains.kotlin.gradle.ExperimentalKotlinGradlePluginApi                   : loaded 2 times (x 72B)
Class org.jetbrains.kotlin.gradle.plugin.diagnostics.ToolingDiagnosticRenderingOptionsKt$isAttachedToTerminal$1: loaded 2 times (x 76B)
Class org.jetbrains.kotlin.gradle.internal.properties.NativePropertiesLoader          : loaded 2 times (x 85B)
Class org.jetbrains.kotlin.statistics.metrics.NumberAnonymizationPolicy$SAFE          : loaded 2 times (x 87B)
Class org.jetbrains.kotlin.gradle.plugin.statistics.BuildFusService                   : loaded 2 times (x 86B)
Class org.jetbrains.kotlin.gradle.dsl.KotlinAndroidProjectExtension                   : loaded 2 times (x 141B)
Class com.google.common.collect.Lists$StringAsImmutableList                           : loaded 2 times (x 209B)
Class com.google.common.util.concurrent.UncheckedExecutionException                   : loaded 2 times (x 84B)
Class [Lorg.jetbrains.kotlin.build.report.metrics.BuildTime;                          : loaded 2 times (x 71B)
Class jdk.internal.jimage.ImageLocation                                               : loaded 2 times (x 92B)
Class jdk.internal.jrtfs.JrtDirectoryStream$1                                         : loaded 2 times (x 85B)
Class org.jetbrains.kotlin.gradle.plugin.diagnostics.checkers.CInteropInputChecker$runChecks$2: loaded 2 times (x 77B)
Class org.jetbrains.kotlin.gradle.tasks.configuration.KaptGenerateStubsConfig$Companion: loaded 2 times (x 73B)
Class org.jetbrains.kotlin.gradle.internal.KotlinTestDependencyManagementKt$maybeAddTestDependencyCapability$1: loaded 2 times (x 77B)
Class org.jetbrains.kotlin.gradle.dsl.abi.AbiValidationLegacyDumpExtension            : loaded 2 times (x 72B)
Class org.jetbrains.kotlin.gradle.plugin.diagnostics.CheckKotlinGradlePluginConfigurationErrorsKt: loaded 2 times (x 73B)
Class org.jetbrains.kotlin.gradle.targets.js.npm.NpmDependencyExtensionKt$AddNpmDependencyExtensionProjectSetupAction$1$WhenMappings: loaded 2 times (x 73B)
Class org.jetbrains.kotlin.gradle.plugin.mpp.KotlinJvmAndroidCompilation              : loaded 2 times (x 204B)
Class org.jetbrains.kotlin.gradle.targets.CreateDefaultCompilationsSideEffectKt$CreateDefaultCompilationsSideEffect$1: loaded 2 times (x 76B)
Class org.jetbrains.kotlin.gradle.targets.native.internal.AddKotlinPlatformIntegersSupportLibraryKt$AddKotlinPlatformIntegersSupportLibrary$1: loaded 2 times (x 97B)
Class org.jetbrains.kotlin.gradle.plugin.mpp.ApplyUserDefinedAttributesKt             : loaded 2 times (x 73B)
Class org.jetbrains.kotlin.gradle.utils.FutureImpl                                    : loaded 2 times (x 82B)
Class org.jetbrains.kotlin.gradle.plugin.diagnostics.ToolingDiagnosticRenderingOptionsKt$isAttachedToTerminal$2: loaded 2 times (x 76B)
Class org.jetbrains.kotlin.gradle.internal.properties.NativePropertiesLoader$isToolchainEnabled$1: loaded 2 times (x 77B)
Class [Lorg.jetbrains.kotlin.statistics.metrics.NumericalMetrics;                     : loaded 2 times (x 71B)
Class org.gradle.internal.InternalTransformer                                         : loaded 2 times (x 72B)
Class org.jetbrains.kotlin.gradle.tasks.CompileUsingKotlinDaemonWithNormalization     : loaded 2 times (x 72B)
Class org.jetbrains.kotlin.gradle.plugin.mpp.compilationImpl.factory.KotlinCompilationImplFactory$PostConfigure$Companion: loaded 2 times (x 73B)
Class com.google.common.collect.AbstractMapBasedMultimap$KeySet$1                     : loaded 2 times (x 84B)
Class org.jetbrains.kotlin.gradle.internal.KotlinDomApiDependencyManagementKt$configureKotlinDomApiDefaultDependency$1: loaded 2 times (x 81B)
Class org.jetbrains.kotlin.gradle.targets.js.npm.DefaultDevNpmDependencyExtension     : loaded 2 times (x 146B)
Class [Lorg.jetbrains.kotlin.gradle.plugin.HasKotlinDependencies;                     : loaded 2 times (x 71B)
Class org.jetbrains.kotlin.gradle.tasks.DefaultKotlinJavaToolchain$Companion$wireJvmTargetToToolchain$1: loaded 2 times (x 77B)
Class org.jetbrains.kotlin.gradle.plugin.diagnostics.checkers.JsLikeEnvironmentChecker: loaded 2 times (x 78B)
Class org.jetbrains.kotlin.gradle.plugin.KotlinPlatformType                           : loaded 2 times (x 84B)
Class org.jetbrains.kotlin.gradle.plugin.KotlinGradleBuildServices$Companion          : loaded 2 times (x 73B)
Class org.jetbrains.kotlin.gradle.internal.properties.PropertiesBuildServiceKt        : loaded 2 times (x 73B)
Class org.objectweb.asm.ClassWriter                                                   : loaded 2 times (x 107B)
Class com.google.common.cache.CacheLoader$UnsupportedLoadingOperationException        : loaded 2 times (x 84B)
Class com.google.common.base.CharMatcher$And                                          : loaded 2 times (x 114B)
Class jdk.internal.jimage.ImageBufferCache$1                                          : loaded 2 times (x 84B)
Class org.gradle.internal.classloader.ClasspathUtil$1                                 : loaded 2 times (x 78B)
Class com.google.common.collect.AbstractMapBasedMultimap$Itr                          : loaded 2 times (x 85B)
Class org.jetbrains.kotlin.gradle.dsl.KotlinJvmCompilerOptionsHelper                  : loaded 2 times (x 73B)
Class org.jetbrains.kotlin.gradle.tasks.DefaultKotlinJavaToolchain$Companion$wireJvmTargetToToolchain$2: loaded 2 times (x 77B)
Class org.jetbrains.kotlin.gradle.plugin.ProjectLocalConfigurations$ProjectLocalDisambiguation: loaded 2 times (x 78B)
Class org.jetbrains.kotlin.gradle.plugin.diagnostics.ToolingDiagnosticRenderingOptions$Companion: loaded 2 times (x 73B)
Class org.jetbrains.kotlin.gradle.plugin.diagnostics.DiagnosticGroup$KotlinDiagnosticGroup: loaded 2 times (x 83B)
Class org.jetbrains.kotlin.gradle.internal.properties.PropertiesBuildService$NullableStringGradleProperty: loaded 2 times (x 78B)
Class org.jetbrains.kotlin.gradle.targets.native.KonanPropertiesBuildService          : loaded 2 times (x 78B)
Class org.jetbrains.kotlin.gradle.plugin.KotlinGradleBuildServices$detectKotlinPluginLoadedInMultipleProjects$onRegister$1$1: loaded 2 times (x 77B)
Class org.jetbrains.kotlin.gradle.plugin.internal.ConfigurationCacheStartParameterAccessor$Factory: loaded 2 times (x 72B)
Class org.objectweb.asm.FieldVisitor                                                  : loaded 2 times (x 79B)
Class com.google.common.collect.IndexedImmutableSet                                   : loaded 2 times (x 154B)
Class com.google.common.collect.BiMap                                                 : loaded 2 times (x 72B)
Class com.google.common.collect.ImmutableMap$1                                        : loaded 2 times (x 83B)
Class jdk.internal.jimage.ImageBufferCache$2                                          : loaded 2 times (x 93B)
Class org.gradle.api.internal.classpath.DefaultModuleRegistry$DefaultModule           : loaded 2 times (x 88B)
Class org.jetbrains.kotlin.gradle.plugin.mpp.compilationImpl.KotlinCompilationSourceSetInclusion$DefaultAddSourcesToCompileTask$addSources$1: loaded 2 times (x 81B)
Class org.jetbrains.kotlin.gradle.plugin.diagnostics.checkers.WasmSourceSetsNotFoundChecker$wasmSourceSetRegex$2: loaded 2 times (x 80B)
Class org.jetbrains.kotlin.gradle.plugin.mpp.compilationImpl.KotlinCompilationSideEffect: loaded 2 times (x 72B)
Class org.jetbrains.kotlin.gradle.plugin.KotlinGradlePluginExtensionPoint             : loaded 2 times (x 72B)
Class org.jetbrains.kotlin.tooling.core.ExtrasUtilsKt                                 : loaded 2 times (x 73B)
Class org.jetbrains.kotlin.buildtools.api.ExperimentalBuildToolsApi                   : loaded 2 times (x 72B)
Class org.jetbrains.kotlin.gradle.targets.native.KonanPropertiesBuildService$Companion$registerIfAbsent$2$1$1: loaded 2 times (x 77B)
Class org.jetbrains.kotlin.gradle.internal.IsInIdeaSyncValueSource$Inject             : loaded 2 times (x 111B)
Class org.jetbrains.kotlin.gradle.utils.ResourceUtilsKt                               : loaded 2 times (x 73B)
Class org.jetbrains.kotlin.gradle.plugin.KotlinPluginWrapperKt$kotlinPluginVersionFromResources$1: loaded 2 times (x 80B)
Class com.google.common.primitives.Ints                                               : loaded 2 times (x 73B)
Class com.google.common.collect.AbstractIterator                                      : loaded 2 times (x 84B)
Class org.jetbrains.kotlin.gradle.plugin.mpp.KotlinTargetSoftwareComponentImplKt$KotlinTargetSoftwareComponent$1$1$1: loaded 2 times (x 77B)
Class org.jetbrains.kotlin.gradle.tasks.configuration.KaptGenerateStubsConfig$Companion$configureLibraries$1: loaded 2 times (x 81B)
Class org.jetbrains.kotlin.gradle.plugin.mpp.compilationImpl.KotlinCompilationSourceSetInclusion$DefaultAddSourcesToCompileTask$addSources$2: loaded 2 times (x 81B)
Class org.jetbrains.kotlin.gradle.tasks.AbstractKotlinCompile                         : loaded 2 times (x 461B)
Class org.jetbrains.kotlin.gradle.plugin.KotlinCompilationOutput                      : loaded 2 times (x 72B)
Class com.google.common.collect.ObjectArrays                                          : loaded 2 times (x 73B)
Class org.jetbrains.kotlin.gradle.plugin.diagnostics.CheckKotlinGradlePluginConfigurationErrorsKt$addDependsOnFromTasksThatShouldFailWhenErrorsReported$1: loaded 2 times (x 77B)
Class org.jetbrains.kotlin.konan.target.KonanTarget$TVOS_X64                          : loaded 2 times (x 80B)
Class org.jetbrains.kotlin.gradle.plugin.diagnostics.KotlinToolingDiagnosticsSetupActionKt: loaded 2 times (x 73B)
Class org.jetbrains.kotlin.gradle.targets.native.KonanPropertiesBuildService$Parameters_Decorated: loaded 2 times (x 132B)
Class org.jetbrains.kotlin.gradle.plugin.KotlinGradleBuildServices$Parameters$Inject  : loaded 2 times (x 108B)
Class org.jetbrains.kotlin.gradle.fus.BuildUidService$Inject                          : loaded 2 times (x 102B)
Class org.jetbrains.kotlin.gradle.plugin.KotlinPluginWrapperKt$kotlinPluginVersionFromResources$1$1: loaded 2 times (x 73B)
Class com.google.common.math.MathPreconditions                                        : loaded 2 times (x 73B)
Class com.google.common.collect.Multiset                                              : loaded 2 times (x 72B)
Class com.google.common.collect.ArrayListMultimapGwtSerializationDependencies         : loaded 2 times (x 173B)
Class com.google.common.collect.AbstractIndexedListIterator                           : loaded 2 times (x 98B)
Class org.jetbrains.kotlin.gradle.plugin.attributes.KlibPackaging$Companion           : loaded 2 times (x 73B)
Class org.jetbrains.kotlin.tooling.core.Extras$Entry                                  : loaded 2 times (x 74B)
Class org.jetbrains.kotlin.gradle.plugin.sources.InternalKotlinSourceSetKt            : loaded 2 times (x 73B)
Class org.jetbrains.kotlin.gradle.utils.WhenEvaluatedKt$whenEvaluated$3               : loaded 2 times (x 81B)
Class org.jetbrains.kotlin.gradle.internal.Kapt3GradleSubplugin$Kapt3SubpluginContext : loaded 2 times (x 74B)
Class org.jetbrains.kotlin.gradle.artifacts.KotlinTargetArtifact                      : loaded 2 times (x 72B)
Class org.jetbrains.kotlin.gradle.dsl.KotlinJvmCompilerOptionsDefault_Decorated       : loaded 2 times (x 165B)
Class org.jetbrains.kotlin.gradle.plugin.HasKotlinDependencies                        : loaded 2 times (x 72B)
Class org.jetbrains.kotlin.gradle.internal.ClassLoadersCachingBuildService$Parameters_Decorated: loaded 2 times (x 132B)
Class org.jetbrains.kotlin.gradle.targets.native.toolchain.KotlinNativeBundleBuildService$Companion: loaded 2 times (x 73B)
Class org.jetbrains.kotlin.gradle.plugin.StatisticsBuildFlowManager$subscribeForBuildResultAndConfigurationTimeMetrics$1: loaded 2 times (x 77B)
Class org.jetbrains.kotlin.gradle.plugin.statistics.MetricContainer                   : loaded 2 times (x 74B)
Class org.jetbrains.kotlin.gradle.plugin.statistics.old.Pre232IdeaKotlinBuildStatsMXBean: loaded 2 times (x 72B)
Class org.jetbrains.kotlin.gradle.plugin.statistics.KotlinBuildStatsServicesRegistry  : loaded 2 times (x 80B)
Class org.jetbrains.kotlin.gradle.plugin.BuildEventsListenerRegistryHolder_Decorated  : loaded 2 times (x 117B)
Class org.jetbrains.kotlin.gradle.plugin.VariantImplementationFactoriesConfigurator   : loaded 2 times (x 78B)
Class com.google.common.collect.ImmutableMapEntrySet                                  : loaded 2 times (x 154B)
Class org.gradle.api.internal.classpath.Module                                        : loaded 2 times (x 72B)
Class org.jetbrains.kotlin.gradle.plugin.mpp.compilationImpl.KotlinCompilationSourceSetInclusion$Companion$includedSourceSets$2: loaded 2 times (x 80B)
Class org.jetbrains.kotlin.gradle.utils.WhenEvaluatedKt$whenEvaluated$4               : loaded 2 times (x 77B)
Class org.jetbrains.kotlin.gradle.plugin.diagnostics.KotlinToolingDiagnosticsSetupActionKt$KotlinToolingDiagnosticsSetupAction$1$1: loaded 2 times (x 77B)
Class org.jetbrains.kotlin.gradle.targets.js.npm.NpmDirectoryDependencyWithExternalsExtension: loaded 2 times (x 72B)
Class org.jetbrains.kotlin.gradle.plugin.KotlinProjectSetupAction                     : loaded 2 times (x 72B)
Class org.jetbrains.kotlin.gradle.plugin.KotlinGradleFinishBuildHandler$Companion     : loaded 2 times (x 73B)
Class org.jetbrains.kotlin.gradle.internal.IsInIdeaSyncValueSource                    : loaded 2 times (x 80B)
Class com.google.common.cache.Weigher                                                 : loaded 2 times (x 72B)
Class org.gradle.api.internal.classpath.UnknownModuleException                        : loaded 2 times (x 84B)
Class org.jetbrains.kotlin.gradle.plugin.mpp.InternalKotlinTargetComponentKt          : loaded 2 times (x 73B)
Class org.jetbrains.kotlin.gradle.plugin.mpp.InternalKotlinTarget$DefaultImpls        : loaded 2 times (x 73B)
Class org.jetbrains.kotlin.gradle.plugin.statistics.KotlinBuildStatisticsUtilsKt$collectAppliedPluginsStatistics$1: loaded 2 times (x 77B)
Class org.jetbrains.kotlin.gradle.plugin.KotlinPluginLifecycleImpl$executeCurrentStageAndScheduleNext$3: loaded 2 times (x 77B)
Class org.jetbrains.kotlin.gradle.plugin.mpp.compilationImpl.KotlinCompilationRegisterInSourceSetsConfigurator$configure$1: loaded 2 times (x 81B)
Class org.jetbrains.kotlin.gradle.plugin.diagnostics.KotlinToolingDiagnosticsSetupActionKt$KotlinToolingDiagnosticsSetupAction$1$2: loaded 2 times (x 97B)
Class org.jetbrains.kotlin.gradle.targets.js.npm.NpmDependencyWithExternalsExtension  : loaded 2 times (x 72B)
Class org.jetbrains.kotlin.gradle.plugin.mpp.KotlinUsageContext                       : loaded 2 times (x 72B)
Class org.jetbrains.kotlin.gradle.plugin.KotlinTargetsContainer                       : loaded 2 times (x 72B)
Class org.jetbrains.kotlin.gradle.plugin.diagnostics.KotlinToolingDiagnosticsCollector$Parameter$Inject: loaded 2 times (x 108B)
Class org.jetbrains.kotlin.compilerRunner.GradleCliCommonizerKt                       : loaded 2 times (x 73B)
Class org.jetbrains.kotlin.gradle.utils.ConfigurationsKt                              : loaded 2 times (x 73B)
Class org.jetbrains.kotlin.gradle.plugin.StatisticsBuildFlowManager                   : loaded 2 times (x 74B)
Class org.jetbrains.kotlin.gradle.plugin.statistics.BuildFusService$Parameters        : loaded 2 times (x 72B)
Class org.jetbrains.kotlin.gradle.plugin.diagnostics.DefaultProblemsReporter$Factory  : loaded 2 times (x 78B)
Class org.jetbrains.kotlin.gradle.plugin.PluginWrappersKt                             : loaded 2 times (x 73B)
Class com.google.common.base.Stopwatch                                                : loaded 2 times (x 74B)
Class com.google.common.cache.LocalCache$Strength                                     : loaded 2 times (x 83B)
Class com.google.common.cache.Cache                                                   : loaded 2 times (x 72B)
Class com.google.gson.stream.JsonReader$1                                             : loaded 2 times (x 74B)
Class jdk.internal.jimage.ImageHeader                                                 : loaded 2 times (x 73B)
Class org.jetbrains.kotlin.gradle.plugin.statistics.KotlinBuildStatisticsUtilsKt$collectAppliedPluginsStatistics$2: loaded 2 times (x 77B)
Class org.jetbrains.kotlin.gradle.plugin.mpp.InternalKotlinTargetKt                   : loaded 2 times (x 73B)
Class org.jetbrains.kotlin.gradle.plugin.diagnostics.KotlinToolingDiagnosticsSetupActionKt$KotlinToolingDiagnosticsSetupAction$1$3: loaded 2 times (x 77B)
Class org.jetbrains.kotlin.gradle.targets.js.dsl.KotlinTargetWithNodeJsDsl            : loaded 2 times (x 72B)
Class org.jetbrains.kotlin.gradle.plugin.sources.DefaultKotlinSourceSetKt$defaultSourceSetLanguageSettingsChecker$1: loaded 2 times (x 80B)
Class org.jetbrains.kotlin.gradle.plugin.sources.InternalKotlinSourceSet              : loaded 2 times (x 72B)
Class org.jetbrains.kotlin.gradle.plugin.KotlinJvmPlugin                              : loaded 2 times (x 81B)
Class org.jetbrains.kotlin.gradle.plugin.mpp.SyncLanguageSettingsWithKotlinExtensionSetupActionKt$SyncLanguageSettingsWithKotlinExtensionSetupAction$1: loaded 2 times (x 97B)
Class org.jetbrains.kotlin.gradle.dsl.KotlinGradlePluginPublicDsl                     : loaded 2 times (x 72B)
Class org.jetbrains.kotlin.gradle.internal.properties.NativeProperties                : loaded 2 times (x 72B)
Class org.jetbrains.kotlin.gradle.fus.internal.SynchronizedConfigurationMetrics       : loaded 2 times (x 74B)
Class org.jetbrains.kotlin.statistics.BuildSessionLogger                              : loaded 2 times (x 79B)
Class org.jetbrains.kotlin.gradle.plugin.internal.ConfigurationCacheStartParameterAccessor: loaded 2 times (x 72B)
Class org.jetbrains.kotlin.gradle.internal.diagnostics.GradleCompatibilityCheck$DefaultCurrentGradleVersionProvider: loaded 2 times (x 76B)
Class org.jetbrains.kotlin.gradle.dsl.KotlinBaseExtension                             : loaded 2 times (x 72B)
Class com.google.common.util.concurrent.AbstractFuture$Cancellation                   : loaded 2 times (x 74B)
Class com.google.common.collect.ImmutableMap$Builder                                  : loaded 2 times (x 84B)
Class org.jetbrains.kotlin.build.report.metrics.BuildMetricsReporter                  : loaded 2 times (x 72B)
Class org.jetbrains.kotlin.gradle.utils.FutureKt$future$2$1                           : loaded 2 times (x 97B)
Class org.jetbrains.kotlin.gradle.plugin.diagnostics.DefaultProblemsReporter$logger$2 : loaded 2 times (x 81B)
Class org.jetbrains.kotlin.gradle.plugin.diagnostics.DefaultProblemsReporter          : loaded 2 times (x 78B)
Class [Lorg.jetbrains.kotlin.gradle.plugin.statistics.plugins.ObservablePlugins;      : loaded 2 times (x 71B)
Class org.jetbrains.kotlin.gradle.plugin.internal.BuildIdService$Companion$registerIfAbsent$1$1: loaded 2 times (x 77B)
Class org.jetbrains.kotlin.gradle.targets.js.dsl.KotlinWasmTargetDsl                  : loaded 2 times (x 72B)
Class org.jetbrains.kotlin.gradle.plugin.diagnostics.checkers.DisabledCinteropCommonizationInHmppProjectChecker$runChecks$1: loaded 2 times (x 89B)
Class org.jetbrains.kotlin.gradle.plugin.sources.ConsistencyCheck                     : loaded 2 times (x 74B)
Class org.jetbrains.kotlin.gradle.plugin.sources.DefaultKotlinSourceSetKt$defaultSourceSetLanguageSettingsChecker$2: loaded 2 times (x 80B)
Class org.jetbrains.kotlin.gradle.dsl.KotlinCommonToolOptions                         : loaded 2 times (x 72B)
Class org.jetbrains.kotlin.gradle.plugin.AbstractKotlinPlugin                         : loaded 2 times (x 80B)
Class org.jetbrains.kotlin.gradle.tasks.DefaultKotlinJavaToolchain$Companion$wireJvmTargetToJvm$1: loaded 2 times (x 77B)
Class org.jetbrains.kotlin.gradle.plugin.diagnostics.checkers.ComposePluginSuggestApplyChecker: loaded 2 times (x 76B)
Class org.jetbrains.kotlin.konan.target.KonanTarget$IOS_ARM64                         : loaded 2 times (x 80B)
Class org.jetbrains.kotlin.gradle.dsl.KotlinMultiplatformExtension                    : loaded 2 times (x 609B)
Class org.jetbrains.kotlin.gradle.plugin.diagnostics.KotlinToolingDiagnosticsCollectorKt$kotlinToolingDiagnosticsCollectorProvider$1$execute$$inlined$variantImplementationFactoryProvider$1: loaded 2 times (x 76B)
Class org.jetbrains.kotlin.gradle.plugin.BuildFinishAndConfigurationTimeMetricsFlowAction: loaded 2 times (x 76B)
Class org.jetbrains.kotlin.gradle.plugin.PropertiesProvider$booleanProvider$1         : loaded 2 times (x 76B)
Class com.google.common.cache.RemovalListener                                         : loaded 2 times (x 72B)
Class org.gradle.api.internal.DefaultClassPathRegistry                                : loaded 2 times (x 78B)
Class org.jetbrains.kotlin.gradle.plugin.mpp.KotlinTargetSoftwareComponentImplKt$KotlinTargetSoftwareComponent$1$1$configuration$1: loaded 2 times (x 81B)
Class org.jetbrains.kotlin.gradle.targets.js.npm.DefaultPeerNpmDependencyExtension$delegate$1: loaded 2 times (x 168B)
Class org.jetbrains.kotlin.gradle.targets.js.npm.NpmDependency                        : loaded 2 times (x 88B)
Class org.jetbrains.kotlin.gradle.targets.js.npm.DefaultNpmDependencyExtension        : loaded 2 times (x 153B)
Class org.jetbrains.kotlin.gradle.targets.js.npm.NpmDependency$Scope                  : loaded 2 times (x 81B)
Class org.jetbrains.kotlin.gradle.plugin.sources.FragmentConsistencyChecks$unstableFeaturesCheck$1: loaded 2 times (x 81B)
Class org.jetbrains.kotlin.gradle.plugin.sources.DefaultKotlinSourceSet               : loaded 2 times (x 141B)
Class org.jetbrains.kotlin.gradle.plugin.diagnostics.checkers.AndroidSourceSetLayoutV1SourceSetsNotFoundChecker: loaded 2 times (x 76B)
Class org.jetbrains.kotlin.gradle.plugin.diagnostics.KotlinToolingDiagnosticsCollector$Parameter_Decorated: loaded 2 times (x 132B)
Class org.jetbrains.kotlin.gradle.utils.ConfigurationsKt$sam$org_gradle_api_Action$0  : loaded 2 times (x 77B)
Class org.jetbrains.kotlin.gradle.plugin.diagnostics.ProblemsReporter                 : loaded 2 times (x 72B)
Class org.jetbrains.kotlin.gradle.plugin.VariantImplementationFactories$Parameters    : loaded 2 times (x 72B)
Class org.jetbrains.kotlin.gradle.plugin.internal.JavaExecTaskParametersCompatibility$Factory: loaded 2 times (x 72B)
Class com.google.common.primitives.IntsMethodsForWeb                                  : loaded 2 times (x 73B)
Class com.google.common.collect.Multimap                                              : loaded 2 times (x 72B)
Class org.gradle.api.internal.ClassPathRegistry                                       : loaded 2 times (x 72B)
Class org.gradle.internal.classpath.DefaultClassPath$ImmutableUniqueList              : loaded 2 times (x 201B)
Class build_3ubenu9uf340utamnseyqkfmv$_run_closure1$_closure3                         : loaded 2 times (x 140B)
Class org.jetbrains.kotlin.gradle.plugin.KotlinCompilation$DefaultImpls               : loaded 2 times (x 73B)
Class org.jetbrains.kotlin.gradle.utils.ProviderApiUtilsKt$providerWithLazyConvention$1: loaded 2 times (x 76B)
Class org.jetbrains.kotlin.gradle.plugin.sources.FragmentConsistencyChecks$unstableFeaturesCheck$2: loaded 2 times (x 80B)
Class org.jetbrains.kotlin.gradle.plugin.KotlinPluginLifecycleImpl                    : loaded 2 times (x 82B)
Class org.jetbrains.kotlin.gradle.plugin.diagnostics.KotlinToolingDiagnostics$WasmWasiEnvironmentNotChosenExplicitly: loaded 2 times (x 75B)
Class org.jetbrains.kotlin.gradle.artifacts.KotlinNativeKlibArtifactKt$KotlinNativeKlibArtifact$1: loaded 2 times (x 76B)
Class org.jetbrains.kotlin.gradle.dsl.KotlinCommonCompilerOptionsDefault              : loaded 2 times (x 96B)
Class org.jetbrains.kotlin.gradle.dsl.KotlinCommonCompilerToolOptionsDefault          : loaded 2 times (x 86B)
Class org.jetbrains.kotlin.konan.target.KonanTarget$Companion$predefinedTargets$2     : loaded 2 times (x 80B)
Class org.jetbrains.kotlin.gradle.plugin.diagnostics.DiagnosticGroup$Kgp              : loaded 2 times (x 84B)
Class org.jetbrains.kotlin.gradle.tasks.publishing.HelpersKt$addPomValidationHelpers$1: loaded 2 times (x 77B)
Class org.jetbrains.kotlin.gradle.internal.properties.NativePropertiesLoader$isUseXcodeMessageStyleEnabled$1: loaded 2 times (x 77B)
Class org.jetbrains.kotlin.gradle.internal.ClassLoadersCachingBuildService$Companion$registerIfAbsent$2$1: loaded 2 times (x 81B)
Class org.jetbrains.kotlin.gradle.plugin.statistics.KotlinBuildStatisticsUtilsKt$collectGeneralConfigurationTimeMetrics$statisticOverhead$1$2: loaded 2 times (x 77B)
Class org.jetbrains.kotlin.gradle.plugin.StatisticsBuildFlowManager_Decorated         : loaded 2 times (x 117B)
Class org.jetbrains.kotlin.gradle.report.BuildReportMode$Companion                    : loaded 2 times (x 73B)
Class org.jetbrains.kotlin.gradle.plugin.VariantImplementationFactories$VariantImplementationFactory: loaded 2 times (x 72B)
Class jdk.internal.jimage.decompressor.ResourceDecompressor                           : loaded 2 times (x 72B)
Class com.google.common.base.PairwiseEquivalence                                      : loaded 2 times (x 85B)
Class org.jetbrains.kotlin.gradle.utils.GradleAttributesContainerUtilsKt              : loaded 2 times (x 73B)
Class org.jetbrains.kotlin.gradle.plugin.mpp.ApplyUserDefinedAttributesKt$UserDefinedAttributesSetupAction$1$1: loaded 2 times (x 81B)
Class org.jetbrains.kotlin.compilerRunner.CompilerSystemPropertiesService             : loaded 2 times (x 82B)
Class org.jetbrains.kotlin.gradle.plugin.mpp.compilationImpl.KotlinCompilationImpl$1  : loaded 2 times (x 81B)
Class org.jetbrains.kotlin.gradle.targets.js.npm.SemVer$Companion                     : loaded 2 times (x 73B)
Class org.jetbrains.kotlin.konan.target.KonanTarget$LINUX_ARM64                       : loaded 2 times (x 80B)
Class org.jetbrains.kotlin.gradle.targets.native.SetupEmbedAndSignAppleFrameworkTaskSideEffectKt$special$$inlined$KotlinTargetSideEffect$1: loaded 2 times (x 76B)
Class org.jetbrains.kotlin.gradle.plugin.mpp.KotlinUsages$KotlinCinteropCompatibility : loaded 2 times (x 79B)
Class org.jetbrains.kotlin.gradle.plugin.mpp.KotlinUsages$KotlinUsagesCompatibility   : loaded 2 times (x 78B)
Class org.jetbrains.kotlin.gradle.dsl.ExplicitApiMode                                 : loaded 2 times (x 81B)
Class org.jetbrains.kotlin.konan.target.KonanTarget$LINUX_X64                         : loaded 2 times (x 80B)
Class [Lorg.jetbrains.kotlin.konan.target.Architecture;                               : loaded 2 times (x 71B)
Class org.jetbrains.kotlin.gradle.tasks.publishing.HelpersKt$addSigningValidationHelpers$1: loaded 2 times (x 77B)
Class org.jetbrains.kotlin.gradle.plugin.VariantImplementationFactories$Companion     : loaded 2 times (x 73B)
Class org.jetbrains.kotlin.gradle.plugin.internal.CustomPropertiesFileValueSource$Parameters_Decorated: loaded 2 times (x 132B)
Class org.jetbrains.kotlin.gradle.dsl.KotlinTopLevelExtensionConfig                   : loaded 2 times (x 72B)
Class com.google.common.cache.CacheBuilder                                            : loaded 2 times (x 74B)
Class com.google.common.collect.SingletonImmutableList                                : loaded 2 times (x 209B)
Class Settings_gradle$1                                                               : loaded 2 times (x 76B)
Class org.gradle.internal.classpath.ClassPath                                         : loaded 2 times (x 72B)
Class org.jetbrains.kotlin.gradle.plugin.mpp.compilationImpl.KotlinCompilationImpl$2  : loaded 2 times (x 81B)
Class com.google.common.base.JdkPattern                                               : loaded 2 times (x 77B)
Class org.jetbrains.kotlin.gradle.dsl.PlatformSourceSetConventionsChecker$runChecks$1 : loaded 2 times (x 89B)
Class org.jetbrains.kotlin.gradle.plugin.mpp.compilationImpl.KotlinCompilationProcessorSideEffectKt$KotlinCompilationProcessorSideEffect$1: loaded 2 times (x 76B)
Class org.jetbrains.kotlin.gradle.dsl.KotlinJvmCompilerOptionsDefault                 : loaded 2 times (x 108B)
Class org.jetbrains.kotlin.gradle.internal.UsesClassLoadersCachingBuildService        : loaded 2 times (x 72B)
Class com.google.common.collect.ImmutableList$ReverseImmutableList                    : loaded 2 times (x 211B)
Class org.jetbrains.kotlin.gradle.plugin.KotlinCompilationInfoKt                      : loaded 2 times (x 73B)
Class org.jetbrains.kotlin.gradle.tasks.KotlinCompile                                 : loaded 2 times (x 505B)
Class org.jetbrains.kotlin.gradle.internal.StdlibDependencyManagementKt               : loaded 2 times (x 73B)
Class org.jetbrains.kotlin.gradle.dsl.PlatformSourceSetConventionsChecker$runChecks$2 : loaded 2 times (x 80B)
Class org.jetbrains.kotlin.gradle.utils.ObservableSet                                 : loaded 2 times (x 72B)
Class org.jetbrains.kotlin.gradle.plugin.mpp.HierarchyAttributeContainer              : loaded 2 times (x 86B)
Class org.jetbrains.kotlin.gradle.tasks.UsesKotlinJavaToolchain                       : loaded 2 times (x 72B)
Class org.jetbrains.kotlin.konan.target.KonanTarget$MINGW_X64                         : loaded 2 times (x 80B)
Class org.jetbrains.kotlin.gradle.plugin.diagnostics.KotlinToolingDiagnosticsCollectorKt: loaded 2 times (x 73B)
Class org.jetbrains.kotlin.gradle.plugin.DefaultKotlinBasePlugin$apply$1              : loaded 2 times (x 77B)
Class org.jetbrains.kotlin.statistics.metrics.StringOverridePolicy$OVERRIDE           : loaded 2 times (x 87B)
Class org.jetbrains.kotlin.gradle.internal.properties.PropertiesBuildService$Params_Decorated: loaded 2 times (x 132B)
Class org.objectweb.asm.SymbolTable$Entry                                             : loaded 2 times (x 75B)
Class com.google.gson.internal.JsonReaderInternalAccess                               : loaded 2 times (x 74B)
Class org.jetbrains.kotlin.cli.common.arguments.Freezable                             : loaded 2 times (x 74B)
Class Native_plugin_loader_gradle                                                     : loaded 2 times (x 128B)
Class org.jetbrains.kotlin.gradle.plugin.mpp.KotlinTargetComponentWithCoordinatesAndPublication: loaded 2 times (x 72B)
Class org.jetbrains.kotlin.gradle.incremental.UsesIncrementalModuleInfoBuildService   : loaded 2 times (x 72B)
Class org.jetbrains.kotlin.gradle.dsl.PlatformSourceSetConventionsChecker$runChecks$3 : loaded 2 times (x 80B)
Class org.jetbrains.kotlin.konan.target.KonanTarget$ANDROID_X86                       : loaded 2 times (x 80B)
Class org.jetbrains.kotlin.gradle.plugin.RegisterKotlinPluginExtensionsKt             : loaded 2 times (x 73B)
Class org.jetbrains.kotlin.gradle.utils.CompilerOptionsKt$configureExperimentalTryNext$1$1: loaded 2 times (x 80B)
Class org.jetbrains.kotlin.gradle.utils.CompilerOptionsKt                             : loaded 2 times (x 73B)
Class org.jetbrains.kotlin.gradle.plugin.PropertiesProvider$Companion                 : loaded 2 times (x 73B)
Class org.jetbrains.kotlin.gradle.utils.SingleAction                                  : loaded 2 times (x 75B)
Class org.objectweb.asm.Edge                                                          : loaded 2 times (x 74B)
Class com.google.common.base.Suppliers$SupplierOfInstance                             : loaded 2 times (x 81B)
Class com.google.common.collect.Iterators$1                                           : loaded 2 times (x 83B)
Class jdk.internal.jimage.ImageStringsReader                                          : loaded 2 times (x 82B)
Class org.jetbrains.kotlin.gradle.internal.utils.CollectionsKt                        : loaded 2 times (x 73B)
Class org.jetbrains.kotlin.gradle.plugin.diagnostics.KotlinToolingDiagnosticsSetupActionKt$KotlinToolingDiagnosticsSetupAction$1$2$diagnostics$1: loaded 2 times (x 77B)
Class org.jetbrains.kotlin.tooling.core.ExtrasPropertyKt$extrasLazyProperty$1         : loaded 2 times (x 96B)
Class org.jetbrains.kotlin.gradle.dsl.abi.AbiFilterSetSpec                            : loaded 2 times (x 72B)
Class org.jetbrains.kotlin.gradle.dsl.PlatformSourceSetConventionsChecker$runChecks$4 : loaded 2 times (x 80B)
Class org.jetbrains.kotlin.gradle.plugin.diagnostics.checkers.JsLikeEnvironmentChecker$runChecks$1: loaded 2 times (x 89B)
Class org.jetbrains.kotlin.gradle.plugin.diagnostics.UsesKotlinToolingDiagnostics     : loaded 2 times (x 72B)
Class org.jetbrains.kotlin.gradle.plugin.diagnostics.checkers.KonanHomeConflictDeclarationChecker: loaded 2 times (x 76B)
Class org.jetbrains.kotlin.gradle.plugin.diagnostics.KotlinToolingDiagnostics$WasmJsEnvironmentNotChosenExplicitly: loaded 2 times (x 75B)
Class org.jetbrains.kotlin.statistics.metrics.BooleanAnonymizationPolicy$SAFE         : loaded 2 times (x 87B)
Class com.google.common.cache.LocalCache$ComputingValueReference                      : loaded 2 times (x 98B)
Class com.google.common.collect.SingletonImmutableSet                                 : loaded 2 times (x 148B)
Class com.google.common.collect.ImmutableMap$IteratorBasedImmutableMap                : loaded 2 times (x 128B)
Class org.jetbrains.kotlin.gradle.plugin.mpp.compilationImpl.DefaultKotlinCompilationSourceSetsContainer$allKotlinSourceSetsImpl$1$1: loaded 2 times (x 82B)
Class org.jetbrains.kotlin.gradle.plugin.mpp.compilationImpl.DefaultKotlinCompilationSourceSetsContainer: loaded 2 times (x 80B)
Class org.jetbrains.kotlin.konan.target.KonanTarget$TVOS_SIMULATOR_ARM64              : loaded 2 times (x 80B)
Class org.jetbrains.kotlin.gradle.plugin.KotlinPluginLifecycle$Stage$Companion        : loaded 2 times (x 73B)
Class org.jetbrains.kotlin.gradle.plugin.diagnostics.checkers.DeprecatedKotlinNativeTargetsChecker: loaded 2 times (x 76B)
Class org.jetbrains.kotlin.gradle.targets.jvm.KotlinJvmCompilationWireJavaSourcesSideEffectKt$KotlinJvmCompilationWireJavaSourcesSideEffect$1: loaded 2 times (x 76B)
Class org.jetbrains.kotlin.gradle.targets.native.ConfigureFrameworkExportSideEffectKt$special$$inlined$KotlinTargetSideEffect$1: loaded 2 times (x 76B)
Class org.jetbrains.kotlin.tooling.core.AbstractExtras                                : loaded 2 times (x 143B)
Class org.jetbrains.kotlin.konan.target.KonanTarget$Companion                         : loaded 2 times (x 73B)
Class org.jetbrains.kotlin.gradle.fus.BuildUidService$Companion$registerIfAbsent$1    : loaded 2 times (x 76B)
Class org.jetbrains.kotlin.gradle.internal.diagnostics.AgpCompatibilityCheck$AndroidGradlePluginVersionProvider: loaded 2 times (x 72B)
Class com.google.common.cache.LocalCache$Segment                                      : loaded 2 times (x 155B)
Class jdk.internal.jimage.ImageReader                                                 : loaded 2 times (x 77B)
Class com.google.common.base.Equivalence$Identity                                     : loaded 2 times (x 84B)
Class Native_plugin_loader_gradle$NativePluginLoader$Companion                        : loaded 2 times (x 73B)
Class org.jetbrains.kotlin.gradle.internal.StdlibDependencyManagementKt$addStdlibDependency$1$1: loaded 2 times (x 81B)
Class org.jetbrains.kotlin.gradle.tasks.configuration.BaseKotlinCompileConfig$2$1     : loaded 2 times (x 77B)
Class org.jetbrains.kotlin.gradle.plugin.diagnostics.TransformActionUsingKotlinToolingDiagnostics: loaded 2 times (x 72B)
Class com.google.common.collect.SortedIterable                                        : loaded 2 times (x 72B)
Class org.jetbrains.kotlin.gradle.dsl.abi.AbiValidationVariantSpec$Companion          : loaded 2 times (x 73B)
Class org.jetbrains.kotlin.gradle.dsl.abi.AbiValidationVariantSpec                    : loaded 2 times (x 72B)
Class org.jetbrains.kotlin.gradle.dsl.PlatformSourceSetConventionsChecker$runChecks$6 : loaded 2 times (x 89B)
Class org.jetbrains.kotlin.gradle.plugin.sources.DefaultKotlinSourceSet_Decorated     : loaded 2 times (x 187B)
Class org.jetbrains.kotlin.gradle.plugin.mpp.KotlinCompilationsKt                     : loaded 2 times (x 73B)
Class org.jetbrains.kotlin.gradle.targets.native.KonanPropertiesBuildService$Companion: loaded 2 times (x 73B)
Class org.jetbrains.kotlin.statistics.metrics.StringOverridePolicy                    : loaded 2 times (x 87B)
Class org.jetbrains.kotlin.gradle.plugin.statistics.DefaultKotlinBuildStatsBeanService: loaded 2 times (x 94B)
Class org.jetbrains.kotlin.gradle.utils.GradleUtilsKt$registerClassLoaderScopedBuildService$1: loaded 2 times (x 76B)
Class org.jetbrains.kotlin.gradle.internal.diagnostics.AgpCompatibilityCheck$AndroidGradlePluginVersionProvider$Default: loaded 2 times (x 76B)
Class com.google.common.collect.AbstractListMultimap                                  : loaded 2 times (x 173B)
Class [Lorg.objectweb.asm.SymbolTable$Entry;                                          : loaded 2 times (x 71B)
Class com.google.common.cache.CacheLoader                                             : loaded 2 times (x 76B)
Class com.google.common.collect.Iterators$4                                           : loaded 2 times (x 84B)
Class com.google.common.collect.ImmutableBiMap                                        : loaded 2 times (x 145B)
Class jdk.internal.jimage.ImageReader$SharedImageReader                               : loaded 2 times (x 97B)
Class org.gradle.internal.installation.GradleInstallation$1                           : loaded 2 times (x 77B)
Class org.gradle.api.internal.classpath.ModuleRegistry                                : loaded 2 times (x 72B)
Class org.jetbrains.kotlin.gradle.fus.internal.SynchronizedConfigurationMetrics$Companion: loaded 2 times (x 73B)
Class org.jetbrains.kotlin.gradle.plugin.KotlinPluginLifecycle$ProjectConfigurationResult: loaded 2 times (x 73B)
Class org.jetbrains.kotlin.gradle.internal.KotlinDependenciesManagementKt$configureDefaultVersionsResolutionStrategy$1: loaded 2 times (x 77B)
Class org.jetbrains.kotlin.gradle.internal.StdlibDependencyManagementKt$configureStdlibDefaultDependency$1: loaded 2 times (x 81B)
Class org.jetbrains.kotlin.gradle.plugin.mpp.compilationImpl.KotlinCreateResourcesTaskSideEffectKt: loaded 2 times (x 73B)
Class org.jetbrains.kotlin.gradle.plugin.mpp.KotlinUsages                             : loaded 2 times (x 73B)
Class org.jetbrains.kotlin.gradle.utils.ConfigurationCacheOpaqueValue                 : loaded 2 times (x 74B)
Class org.jetbrains.kotlin.gradle.internal.properties.NativePropertiesLoader$Companion: loaded 2 times (x 73B)
Class org.jetbrains.kotlin.gradle.plugin.statistics.KotlinBuildStatsBeanService$Companion: loaded 2 times (x 73B)
Class org.jetbrains.kotlin.gradle.plugin.statistics.BuildFusService$Companion         : loaded 2 times (x 73B)
Class com.google.common.collect.ImmutableSet$JdkBackedSetBuilderImpl                  : loaded 2 times (x 78B)
Class com.google.common.util.concurrent.internal.InternalFutureFailureAccess          : loaded 2 times (x 74B)
Class com.google.common.collect.Iterators$5                                           : loaded 2 times (x 84B)
Class jdk.internal.jimage.decompressor.ResourceDecompressorFactory                    : loaded 2 times (x 76B)
Class build_3nxj8leotp75qz9hepv6x4011$_run_closure1                                   : loaded 2 times (x 140B)
Class build_3ubenu9uf340utamnseyqkfmv$_run_closure1                                   : loaded 2 times (x 140B)
Class org.jetbrains.kotlin.gradle.plugin.HasCompilerOptions                           : loaded 2 times (x 72B)
Class org.jetbrains.kotlin.gradle.plugin.mpp.compilationImpl.DefaultKotlinCompilationFriendPathsResolver$FriendArtifactResolver: loaded 2 times (x 72B)
Class org.jetbrains.kotlin.gradle.dsl.abi.AbiFilterSetSpec_Decorated                  : loaded 2 times (x 135B)
Class org.jetbrains.kotlin.konan.target.KonanTarget$WATCHOS_SIMULATOR_ARM64           : loaded 2 times (x 80B)
Class org.jetbrains.kotlin.gradle.targets.js.ir.KotlinJsIrTarget                      : loaded 2 times (x 256B)
Class org.jetbrains.kotlin.gradle.plugin.mpp.DefaultKotlinUsageContext                : loaded 2 times (x 95B)
Class org.jetbrains.kotlin.gradle.plugin.KotlinPluginLifecycleImpl$start$3            : loaded 2 times (x 81B)
Class org.jetbrains.kotlin.gradle.dsl.KotlinJvmExtension                              : loaded 2 times (x 72B)
Class org.jetbrains.kotlin.gradle.plugin.KotlinMultiplatformPluginWrapper             : loaded 2 times (x 88B)
Class [Lorg.jetbrains.kotlin.statistics.metrics.BooleanMetrics;                       : loaded 2 times (x 71B)
Class org.jetbrains.kotlin.gradle.fus.internal.CiUtilKt                               : loaded 2 times (x 73B)
Class org.jetbrains.kotlin.gradle.internal.properties.PropertiesBuildService$Companion: loaded 2 times (x 73B)
Class com.google.common.cache.LocalCache$LocalManualCache$1                           : loaded 2 times (x 77B)
Class com.google.common.base.CharMatcher$ForPredicate                                 : loaded 2 times (x 114B)
Class org.jetbrains.kotlin.gradle.plugin.mpp.compilationImpl.KotlinCompilationConfigurationsContainer: loaded 2 times (x 72B)
Class org.jetbrains.kotlin.gradle.internal.StdlibDependencyManagementKt$addStdlibDependency$1: loaded 2 times (x 77B)
Class [Lorg.jetbrains.kotlin.gradle.plugin.KotlinPluginLifecycle$CoroutineStart;      : loaded 2 times (x 71B)
Class org.jetbrains.kotlin.gradle.dsl.IosSourceSetConventionChecker                   : loaded 2 times (x 76B)
Class org.jetbrains.kotlin.gradle.plugin.diagnostics.KotlinGradleProjectChecker       : loaded 2 times (x 72B)
Class org.jetbrains.kotlin.gradle.plugin.sources.KotlinSourceSetFactory$Companion     : loaded 2 times (x 73B)
Class org.jetbrains.kotlin.gradle.dsl.KotlinMultiplatformSourceSetConventions         : loaded 2 times (x 72B)
Class org.jetbrains.kotlin.statistics.metrics.NumberOverridePolicy$SUM                : loaded 2 times (x 87B)
Class com.google.common.base.CharMatcher$AnyOf                                        : loaded 2 times (x 114B)
Class com.google.common.collect.ImmutableCollection                                   : loaded 2 times (x 127B)
Class jdk.internal.jimage.ImageReader$Node                                            : loaded 2 times (x 86B)
Class org.gradle.api.internal.classpath.DefaultModuleRegistry                         : loaded 2 times (x 88B)
Class org.jetbrains.kotlin.gradle.plugin.mpp.compilationImpl.factory.CompositePostConfigure: loaded 2 times (x 77B)
Class org.jetbrains.kotlin.gradle.plugin.KotlinGradleBuildServices$Inject             : loaded 2 times (x 102B)
Class org.jetbrains.kotlin.gradle.targets.native.internal.CInteropConfigurationsKt    : loaded 2 times (x 73B)
Class org.jetbrains.kotlin.gradle.plugin.statistics.BuildFusService$Parameters$Inject : loaded 2 times (x 114B)
Class org.jetbrains.kotlin.statistics.metrics.StatisticsValuesConsumer                : loaded 2 times (x 72B)
Class org.jetbrains.kotlin.gradle.plugin.AndroidGradlePluginVersion$Companion         : loaded 2 times (x 73B)
Class com.google.common.collect.Lists                                                 : loaded 2 times (x 73B)
Class com.google.common.util.concurrent.ListenableFuture                              : loaded 2 times (x 72B)
Class com.google.common.cache.ReferenceEntry                                          : loaded 2 times (x 72B)
Class com.google.common.base.Converter                                                : loaded 2 times (x 92B)
Class com.google.common.collect.ImmutableSet$CachingAsList                            : loaded 2 times (x 150B)
Class org.jetbrains.kotlin.build.report.metrics.GradleBuildTime$Companion             : loaded 2 times (x 73B)
Class jdk.internal.jimage.BasicImageReader$1                                          : loaded 2 times (x 79B)
Class build_7detfdtfmibv0pf42vnjbs2qi$_run_closure1                                   : loaded 2 times (x 140B)
Class org.jetbrains.kotlin.gradle.tasks.KotlinCompilerExecutionStrategy$Companion     : loaded 2 times (x 73B)
Class org.jetbrains.kotlin.gradle.plugin.diagnostics.KotlinToolingDiagnosticsSetupActionKt$KotlinToolingDiagnosticsSetupAction$1$reporterProvider$2: loaded 2 times (x 77B)
Class [Lorg.jetbrains.kotlin.tooling.core.HasMutableExtras;                           : loaded 2 times (x 71B)
Class org.jetbrains.kotlin.gradle.plugin.diagnostics.checkers.GradleDeprecatedPropertyChecker: loaded 2 times (x 76B)
Class org.jetbrains.kotlin.gradle.artifacts.KotlinJsKlibArtifactKt$KotlinJsKlibArtifact$1: loaded 2 times (x 76B)
Class org.jetbrains.kotlin.gradle.targets.CreateTargetConfigurationsSideEffectKt      : loaded 2 times (x 73B)
Class org.jetbrains.kotlin.gradle.plugin.mpp.ApplyUserDefinedAttributesKt$UserDefinedAttributesSetupAction$1: loaded 2 times (x 97B)
Class org.jetbrains.kotlin.gradle.plugin.mpp.KotlinAndroidTarget                      : loaded 2 times (x 161B)
Class org.jetbrains.kotlin.gradle.plugin.DefaultKotlinBasePlugin$addKotlinCompilerConfiguration$1: loaded 2 times (x 77B)
Class org.jetbrains.kotlin.gradle.plugin.statistics.NonSynchronizedMetricsContainer   : loaded 2 times (x 84B)
Class org.jetbrains.kotlin.gradle.plugin.internal.DefaultCompatibilityConventionRegistrar: loaded 2 times (x 76B)
Class org.jetbrains.kotlin.gradle.plugin.PropertiesProvider                           : loaded 2 times (x 75B)
Class com.google.common.collect.AbstractMapBasedMultimap                              : loaded 2 times (x 140B)
Class com.google.common.util.concurrent.AbstractFuture                                : loaded 2 times (x 108B)
Class com.google.common.base.FunctionalEquivalence                                    : loaded 2 times (x 85B)
Class com.google.gson.Strictness                                                      : loaded 2 times (x 81B)
Class com.google.common.collect.Iterators$9                                           : loaded 2 times (x 83B)
Class com.google.common.collect.ImmutableAsList                                       : loaded 2 times (x 211B)
Class org.jetbrains.kotlin.gradle.plugin.mpp.MppSourcesJarKt$sourcesJarTask$1         : loaded 2 times (x 97B)
Class org.jetbrains.kotlin.gradle.plugin.mpp.compilationImpl.factory.KotlinCompilationImplFactory$KotlinCompilationOutputFactory: loaded 2 times (x 72B)
Class org.jetbrains.kotlin.gradle.plugin.KotlinCompilationToRunnableFiles             : loaded 2 times (x 72B)
Class org.jetbrains.kotlin.gradle.tooling.BuildKotlinToolingMetadataTaskKt            : loaded 2 times (x 73B)
Class org.jetbrains.kotlin.gradle.plugin.ProjectLocalConfigurations$setupAttributesMatchingStrategy$1$1: loaded 2 times (x 76B)
Class org.jetbrains.kotlin.konan.target.TargetSupportException                        : loaded 2 times (x 84B)
Class org.jetbrains.kotlin.gradle.internal.IsInIdeaEnvironmentValueSource             : loaded 2 times (x 82B)
Class org.jetbrains.kotlin.gradle.targets.native.toolchain.KotlinNativeBundleBuildService$Companion$registerIfAbsent$2$1$1: loaded 2 times (x 77B)
Class org.jetbrains.kotlin.statistics.BuildSessionLogger$Companion                    : loaded 2 times (x 73B)
Class org.jetbrains.kotlin.gradle.plugin.diagnostics.ProblemsReporter$Factory         : loaded 2 times (x 72B)
Class org.objectweb.asm.RecordComponentVisitor                                        : loaded 2 times (x 79B)
Class com.google.common.cache.CacheLoader$SupplierToCacheLoader                       : loaded 2 times (x 77B)
Class build_2airidg814glvig0rztskacr5$_run_closure1                                   : loaded 2 times (x 140B)
Class org.jetbrains.kotlin.gradle.plugin.mpp.MppSourcesJarKt                          : loaded 2 times (x 73B)
Class org.jetbrains.kotlin.compilerRunner.CompilerSystemPropertiesService$Companion$registerIfAbsent$2$1$1: loaded 2 times (x 77B)
Class org.jetbrains.kotlin.gradle.plugin.KotlinCompilationInfo                        : loaded 2 times (x 90B)
Class org.jetbrains.kotlin.tooling.core.ExtrasPropertyKt                              : loaded 2 times (x 73B)
Class org.jetbrains.kotlin.gradle.tasks.BaseKotlinCompile                             : loaded 2 times (x 72B)
Class org.jetbrains.kotlin.gradle.plugin.internal.UsesBuildIdProviderService          : loaded 2 times (x 72B)
Class org.jetbrains.kotlin.gradle.plugin.mpp.compilationImpl.KotlinCompilationSourceSetInclusion$include$1: loaded 2 times (x 81B)
Class org.jetbrains.kotlin.gradle.plugin.mpp.compilationImpl.factory.KotlinCompilationImplFactory$KotlinCompilationDependencyConfigurationsFactory: loaded 2 times (x 72B)
Class org.jetbrains.kotlin.gradle.tasks.abi.KotlinLegacyAbiCheckTask                  : loaded 2 times (x 72B)
Class org.jetbrains.kotlin.gradle.plugin.KotlinPluginLifecycleCoroutineContextElement$Key: loaded 2 times (x 73B)
Class org.jetbrains.kotlin.gradle.plugin.diagnostics.KotlinToolingDiagnosticsSetupActionKt$KotlinToolingDiagnosticsSetupAction$1: loaded 2 times (x 76B)
Class org.jetbrains.kotlin.gradle.dsl.KotlinProjectExtensionKt                        : loaded 2 times (x 73B)
Class org.jetbrains.kotlin.gradle.internal.ClassLoadersCachingBuildService$Companion$registerIfAbsent$1: loaded 2 times (x 77B)
Class org.jetbrains.kotlin.gradle.plugin.UsesKotlinGradleBuildServices                : loaded 2 times (x 72B)
Class org.jetbrains.kotlin.gradle.plugin.KotlinGradleBuildServices$Parameters_Decorated: loaded 2 times (x 132B)
Class org.jetbrains.kotlin.gradle.plugin.DefaultKotlinBasePlugin$addKotlinCompilerConfiguration$3: loaded 2 times (x 77B)
Class [Lorg.jetbrains.kotlin.statistics.metrics.IMetricContainerFactory;              : loaded 2 times (x 71B)
Class org.jetbrains.kotlin.gradle.internal.IdeaKt                                     : loaded 2 times (x 73B)
Class jdk.internal.jimage.decompressor.Decompressor                                   : loaded 2 times (x 74B)
Class jdk.internal.jimage.ImageReader$Resource                                        : loaded 2 times (x 86B)
Class org.gradle.internal.service.ServiceLookupException                              : loaded 2 times (x 84B)
Class org.jetbrains.kotlin.gradle.plugin.hierarchy.KotlinSourceSetTreeClassifierKt$sourceSetTreeClassifier$2: loaded 2 times (x 80B)
Class com.google.common.collect.ImmutableSortedSet                                    : loaded 2 times (x 302B)
Class org.jetbrains.kotlin.gradle.targets.js.npm.NpmDirectoryDependencyExtension      : loaded 2 times (x 72B)
Class org.jetbrains.kotlin.gradle.plugin.mpp.KotlinUsageContext$MavenScope            : loaded 2 times (x 81B)
Class org.jetbrains.kotlin.gradle.targets.native.KotilnNativeConfigureBinariesSideEffectKt$special$$inlined$KotlinTargetSideEffect$1: loaded 2 times (x 76B)
Class org.jetbrains.kotlin.gradle.plugin.KotlinProjectSetupAction$Companion           : loaded 2 times (x 73B)
Class org.jetbrains.kotlin.konan.target.HostManager                                   : loaded 2 times (x 74B)
Class [Lcom.google.common.cache.LocalCache$EntryFactory;                              : loaded 2 times (x 71B)
Class jdk.internal.jrtfs.JrtFileAttributes                                            : loaded 2 times (x 85B)
Class org.gradle.internal.classloader.ClassLoaderFactory                              : loaded 2 times (x 72B)
Class org.jetbrains.kotlin.gradle.plugin.diagnostics.ProblemsReporterKt               : loaded 2 times (x 73B)
Class org.jetbrains.kotlin.gradle.plugin.SubpluginEnvironment                         : loaded 2 times (x 74B)
Class org.jetbrains.kotlin.gradle.internal.StdlibDependencyManagementKt$addStdlibDependency$1$1$1: loaded 2 times (x 77B)
Class com.google.common.base.CommonPattern                                            : loaded 2 times (x 76B)
Class org.jetbrains.kotlin.gradle.plugin.sources.AbstractKotlinSourceSet              : loaded 2 times (x 141B)
Class org.jetbrains.kotlin.gradle.tooling.BuildKotlinToolingMetadataTaskKt$RegisterBuildKotlinToolingMetadataTask$1: loaded 2 times (x 76B)
Class org.jetbrains.kotlin.gradle.plugin.diagnostics.IsAttachedToTerminalValueSource$Inject: loaded 2 times (x 102B)
Class org.jetbrains.kotlin.compilerRunner.GradleCliCommonizerKt$maybeCreateCommonizerClasspathConfiguration$1$1: loaded 2 times (x 77B)
Class [Lorg.jetbrains.kotlin.build.report.metrics.ValueType;                          : loaded 2 times (x 71B)
Class org.jetbrains.kotlin.gradle.internal.diagnostics.AgpCompatibilityCheck          : loaded 2 times (x 73B)
Class com.google.common.cache.LocalCache$LocalManualCache                             : loaded 2 times (x 101B)
Class com.google.common.base.CharMatcher$IsNot                                        : loaded 2 times (x 113B)
Class org.gradle.internal.service.CachingServiceLocator                               : loaded 2 times (x 84B)
Class org.jetbrains.kotlin.gradle.plugin.KotlinTargetConfiguratorKt$WhenMappings      : loaded 2 times (x 73B)
Class com.google.common.collect.AbstractMapBasedMultimap$KeySet                       : loaded 2 times (x 139B)
Class com.google.common.collect.RegularImmutableSortedSet                             : loaded 2 times (x 302B)
Class org.jetbrains.kotlin.gradle.plugin.diagnostics.checkers.OverriddenKotlinNativeHomeChecker$StdlibExistenceCheckerValueSource$Params_Decorated: loaded 2 times (x 132B)
Class org.jetbrains.kotlin.project.model.LanguageSettings                             : loaded 2 times (x 72B)
Class org.jetbrains.kotlin.gradle.plugin.KotlinPluginLifecycleKt$kotlinPluginLifecycle$2: loaded 2 times (x 80B)
Class org.jetbrains.kotlin.gradle.targets.native.KonanPropertiesBuildService$Parameters: loaded 2 times (x 72B)
Class org.jetbrains.kotlin.gradle.plugin.statistics.BuildFusService$Companion$registerIfAbsent$1$1: loaded 2 times (x 81B)
Class org.jetbrains.kotlin.gradle.plugin.internal.CompatibilityConventionRegistrar$Factory: loaded 2 times (x 72B)
Class com.google.common.math.IntMath                                                  : loaded 2 times (x 73B)
Class org.jetbrains.kotlin.gradle.tasks.configuration.BaseKotlinCompileConfig$1$jvmToolchain$1: loaded 2 times (x 76B)
Class org.jetbrains.kotlin.gradle.plugin.mpp.InternalKotlinCompilation$DefaultImpls   : loaded 2 times (x 73B)
Class org.jetbrains.kotlin.gradle.plugin.mpp.compilationImpl.KotlinCompilationSourceSetInclusion$DefaultAddSourcesToCompileTask: loaded 2 times (x 76B)
Class org.jetbrains.kotlin.gradle.internal.KotlinTestDependencyManagementKt$configureKotlinTestDependency$2: loaded 2 times (x 81B)
Class org.jetbrains.kotlin.gradle.dsl.PlatformSourceSetConventionsChecker$runChecks$$inlined$CheckedPlatformInfo$default$1: loaded 2 times (x 80B)
Class [Lorg.jetbrains.kotlin.gradle.plugin.KotlinPluginLifecycle$Stage;               : loaded 2 times (x 71B)
Class org.jetbrains.kotlin.gradle.artifacts.KotlinTargetArtifact$Companion            : loaded 2 times (x 73B)
Class org.jetbrains.kotlin.gradle.plugin.mpp.compilationImpl.KotlinCreateLifecycleTasksSideEffectKt$KotlinCreateLifecycleTasksSideEffect$1: loaded 2 times (x 76B)
Class org.jetbrains.kotlin.gradle.dsl.KotlinGradlePluginDsl                           : loaded 2 times (x 72B)
Class org.jetbrains.kotlin.tooling.core.MutableExtras                                 : loaded 2 times (x 72B)
Class org.jetbrains.kotlin.gradle.plugin.KotlinGradleBuildServices$detectKotlinPluginLoadedInMultipleProjects$onRegister$1: loaded 2 times (x 81B)
Class org.jetbrains.kotlin.gradle.plugin.BuildFinishAndConfigurationTimeMetricsFlowAction$Parameters_Decorated: loaded 2 times (x 138B)
Class org.jetbrains.kotlin.gradle.plugin.BuildFinishAndConfigurationTimeMetricsFlowAction$Parameters: loaded 2 times (x 72B)
Class org.objectweb.asm.commons.InstructionAdapter                                    : loaded 2 times (x 190B)
Class com.google.common.collect.ImmutableMapEntry                                     : loaded 2 times (x 87B)
Class org.jetbrains.kotlin.build.report.metrics.BuildTime                             : loaded 2 times (x 72B)
Class org.jetbrains.kotlin.gradle.tasks.CompileUsingKotlinDaemon                      : loaded 2 times (x 72B)
Class org.jetbrains.kotlin.gradle.plugin.mpp.KotlinWithJavaTarget                     : loaded 2 times (x 162B)
Class org.jetbrains.kotlin.gradle.utils.StoredPropertyKt$extrasStoredProperty$1       : loaded 2 times (x 80B)
Class org.jetbrains.kotlin.gradle.plugin.mpp.compilationImpl.KotlinCreateNativeCompileTasksSideEffectKt$special$$inlined$KotlinCompilationSideEffect$1: loaded 2 times (x 76B)
Class org.jetbrains.kotlin.gradle.targets.KotlinTargetSideEffect$Companion            : loaded 2 times (x 73B)
Class org.jetbrains.kotlin.gradle.dsl.KotlinSingleJavaTargetExtension                 : loaded 2 times (x 126B)
Class org.jetbrains.kotlin.gradle.plugin.KotlinPluginLifecycle$IllegalLifecycleException: loaded 2 times (x 84B)
Class org.jetbrains.kotlin.gradle.internal.properties.NativePropertiesLoader$userProvidedNativeHome$1: loaded 2 times (x 77B)
Class org.jetbrains.kotlin.gradle.plugin.KotlinGradleFinishBuildHandler               : loaded 2 times (x 74B)
Class org.jetbrains.kotlin.statistics.metrics.StringOverridePolicy$CONCAT             : loaded 2 times (x 87B)
Class org.jetbrains.kotlin.gradle.dsl.KotlinTopLevelExtension                         : loaded 2 times (x 72B)
Class com.google.common.base.Equivalence                                              : loaded 2 times (x 84B)
Class com.google.common.base.Function                                                 : loaded 2 times (x 72B)
Class com.google.common.collect.ImmutableMapEntry$NonTerminalImmutableMapEntry        : loaded 2 times (x 87B)
Class org.jetbrains.kotlin.gradle.plugin.ProjectLocalConfigurationsKt                 : loaded 2 times (x 73B)
Class org.jetbrains.kotlin.gradle.plugin.mpp.compilationImpl.factory.KotlinCompilationImplFactory: loaded 2 times (x 74B)
Class org.jetbrains.kotlin.gradle.internal.KotlinDomApiDependencyManagementKt$addKotlinDomApiDependency$1: loaded 2 times (x 77B)
Class org.jetbrains.kotlin.gradle.plugin.diagnostics.checkers.KotlinTargetAlreadyDeclaredChecker$runChecks$1: loaded 2 times (x 89B)
Class org.jetbrains.kotlin.gradle.plugin.mpp.KotlinTargetWithBinaries                 : loaded 2 times (x 159B)
Class [Lorg.jetbrains.kotlin.gradle.plugin.KotlinSourceSet;                           : loaded 2 times (x 71B)
Class org.jetbrains.kotlin.gradle.plugin.diagnostics.checkers.JsEnvironmentChecker$1  : loaded 2 times (x 80B)
Class org.jetbrains.kotlin.gradle.plugin.diagnostics.KotlinToolingDiagnostics$JsLikeEnvironmentNotChosenExplicitly: loaded 2 times (x 75B)
Class org.jetbrains.kotlin.gradle.utils.StoredLazyProperty$getValue$1                 : loaded 2 times (x 81B)
Class org.jetbrains.kotlin.statistics.metrics.IMetricContainerFactory                 : loaded 2 times (x 72B)
Class org.jetbrains.kotlin.statistics.MetricValueValidationFailed                     : loaded 2 times (x 84B)
Class org.jetbrains.kotlin.gradle.plugin.PropertiesProvider$localProperties$2         : loaded 2 times (x 81B)
Class com.google.common.cache.CacheBuilder$OneWeigher                                 : loaded 2 times (x 84B)
Class com.google.common.collect.RegularImmutableList                                  : loaded 2 times (x 215B)
Class build_2airidg814glvig0rztskacr5                                                 : loaded 2 times (x 175B)
Class org.jetbrains.kotlin.gradle.tasks.configuration.KaptGenerateStubsConfig         : loaded 2 times (x 74B)
Class org.jetbrains.kotlin.gradle.targets.js.npm.SemVer                               : loaded 2 times (x 77B)
Class org.jetbrains.kotlin.gradle.internal.properties.NativePropertiesLoader$konanDataDirProperty$1$1: loaded 2 times (x 76B)
Class org.jetbrains.kotlin.gradle.plugin.diagnostics.checkers.JsEnvironmentChecker$2  : loaded 2 times (x 80B)
Class org.jetbrains.kotlin.gradle.utils.WhenPluginEnabledKt$whenPluginsEnabled$1      : loaded 2 times (x 77B)
Class org.jetbrains.kotlin.gradle.tasks.AbstractKotlinCompileTool                     : loaded 2 times (x 366B)
Class org.jetbrains.kotlin.gradle.internal.report.BuildScanApi                        : loaded 2 times (x 72B)
Class org.jetbrains.kotlin.gradle.plugin.statistics.FlowActionBuildFusService$Companion$registerIfAbsentImpl$1$1: loaded 2 times (x 76B)
Class [Lorg.jetbrains.kotlin.gradle.report.BuildReportType;                           : loaded 2 times (x 71B)
Class org.jetbrains.kotlin.gradle.plugin.statistics.KotlinBuildStatsConfiguration     : loaded 2 times (x 74B)
Class org.jetbrains.kotlin.gradle.internal.properties.PropertiesBuildService$localProperties$2: loaded 2 times (x 81B)
Class jdk.internal.jimage.ImageBufferCache                                            : loaded 2 times (x 73B)
Class jdk.internal.jrtfs.JrtPath                                                      : loaded 2 times (x 124B)
Class org.gradle.internal.classloader.ClasspathUtil                                   : loaded 2 times (x 73B)
Class org.jetbrains.kotlin.gradle.dsl.KotlinCompile                                   : loaded 2 times (x 72B)
Class org.jetbrains.kotlin.gradle.plugin.mpp.compilationImpl.DefaultKotlinCompilationFriendPathsResolver$DefaultFriendArtifactResolver: loaded 2 times (x 76B)
Class org.jetbrains.kotlin.gradle.plugin.diagnostics.checkers.InternalGradlePropertiesUsageChecker$runChecks$1: loaded 2 times (x 89B)
Class org.jetbrains.kotlin.gradle.utils.StringUtilsKt$lowerCamelCaseName$1            : loaded 2 times (x 127B)
Class org.jetbrains.kotlin.gradle.plugin.diagnostics.checkers.JsEnvironmentChecker$3  : loaded 2 times (x 80B)
Class org.jetbrains.kotlin.gradle.dsl.JvmTarget$Companion                             : loaded 2 times (x 73B)
Class org.jetbrains.kotlin.gradle.internal.properties.NativePropertiesLoader$downloadFromMaven$1: loaded 2 times (x 77B)
Class org.jetbrains.kotlin.gradle.plugin.statistics.BuildFinishBuildService$Inject    : loaded 2 times (x 106B)
Class org.jetbrains.kotlin.gradle.plugin.internal.DefaultConfigurationCacheStartParameterAccessor_Decorated: loaded 2 times (x 123B)
Class org.jetbrains.kotlin.gradle.plugin.internal.DefaultConfigurationCacheStartParameterAccessor: loaded 2 times (x 79B)
Class org.jetbrains.kotlin.tooling.core.HasExtras                                     : loaded 2 times (x 72B)
Class com.google.common.util.concurrent.Uninterruptibles                              : loaded 2 times (x 73B)
Class org.jetbrains.kotlin.gradle.fus.internal.SynchronizedConfigurationMetrics$add$1 : loaded 2 times (x 81B)
Class org.jetbrains.kotlin.gradle.plugin.sources.DefaultLanguageSettingsBuilder$freeCompilerArgsProvider$1: loaded 2 times (x 97B)
Class org.jetbrains.kotlin.gradle.targets.js.npm.DevNpmDependencyExtension            : loaded 2 times (x 72B)
Class org.jetbrains.kotlin.gradle.plugin.diagnostics.checkers.PreHmppDependenciesUsageChecker: loaded 2 times (x 76B)
Class org.jetbrains.kotlin.gradle.targets.CreateArtifactsSideEffectKt                 : loaded 2 times (x 73B)
Class org.jetbrains.kotlin.gradle.plugin.AbstractKotlinMultiplatformPluginWrapper     : loaded 2 times (x 88B)
Class org.jetbrains.kotlin.konan.target.HostManager$Companion                         : loaded 2 times (x 73B)
Class org.jetbrains.kotlin.gradle.utils.GradleConfigurationUtilsKt$addGradlePluginMetadataAttributes$1: loaded 2 times (x 77B)
Class org.jetbrains.kotlin.gradle.plugin.internal.DefaultProjectIsolationStartParameterAccessor: loaded 2 times (x 79B)
Class org.jetbrains.kotlin.gradle.dsl.KotlinAndroidExtension                          : loaded 2 times (x 72B)
Class com.google.common.util.concurrent.LazyLogger                                    : loaded 2 times (x 74B)
Class com.google.common.collect.Maps                                                  : loaded 2 times (x 73B)
Class org.gradle.api.specs.Spec                                                       : loaded 2 times (x 72B)
Class org.jetbrains.kotlin.gradle.plugin.SubpluginEnvironment$Companion               : loaded 2 times (x 73B)
Class org.jetbrains.kotlin.gradle.plugin.mpp.ApplyUserDefinedAttributesKt$UserDefinedAttributesSetupAction$1$1$3: loaded 2 times (x 77B)
Class org.jetbrains.kotlin.gradle.tasks.configuration.BaseKotlinCompileConfig$Companion: loaded 2 times (x 73B)
Class org.jetbrains.kotlin.gradle.plugin.mpp.compilationImpl.KotlinCompilationImpl$Params: loaded 2 times (x 74B)
Class org.jetbrains.kotlin.gradle.tooling.BuildKotlinToolingMetadataTask              : loaded 2 times (x 316B)
Class org.jetbrains.kotlin.gradle.plugin.internal.CompatibilityConventionRegistrarKt  : loaded 2 times (x 73B)
Class org.jetbrains.kotlin.konan.target.UtilsKt                                       : loaded 2 times (x 73B)
Class org.jetbrains.kotlin.gradle.artifacts.KotlinJvmJarArtifactKt                    : loaded 2 times (x 73B)
Class org.jetbrains.kotlin.gradle.plugin.mpp.compilationImpl.CreateCInteropTasksSideEffectKt$special$$inlined$KotlinCompilationSideEffect$1: loaded 2 times (x 76B)
Class org.jetbrains.kotlin.gradle.plugin.statistics.FinalizeConfigurationFusMetricActionKt: loaded 2 times (x 73B)
Class org.jetbrains.kotlin.gradle.targets.native.toolchain.KotlinNativeBundleBuildService$Companion$registerIfAbsent$2$1: loaded 2 times (x 81B)
Class org.jetbrains.kotlin.gradle.plugin.statistics.KotlinBuildStatsBeanService       : loaded 2 times (x 89B)
Class org.jetbrains.kotlin.gradle.plugin.internal.MavenPublicationComponentAccessor$Factory: loaded 2 times (x 72B)
Class [Lcom.google.common.collect.ImmutableEntry;                                     : loaded 2 times (x 71B)
Class jdk.internal.jimage.ImageReader$SharedImageReader$LocationVisitor               : loaded 2 times (x 72B)
Class org.jetbrains.kotlin.tooling.core.ExtrasLazyProperty                            : loaded 2 times (x 72B)
Class org.jetbrains.kotlin.gradle.internal.properties.NativeProperties$Companion      : loaded 2 times (x 73B)
Class org.jetbrains.kotlin.gradle.utils.StringUtilsKt                                 : loaded 2 times (x 73B)
Class org.jetbrains.kotlin.gradle.targets.ConfigureBuildSideEffectKt$ConfigureBuildSideEffect$1: loaded 2 times (x 76B)
Class org.jetbrains.kotlin.gradle.utils.CompletableFuture                             : loaded 2 times (x 72B)
Class org.jetbrains.kotlin.gradle.plugin.diagnostics.DiagnosticGroup$Kgp$Misconfiguration: loaded 2 times (x 84B)
Class org.jetbrains.kotlin.build.report.metrics.BuildPerformanceMetric                : loaded 2 times (x 74B)
Class [Lorg.jetbrains.kotlin.statistics.metrics.StringOverridePolicy;                 : loaded 2 times (x 71B)
Class org.jetbrains.kotlin.gradle.plugin.internal.JavaExecTaskParametersCompatibility : loaded 2 times (x 72B)
Class com.google.common.cache.LocalCache$LoadingValueReference                        : loaded 2 times (x 98B)
Class Build_gradle$1                                                                  : loaded 2 times (x 77B)
Class org.jetbrains.kotlin.gradle.plugin.statistics.ConfigurationMetricsBuildFusParameters: loaded 2 times (x 72B)
Class org.jetbrains.kotlin.gradle.tasks.configuration.AbstractKotlinCompileConfigKt$explicitApiMode$1: loaded 2 times (x 77B)
Class com.google.common.base.Platform                                                 : loaded 2 times (x 73B)
Class org.jetbrains.kotlin.gradle.plugin.diagnostics.checkers.OverriddenKotlinNativeHomeChecker$StdlibExistenceCheckerValueSource$Params$Inject: loaded 2 times (x 108B)
Class org.jetbrains.kotlin.gradle.plugin.diagnostics.checkers.CommonMainOrTestWithDependsOnChecker: loaded 2 times (x 76B)
Class org.jetbrains.kotlin.gradle.artifacts.KotlinNativeHostSpecificMetadataArtifactKt: loaded 2 times (x 73B)
Class org.jetbrains.kotlin.gradle.plugin.mpp.compilationImpl.KotlinCreateLifecycleTasksSideEffectKt: loaded 2 times (x 73B)
Class org.jetbrains.kotlin.gradle.plugin.KotlinTarget                                 : loaded 2 times (x 72B)
Class org.jetbrains.kotlin.gradle.utils.ConfigurationsKt$createResolvable$1           : loaded 2 times (x 80B)
Class [Lorg.jetbrains.kotlin.statistics.metrics.BooleanAnonymizationPolicy;           : loaded 2 times (x 71B)
Class jdk.internal.jimage.decompressor.ResourceDecompressorRepository                 : loaded 2 times (x 73B)
Class org.jetbrains.kotlin.gradle.internal.ClassLoadersCachingBuildService$Companion$registerIfAbsent$2$1$1: loaded 2 times (x 77B)
Class org.jetbrains.kotlin.compilerRunner.CompilerSystemPropertiesService$Parameters  : loaded 2 times (x 72B)
Class org.jetbrains.kotlin.gradle.plugin.mpp.compilationImpl.KotlinCompilationSourceSetsContainer: loaded 2 times (x 72B)
Class org.jetbrains.kotlin.gradle.artifacts.KotlinNativeKlibArtifactKt                : loaded 2 times (x 73B)
Class org.jetbrains.kotlin.gradle.plugin.ProjectLocalConfigurations                   : loaded 2 times (x 73B)
Class org.jetbrains.kotlin.gradle.plugin.mpp.KotlinUsages$KotlinUsagesDisambiguation  : loaded 2 times (x 78B)
Class org.jetbrains.kotlin.gradle.plugin.diagnostics.KotlinToolingDiagnosticsCollector$Parameter: loaded 2 times (x 72B)
Class org.jetbrains.kotlin.gradle.plugin.diagnostics.KotlinToolingDiagnosticsCollectorKt$kotlinToolingDiagnosticsCollectorProvider$1: loaded 2 times (x 77B)
Class org.jetbrains.kotlin.tooling.core.Extras$Key$Companion                          : loaded 2 times (x 73B)
Class org.jetbrains.kotlin.tooling.core.Extras$Key                                    : loaded 2 times (x 74B)
Class [Lorg.objectweb.asm.AnnotationWriter;                                           : loaded 2 times (x 71B)
Class com.google.common.collect.Maps$8                                                : loaded 2 times (x 84B)
Class jdk.internal.jimage.ImageReader$Directory                                       : loaded 2 times (x 86B)
Class build_3ubenu9uf340utamnseyqkfmv                                                 : loaded 2 times (x 175B)
Class com.google.common.collect.ImmutableRangeSet$Builder                             : loaded 2 times (x 79B)
Class [Lcom.google.common.collect.Iterators$EmptyModifiableIterator;                  : loaded 2 times (x 71B)
Class org.jetbrains.kotlin.gradle.plugin.diagnostics.CheckKotlinGradlePluginConfigurationErrors: loaded 2 times (x 318B)
Class org.jetbrains.kotlin.gradle.plugin.sources.DefaultKotlinSourceSetKt             : loaded 2 times (x 73B)
Class org.jetbrains.kotlin.gradle.dsl.KotlinJvmOptions                                : loaded 2 times (x 72B)
Class org.jetbrains.kotlin.gradle.plugin.mpp.HierarchyAttributeContainer$1            : loaded 2 times (x 80B)
Class org.jetbrains.kotlin.gradle.plugin.KotlinPluginLifecycle                        : loaded 2 times (x 72B)
Class org.jetbrains.kotlin.gradle.plugin.KotlinJsPluginWrapper                        : loaded 2 times (x 88B)
Class org.jetbrains.kotlin.gradle.dsl.ToolchainSupport                                : loaded 2 times (x 72B)
Class org.jetbrains.kotlin.tooling.core.Extras                                        : loaded 2 times (x 72B)
Class org.jetbrains.kotlin.gradle.plugin.mpp.InternalKotlinTarget                     : loaded 2 times (x 72B)
Class org.jetbrains.kotlin.statistics.metrics.NumberAnonymizationPolicy$RANDOM_10_PERCENT: loaded 2 times (x 87B)
Class org.jetbrains.kotlin.statistics.metrics.StringMetrics                           : loaded 2 times (x 81B)
Class com.google.common.collect.Sets$SetView                                          : loaded 2 times (x 140B)
Class com.google.common.cache.LocalCache$StrongValueReference                         : loaded 2 times (x 92B)
Class org.jetbrains.kotlin.gradle.targets.native.KonanPropertiesBuildService$Companion$registerIfAbsent$1: loaded 2 times (x 77B)
Class org.jetbrains.kotlin.gradle.plugin.mpp.KotlinTargetSoftwareComponentImpl        : loaded 2 times (x 92B)
Class org.jetbrains.kotlin.gradle.plugin.mpp.DefaultKotlinUsageContext$PublishOnlyIf  : loaded 2 times (x 72B)
Class [Lcom.google.gson.stream.JsonToken;                                             : loaded 2 times (x 71B)
Class org.jetbrains.kotlin.gradle.dsl.KotlinCommonCompilerOptionsHelper               : loaded 2 times (x 73B)
Class org.jetbrains.kotlin.gradle.plugin.KotlinJvmPlugin$Companion                    : loaded 2 times (x 73B)
Class org.jetbrains.kotlin.gradle.artifacts.KotlinMetadataArtifactKt                  : loaded 2 times (x 73B)
Class org.jetbrains.kotlin.gradle.targets.CreateArtifactsSideEffectKt$CreateArtifactsSideEffect$1: loaded 2 times (x 76B)
Class org.jetbrains.kotlin.gradle.plugin.diagnostics.KotlinToolingDiagnostics         : loaded 2 times (x 73B)
Class org.jetbrains.kotlin.gradle.internal.properties.PropertiesBuildService$property$1$valueFromGradleAndLocalProperties$1: loaded 2 times (x 77B)
Class org.jetbrains.kotlin.gradle.plugin.KotlinPluginWrapperKt$kotlinToolingVersion$2 : loaded 2 times (x 80B)
Class org.objectweb.asm.Type                                                          : loaded 2 times (x 74B)
Class org.gradle.internal.classloader.VisitableURLClassLoader$InstrumentingVisitableURLClassLoader: loaded 2 times (x 124B)
Class org.jetbrains.kotlin.gradle.plugin.diagnostics.checkers.AndroidPublicationNotConfiguredChecker: loaded 2 times (x 76B)
Class org.jetbrains.kotlin.gradle.plugin.mpp.DefaultKotlinUsageContext$1              : loaded 2 times (x 76B)
Class [Lorg.jetbrains.kotlin.gradle.tasks.KotlinCompilerExecutionStrategy;            : loaded 2 times (x 71B)
Class org.jetbrains.kotlin.gradle.plugin.mpp.compilationImpl.KotlinCompilationImpl$associateWith$2: loaded 2 times (x 81B)
Class org.jetbrains.kotlin.gradle.plugin.hierarchy.KotlinSourceSetTreeClassifier      : loaded 2 times (x 72B)
Class org.jetbrains.kotlin.gradle.plugin.mpp.compilationImpl.KotlinCompilationAssociator: loaded 2 times (x 72B)
Class org.jetbrains.kotlin.gradle.utils.WhenEvaluatedKt$whenEvaluated$afterAndroidDispatchQueue$1$1$1: loaded 2 times (x 77B)
Class org.jetbrains.kotlin.gradle.plugin.mpp.KotlinNativeTarget                       : loaded 2 times (x 169B)
Class org.jetbrains.kotlin.gradle.plugin.diagnostics.checkers.KotlinSourceSetTreeDependsOnMismatchChecker$runChecks$1: loaded 2 times (x 89B)
Class org.jetbrains.kotlin.gradle.plugin.diagnostics.checkers.PreHmppDependenciesUsageChecker$runChecks$1: loaded 2 times (x 89B)
Class org.jetbrains.kotlin.gradle.utils.ProjectExtensionsKt                           : loaded 2 times (x 73B)
Class org.jetbrains.kotlin.gradle.plugin.KotlinSourceSetTree$Companion                : loaded 2 times (x 73B)
Class org.jetbrains.kotlin.konan.target.UtilsKt$evaluatePresetName$1                  : loaded 2 times (x 80B)
Class org.jetbrains.kotlin.gradle.plugin.diagnostics.KotlinGradleProjectChecker$Companion: loaded 2 times (x 73B)
Class org.jetbrains.kotlin.gradle.plugin.KotlinGradleBuildServices$Parameters         : loaded 2 times (x 72B)
Class org.jetbrains.kotlin.gradle.plugin.statistics.BuildFusService$Companion$registerIfAbsent$1$1$1: loaded 2 times (x 77B)
Class org.jetbrains.kotlin.statistics.fileloggers.MetricsContainer$Companion          : loaded 2 times (x 73B)
Class com.google.common.math.IntMath$1                                                : loaded 2 times (x 73B)
Class org.objectweb.asm.ByteVector                                                    : loaded 2 times (x 81B)
Class [Lcom.google.common.cache.CacheBuilder$NullListener;                            : loaded 2 times (x 71B)
Class org.gradle.internal.classloader.VisitableURLClassLoader$Spec                    : loaded 2 times (x 76B)
Class org.gradle.internal.classpath.DefaultClassPath                                  : loaded 2 times (x 92B)
Class _BuildScript_$_run_closure1$_closure4                                           : loaded 2 times (x 133B)
Class org.jetbrains.kotlin.gradle.plugin.mpp.KotlinSoftwareComponentKt                : loaded 2 times (x 73B)
Class org.jetbrains.kotlin.gradle.plugin.mpp.compilationImpl.KotlinCompilationSourceSetInclusion$AddSourcesToCompileTask: loaded 2 times (x 72B)
Class [Lorg.jetbrains.kotlin.gradle.plugin.HasProject;                                : loaded 2 times (x 71B)
Class org.jetbrains.kotlin.gradle.utils.MutableObservableSetImpl                      : loaded 2 times (x 165B)
Class org.jetbrains.kotlin.gradle.tasks.KotlinTasksProvider                           : loaded 2 times (x 74B)
Class org.jetbrains.kotlin.gradle.dsl.DefaultToolchainSupport$wireToolchainToTasks$1  : loaded 2 times (x 77B)
Class org.jetbrains.kotlin.gradle.dsl.KotlinCommonCompilerOptions                     : loaded 2 times (x 72B)
Class org.jetbrains.kotlin.gradle.plugin.KotlinJsCompilerTypeHolder                   : loaded 2 times (x 72B)
Class org.jetbrains.kotlin.konan.target.Architecture                                  : loaded 2 times (x 81B)
Class org.jetbrains.kotlin.gradle.internal.properties.PropertiesBuildService$MemoizedCallable: loaded 2 times (x 77B)
Class org.jetbrains.kotlin.gradle.plugin.internal.DefaultMavenPublicationComponentAccessorFactory: loaded 2 times (x 78B)
Class org.objectweb.asm.Symbol                                                        : loaded 2 times (x 75B)
Class [Lorg.jetbrains.kotlin.build.report.metrics.GradleBuildTime;                    : loaded 2 times (x 71B)
Class jdk.internal.jimage.decompressor.ZipDecompressorFactory                         : loaded 2 times (x 76B)
Class org.jetbrains.kotlin.gradle.plugin.cocoapods.KotlinCocoapodsPlugin$Companion    : loaded 2 times (x 73B)
Class org.jetbrains.kotlin.gradle.plugin.mpp.compilationImpl.KotlinCompilationImpl    : loaded 2 times (x 147B)
Class [Lorg.jetbrains.kotlin.gradle.plugin.mpp.compilationImpl.factory.KotlinCompilationImplFactory$PostConfigure;: loaded 2 times (x 71B)
Class org.jetbrains.kotlin.gradle.plugin.KotlinSourceSet$Companion                    : loaded 2 times (x 73B)
Class org.jetbrains.kotlin.konan.target.KonanTarget$MACOS_X64                         : loaded 2 times (x 80B)
Class org.jetbrains.kotlin.konan.util.Named                                           : loaded 2 times (x 72B)
Class [Lorg.jetbrains.kotlin.gradle.report.BuildReportMode;                           : loaded 2 times (x 71B)
Class org.jetbrains.kotlin.statistics.metrics.BooleanOverridePolicy                   : loaded 2 times (x 87B)
Class org.jetbrains.kotlin.gradle.plugin.AbstractKotlinAndroidPluginWrapper           : loaded 2 times (x 88B)
Class com.google.common.base.CharMatcher$BitSetMatcher                                : loaded 2 times (x 114B)
Class [Lcom.google.gson.Strictness;                                                   : loaded 2 times (x 71B)
Class com.google.common.collect.RegularImmutableMap$Values                            : loaded 2 times (x 209B)
Class com.google.common.collect.ImmutableSet                                          : loaded 2 times (x 147B)
Class org.gradle.internal.classloader.ClassLoaderSpec                                 : loaded 2 times (x 73B)
Class org.jetbrains.kotlin.gradle.plugin.mpp.KotlinCompilationsKt$moduleNameForCompilation$1: loaded 2 times (x 77B)
Class org.jetbrains.kotlin.gradle.plugin.sources.KotlinDependencyScopeKt              : loaded 2 times (x 73B)
Class org.jetbrains.kotlin.gradle.plugin.diagnostics.TransformActionUsingKotlinToolingDiagnostics$Parameters: loaded 2 times (x 72B)
Class org.jetbrains.kotlin.compilerRunner.CompilerSystemPropertiesService$Companion$registerIfAbsent$2$1: loaded 2 times (x 81B)
Class org.jetbrains.kotlin.gradle.plugin.mpp.KotlinCompilationsKt$addSourcesToKotlinCompileTask$1: loaded 2 times (x 77B)
Class org.jetbrains.kotlin.gradle.internal.KotlinDependenciesManagementKt$configureDefaultVersionsResolutionStrategy$1$1: loaded 2 times (x 77B)
Class org.jetbrains.kotlin.gradle.utils.KotlinExtensionUtilsKt$forAllTargets$1        : loaded 2 times (x 97B)
Class org.jetbrains.kotlin.gradle.plugin.diagnostics.CheckKotlinGradlePluginConfigurationErrorsKt$locateOrRegisterCheckKotlinGradlePluginErrorsTask$taskProvider$1: loaded 2 times (x 77B)
Class org.jetbrains.kotlin.gradle.plugin.diagnostics.checkers.KmpPartiallyResolvedDependenciesChecker$runChecks$1: loaded 2 times (x 89B)
Class org.jetbrains.kotlin.gradle.plugin.diagnostics.checkers.OverriddenKotlinNativeHomeChecker$StdlibExistenceCheckerValueSource$Params: loaded 2 times (x 72B)
Class org.jetbrains.kotlin.gradle.dsl.PlatformSourceSetConventionsChecker$nativeTargetPresets$1$1: loaded 2 times (x 81B)
Class org.jetbrains.kotlin.gradle.tooling.BuildKotlinToolingMetadataTaskKt$buildKotlinToolingMetadataTask$1: loaded 2 times (x 80B)
Class org.jetbrains.kotlin.gradle.internal.Kapt3GradleSubplugin$Companion             : loaded 2 times (x 73B)
Class org.jetbrains.kotlin.gradle.plugin.mpp.compilationImpl.KotlinCreateCompilationArchiveTaskKt$KotlinRegisterCompilationArchiveTasksExtension$1: loaded 2 times (x 76B)
Class [Lorg.jetbrains.kotlin.statistics.metrics.NumberOverridePolicy;                 : loaded 2 times (x 71B)
Class org.jetbrains.kotlin.gradle.internal.properties.PropertiesBuildService$GradleProperty: loaded 2 times (x 72B)
Class org.jetbrains.kotlin.gradle.plugin.statistics.BuildFinishBuildService$Companion : loaded 2 times (x 73B)
Class org.jetbrains.kotlin.gradle.utils.StoredPropertyKt$projectStoredProperty$1      : loaded 2 times (x 80B)
Class org.objectweb.asm.AnnotationWriter                                              : loaded 2 times (x 80B)
Class com.google.common.cache.CacheStats                                              : loaded 2 times (x 73B)
Class org.jetbrains.kotlin.gradle.plugin.mpp.SyncLanguageSettingsWithKotlinExtensionSetupActionKt$SyncLanguageSettingsWithKotlinExtensionSetupAction$1$1: loaded 2 times (x 77B)
Class org.jetbrains.kotlin.gradle.tasks.configuration.TaskConfigAction$configureTask$1: loaded 2 times (x 81B)
Class org.jetbrains.kotlin.gradle.dsl.abi.AbiValidationExtension                      : loaded 2 times (x 72B)
Class org.jetbrains.kotlin.gradle.plugin.diagnostics.checkers.DuplicateSourceSetChecker$runChecks$1: loaded 2 times (x 89B)
Class org.jetbrains.kotlin.gradle.dsl.JvmTarget                                       : loaded 2 times (x 81B)
Class org.jetbrains.kotlin.gradle.plugin.diagnostics.ToolingDiagnostic$Severity       : loaded 2 times (x 81B)
Class org.jetbrains.kotlin.gradle.internal.ClassLoadersCachingBuildService            : loaded 2 times (x 78B)
Class org.jetbrains.kotlin.gradle.plugin.VariantImplementationFactories$Inject        : loaded 2 times (x 108B)
Class org.jetbrains.kotlin.gradle.plugin.internal.DefaultJavaExecTaskParametersCompatibility$Factory: loaded 2 times (x 78B)
Class org.jetbrains.kotlin.gradle.plugin.VariantImplementationFactoriesConfigurator$Companion: loaded 2 times (x 73B)
Class org.objectweb.asm.RecordComponentWriter                                         : loaded 2 times (x 79B)
Class com.google.common.util.concurrent.AbstractFuture$Listener                       : loaded 2 times (x 74B)
Class com.google.common.base.CharMatcher$Or                                           : loaded 2 times (x 114B)
Class Settings_gradle$1$1                                                             : loaded 2 times (x 76B)
Class org.jetbrains.kotlin.gradle.plugin.mpp.SyncLanguageSettingsWithKotlinExtensionSetupActionKt$SyncLanguageSettingsWithKotlinExtensionSetupAction$1$2: loaded 2 times (x 77B)
Class org.jetbrains.kotlin.gradle.plugin.internal.BuildIdService$Companion            : loaded 2 times (x 73B)
Class org.jetbrains.kotlin.gradle.plugin.diagnostics.checkers.OverriddenKotlinNativeHomeChecker$StdlibExistenceCheckerValueSource$Companion: loaded 2 times (x 73B)
Class org.jetbrains.kotlin.gradle.targets.js.dsl.KotlinWasmSubTargetContainerDsl      : loaded 2 times (x 72B)
Class org.jetbrains.kotlin.gradle.plugin.diagnostics.checkers.WasmWasiEnvironmentChecker$1: loaded 2 times (x 80B)
Class org.jetbrains.kotlin.gradle.plugin.diagnostics.checkers.DisabledCinteropCommonizationInHmppProjectChecker: loaded 2 times (x 76B)
Class org.jetbrains.kotlin.gradle.plugin.diagnostics.checkers.NoKotlinTargetsDeclaredChecker: loaded 2 times (x 76B)
Class org.jetbrains.kotlin.gradle.targets.jvm.KotlinJvmTargetTestFixturesSideEffectKt$ConfigureJavaTestFixturesSideEffect$1: loaded 2 times (x 76B)
Class org.jetbrains.kotlin.gradle.utils.StoredPropertyStorage                         : loaded 2 times (x 74B)
Class org.jetbrains.kotlin.gradle.plugin.KotlinSourceSetContainer                     : loaded 2 times (x 72B)
Class org.objectweb.asm.Attribute                                                     : loaded 2 times (x 79B)
Class com.google.common.base.Supplier                                                 : loaded 2 times (x 72B)
Class org.gradle.internal.classloader.VisitableURLClassLoader                         : loaded 2 times (x 118B)
Class org.jetbrains.kotlin.gradle.utils.Completable$await$1                           : loaded 2 times (x 89B)
Class org.jetbrains.kotlin.gradle.plugin.statistics.plugins.ObservablePlugins         : loaded 2 times (x 81B)
Class org.jetbrains.kotlin.gradle.plugin.sources.InternalKotlinSourceSetKt$awaitPlatformCompilations$1: loaded 2 times (x 89B)
Class [Lorg.jetbrains.kotlin.gradle.plugin.sources.KotlinDependencyScope;             : loaded 2 times (x 71B)
Class org.jetbrains.kotlin.gradle.tasks.configuration.BaseKotlinCompileConfig$configureCommonParameters$1: loaded 2 times (x 76B)
Class org.jetbrains.kotlin.gradle.plugin.mpp.compilationImpl.factory.ConfigurationNaming: loaded 2 times (x 72B)
Class org.jetbrains.kotlin.gradle.plugin.mpp.compilationImpl.DefaultKotlinCompilationPostConfigureKt: loaded 2 times (x 73B)
Class org.jetbrains.kotlin.konan.target.KonanTarget$WATCHOS_X64                       : loaded 2 times (x 80B)
Class org.jetbrains.kotlin.gradle.plugin.diagnostics.KotlinGradleProjectCheckersRunnerKt: loaded 2 times (x 73B)
Class [Lorg.jetbrains.kotlin.tooling.core.HasExtras;                                  : loaded 2 times (x 71B)
Class org.jetbrains.kotlin.gradle.plugin.diagnostics.checkers.IncorrectCompileOnlyDependenciesChecker: loaded 2 times (x 76B)
Class org.jetbrains.kotlin.gradle.plugin.diagnostics.checkers.WasmWasiEnvironmentChecker$2: loaded 2 times (x 80B)
Class org.jetbrains.kotlin.gradle.dsl.DefaultToolchainSupport$wireToolchainToTasks$1$1: loaded 2 times (x 77B)
Class org.jetbrains.kotlin.gradle.internal.IdeaKt$isInIdeaEnvironment$1               : loaded 2 times (x 76B)
Class org.jetbrains.kotlin.gradle.plugin.statistics.FusUtilKt                         : loaded 2 times (x 73B)
Class org.jetbrains.kotlin.gradle.utils.SingleActionPerProject                        : loaded 2 times (x 75B)
Class org.jetbrains.kotlin.gradle.plugin.DefaultKotlinBasePlugin                      : loaded 2 times (x 84B)
Class org.gradle.internal.Cast                                                        : loaded 2 times (x 73B)
Class org.gradle.api.Action                                                           : loaded 2 times (x 72B)
Class [Lorg.jetbrains.kotlin.gradle.plugin.mpp.KotlinUsageContext$MavenScope;         : loaded 2 times (x 71B)
Class org.jetbrains.kotlin.gradle.tasks.configuration.BaseKotlinCompileConfig$configureCommonParameters$2: loaded 2 times (x 77B)
Class org.jetbrains.kotlin.gradle.plugin.mpp.compilationImpl.KotlinCompilationCompilerOptionsFromTargetConfigurator: loaded 2 times (x 76B)
Class [Lorg.jetbrains.kotlin.gradle.plugin.mpp.compilationImpl.DefaultKotlinCompilationFriendPathsResolver$FriendArtifactResolver;: loaded 2 times (x 71B)
Class com.google.common.base.Strings                                                  : loaded 2 times (x 73B)
Class org.jetbrains.kotlin.gradle.utils.FailuresKt$ideaSyncClasspathModeUtil$1        : loaded 2 times (x 74B)
Class org.jetbrains.kotlin.gradle.artifacts.KotlinJsKlibArtifactKt                    : loaded 2 times (x 73B)
Class org.jetbrains.kotlin.gradle.dsl.KotlinTargetContainerWithWasmPresetFunctions    : loaded 2 times (x 72B)
Class org.jetbrains.kotlin.gradle.internal.IdeaKt$isInIdeaEnvironment$2               : loaded 2 times (x 76B)
Class org.jetbrains.kotlin.gradle.plugin.diagnostics.KotlinToolingDiagnosticsCollector$Inject: loaded 2 times (x 98B)
Class org.jetbrains.kotlin.gradle.plugin.GradleUtilsKt                                : loaded 2 times (x 73B)
Class org.jetbrains.kotlin.gradle.internal.properties.PropertiesBuildService          : loaded 2 times (x 78B)
Class org.jetbrains.kotlin.gradle.plugin.BuildFinishedListenerService$Companion$registerIfAbsent$1$1$1: loaded 2 times (x 77B)
Class com.google.common.collect.Sets                                                  : loaded 2 times (x 73B)
Class org.objectweb.asm.Handler                                                       : loaded 2 times (x 74B)
Class com.google.common.base.Ticker                                                   : loaded 2 times (x 74B)
Class com.google.common.base.CharMatcher$FastMatcher                                  : loaded 2 times (x 113B)
Class jdk.internal.jimage.decompressor.ZipDecompressor                                : loaded 2 times (x 77B)
Class org.jetbrains.kotlin.gradle.plugin.KotlinTarget$DefaultImpls                    : loaded 2 times (x 73B)
Class org.jetbrains.kotlin.gradle.plugin.mpp.compilationImpl.KotlinCreateCompilationArchiveTaskKt: loaded 2 times (x 73B)
Class org.jetbrains.kotlin.tooling.core.MutableExtrasImpl                             : loaded 2 times (x 167B)
Class org.jetbrains.kotlin.gradle.plugin.diagnostics.KotlinToolingDiagnosticsCollector: loaded 2 times (x 78B)
Class org.jetbrains.kotlin.gradle.plugin.statistics.KotlinBuildStatsMXBean            : loaded 2 times (x 72B)
Class org.jetbrains.kotlin.gradle.utils.FileUtilsKt                                   : loaded 2 times (x 73B)
Class [Lcom.google.common.cache.LocalCache$Segment;                                   : loaded 2 times (x 71B)
Class [Lcom.google.common.cache.LocalCache$Strength;                                  : loaded 2 times (x 71B)
Class com.google.common.cache.CacheBuilder$1                                          : loaded 2 times (x 87B)
Class com.google.common.base.Predicate                                                : loaded 2 times (x 72B)
Class com.google.common.collect.ImmutableMap                                          : loaded 2 times (x 122B)
Class org.gradle.internal.classpath.DefaultClassPath$ImmutableUniqueList$Builder      : loaded 2 times (x 77B)
Class org.jetbrains.kotlin.gradle.plugin.mpp.KotlinCompilationFactory$DefaultImpls    : loaded 2 times (x 73B)
Class com.google.gson.stream.JsonToken                                                : loaded 2 times (x 81B)
Class com.google.common.collect.AbstractRangeSet                                      : loaded 2 times (x 116B)
Class org.jetbrains.kotlin.gradle.plugin.diagnostics.checkers.InternalGradlePropertiesUsageChecker: loaded 2 times (x 76B)
Class org.jetbrains.kotlin.gradle.plugin.mpp.compilationImpl.CreateCInteropTasksSideEffectKt: loaded 2 times (x 73B)
Class org.jetbrains.kotlin.gradle.testing.internal.KotlinTestsRegistry$Companion      : loaded 2 times (x 73B)
Class org.jetbrains.kotlin.gradle.dsl.KotlinCommonCompilerToolOptions                 : loaded 2 times (x 72B)
Class org.jetbrains.kotlin.gradle.internal.properties.PropertiesBuildService$Companion$registerIfAbsent$1: loaded 2 times (x 77B)
Class org.jetbrains.kotlin.gradle.plugin.internal.DefaultConfigurationCacheStartParameterAccessorVariantFactory: loaded 2 times (x 78B)
Class com.google.common.cache.LocalCache                                              : loaded 2 times (x 188B)
Class com.google.common.cache.CacheBuilder$2                                          : loaded 2 times (x 81B)
Class com.google.common.base.CharMatcher$NegatedFastMatcher                           : loaded 2 times (x 115B)
Class Build_gradle$inlined$sam$i$org_gradle_api_Action$0                              : loaded 2 times (x 77B)
Class org.jetbrains.kotlin.gradle.plugin.mpp.compilationImpl.DefaultKotlinCompilationSourceSetsContainer$source$1: loaded 2 times (x 81B)
Class org.jetbrains.kotlin.gradle.internal.KotlinTestDependencyManagementKt           : loaded 2 times (x 73B)
Class [Lorg.jetbrains.kotlin.gradle.plugin.sources.ConsistencyCheck;                  : loaded 2 times (x 71B)
Class org.jetbrains.kotlin.konan.target.KonanTarget$ANDROID_X64                       : loaded 2 times (x 80B)
Class org.jetbrains.kotlin.gradle.plugin.statistics.FlowActionBuildFusService$Companion: loaded 2 times (x 73B)
Class org.jetbrains.kotlin.gradle.report.ReportingSettings                            : loaded 2 times (x 74B)
Class org.jetbrains.kotlin.statistics.metrics.StringAnonymizationPolicy$ComponentVersionAnonymizer: loaded 2 times (x 80B)
Class org.jetbrains.kotlin.gradle.plugin.KotlinBasePluginWrapper                      : loaded 2 times (x 88B)
Class com.google.common.collect.ArrayListMultimap                                     : loaded 2 times (x 173B)
Class com.google.common.cache.CacheBuilder$3                                          : loaded 2 times (x 74B)
Class [Lcom.google.common.collect.AbstractMapEntry;                                   : loaded 2 times (x 71B)
Class com.google.common.collect.ImmutableEntry                                        : loaded 2 times (x 84B)
Class org.jetbrains.kotlin.cli.common.arguments.K2JVMCompilerArguments                : loaded 2 times (x 77B)
Class org.gradle.api.GradleException                                                  : loaded 2 times (x 84B)
Class org.jetbrains.kotlin.gradle.plugin.diagnostics.KotlinToolingDiagnostics$JsEnvironmentNotChosenExplicitly: loaded 2 times (x 75B)
Class org.jetbrains.kotlin.gradle.plugin.ProjectLocalConfigurations$ProjectLocalCompatibility: loaded 2 times (x 78B)
Class org.jetbrains.kotlin.gradle.dsl.JvmDefaultMode                                  : loaded 2 times (x 81B)
Class org.jetbrains.kotlin.gradle.dsl.KotlinJvmCompilerOptions                        : loaded 2 times (x 72B)
Class org.jetbrains.kotlin.gradle.plugin.internal.DefaultMavenPublicationComponentAccessor: loaded 2 times (x 77B)
Class org.jetbrains.kotlin.gradle.plugin.statistics.BuildFinishBuildService           : loaded 2 times (x 86B)
Class org.jetbrains.kotlin.gradle.plugin.internal.DefaultProjectIsolationStartParameterAccessor$Factory: loaded 2 times (x 78B)
Class com.google.common.collect.CollectPreconditions                                  : loaded 2 times (x 73B)
Class jdk.internal.jimage.ImageStrings                                                : loaded 2 times (x 72B)
Class org.jetbrains.kotlin.gradle.plugin.KotlinPluginLifecycleImpl$launch$1           : loaded 2 times (x 81B)
Class org.jetbrains.kotlin.gradle.plugin.diagnostics.checkers.GradleDeprecatedPropertyChecker$DeprecatedProperty: loaded 2 times (x 74B)
Class org.jetbrains.kotlin.gradle.utils.Completable                                   : loaded 2 times (x 74B)
Class org.jetbrains.kotlin.konan.target.HostManager$Companion$targetAliases$2         : loaded 2 times (x 80B)
Class org.jetbrains.kotlin.gradle.plugin.DefaultKotlinBasePlugin$addKotlinCompilerConfiguration$2$1: loaded 2 times (x 77B)
Class org.jetbrains.kotlin.gradle.plugin.statistics.KotlinBuildStatsServicesRegistry$Companion: loaded 2 times (x 73B)
Class org.jetbrains.kotlin.gradle.plugin.internal.DefaultCompatibilityConventionRegistrar$Factory: loaded 2 times (x 78B)
Class com.google.common.collect.SortedMapDifference                                   : loaded 2 times (x 72B)
Class org.jetbrains.kotlin.gradle.plugin.diagnostics.checkers.IncorrectCompileOnlyDependenciesChecker$runChecks$1: loaded 2 times (x 89B)
Class org.jetbrains.kotlin.gradle.plugin.mpp.KotlinOnlyTarget                         : loaded 2 times (x 155B)
Class org.jetbrains.kotlin.gradle.targets.js.npm.BaseNpmDependencyExtension           : loaded 2 times (x 72B)
Class org.jetbrains.kotlin.gradle.dsl.KotlinVersion$Companion                         : loaded 2 times (x 73B)
Class org.jetbrains.kotlin.gradle.InternalKotlinGradlePluginApi                       : loaded 2 times (x 72B)
Class org.jetbrains.kotlin.gradle.targets.ConfigureNonPackedKlibConsumingSideEffectKt$ConfigureNonPackedKlibConsumingSideEffect$1: loaded 2 times (x 76B)
Class org.jetbrains.kotlin.gradle.dsl.DefaultToolchainSupport                         : loaded 2 times (x 78B)
Class org.jetbrains.kotlin.gradle.plugin.diagnostics.DiagnosticGroup$Base             : loaded 2 times (x 83B)
Class org.jetbrains.kotlin.gradle.plugin.internal.CustomPropertiesFileValueSource     : loaded 2 times (x 84B)
Class com.google.common.cache.LocalCache$EntryFactory                                 : loaded 2 times (x 85B)
Class org.jetbrains.kotlin.cli.common.arguments.CommonCompilerArguments               : loaded 2 times (x 76B)
Class org.jetbrains.kotlin.gradle.plugin.cocoapods.KotlinCocoapodsPlugin              : loaded 2 times (x 78B)
Class org.jetbrains.kotlin.gradle.internal.CompilerOptionsDslHelpersKt                : loaded 2 times (x 73B)
Class org.jetbrains.kotlin.gradle.tasks.configuration.AbstractKotlinCompileConfigKt   : loaded 2 times (x 73B)
Class org.jetbrains.kotlin.gradle.internal.StdlibDependencyManagementKt$configureStdlibVersionAlignment$1$1: loaded 2 times (x 77B)
Class org.jetbrains.kotlin.gradle.dsl.KotlinProjectExtension$awaitSourceSets$1        : loaded 2 times (x 89B)
Class org.jetbrains.kotlin.gradle.plugin.KotlinPluginLifecycle$CoroutineStart         : loaded 2 times (x 81B)
Class org.jetbrains.kotlin.gradle.tasks.TasksProviderKt$sam$org_gradle_api_Action$0   : loaded 2 times (x 77B)
Class org.jetbrains.kotlin.gradle.tooling.BuildKotlinToolingMetadataTask$FromKotlinExtension: loaded 2 times (x 316B)
Class org.jetbrains.kotlin.gradle.utils.FailuresKt                                    : loaded 2 times (x 73B)
Class org.jetbrains.kotlin.gradle.targets.native.internal.CInteropConfigurationsKt$special$$inlined$KotlinTargetSideEffect$1: loaded 2 times (x 76B)
Class org.jetbrains.kotlin.konan.target.Family                                        : loaded 2 times (x 81B)
Class org.jetbrains.kotlin.gradle.plugin.diagnostics.DiagnosticGroup                  : loaded 2 times (x 72B)
Class org.jetbrains.kotlin.gradle.internal.properties.NativePropertiesLoader$konanDataDirProperty$1: loaded 2 times (x 77B)
Class org.jetbrains.kotlin.gradle.plugin.KotlinGradleBuildServices$Companion$registerIfAbsent$2$1: loaded 2 times (x 81B)
Class org.jetbrains.kotlin.gradle.plugin.statistics.BuildFusService$Parameters_Decorated: loaded 2 times (x 141B)
Class org.jetbrains.kotlin.gradle.internal.properties.PropertiesBuildService$Params$Inject: loaded 2 times (x 108B)
Class org.jetbrains.kotlin.tooling.core.HasMutableExtras                              : loaded 2 times (x 72B)
Class com.google.common.cache.LocalCache$AbstractReferenceEntry                       : loaded 2 times (x 109B)
Class org.gradle.internal.IoActions                                                   : loaded 2 times (x 73B)
Class org.jetbrains.kotlin.gradle.internal.Kapt3KotlinGradleSubpluginKt               : loaded 2 times (x 73B)
Class org.jetbrains.kotlin.gradle.dsl.KotlinJvmCompile                                : loaded 2 times (x 72B)
Class com.google.common.collect.ImmutableRangeSet$ComplementRanges                    : loaded 2 times (x 209B)
Class org.jetbrains.kotlin.konan.target.KonanTarget$LINUX_ARM32_HFP                   : loaded 2 times (x 80B)
Class org.jetbrains.kotlin.gradle.internal.Kapt3GradleSubplugin                       : loaded 2 times (x 84B)
Class org.jetbrains.kotlin.gradle.plugin.diagnostics.checkers.CInteropInputChecker    : loaded 2 times (x 76B)
Class org.jetbrains.kotlin.gradle.targets.native.internal.CInteropConfigurationsKt$special$$inlined$KotlinTargetSideEffect$2: loaded 2 times (x 76B)
Class org.jetbrains.kotlin.gradle.plugin.statistics.FinalizeConfigurationFusMetricActionKt$FinalizeConfigurationFusMetricAction$1: loaded 2 times (x 97B)
Class org.jetbrains.kotlin.gradle.internal.KotlinDependenciesManagementKt$CustomizeKotlinDependenciesSetupAction$1: loaded 2 times (x 76B)
Class org.jetbrains.kotlin.gradle.plugin.KotlinGradlePluginExtensionPointInternal$registeredExtensions$2: loaded 2 times (x 80B)
Class org.jetbrains.kotlin.statistics.metrics.BooleanOverridePolicy$OR                : loaded 2 times (x 87B)
Class org.jetbrains.kotlin.gradle.plugin.UsesVariantImplementationFactories           : loaded 2 times (x 72B)
Class org.objectweb.asm.SymbolTable                                                   : loaded 2 times (x 74B)
Class com.google.common.cache.CacheLoader$InvalidCacheLoadException                   : loaded 2 times (x 84B)
Class com.google.common.collect.ImmutableSet$RegularSetBuilderImpl                    : loaded 2 times (x 78B)
Class org.gradle.internal.classloader.SystemClassLoaderSpec                           : loaded 2 times (x 73B)
Class org.jetbrains.kotlin.gradle.plugin.diagnostics.DefaultProblemsReporter_Decorated: loaded 2 times (x 121B)
Class org.jetbrains.kotlin.gradle.tasks.configuration.BaseKotlinCompileConfig$1$1     : loaded 2 times (x 77B)
Class org.jetbrains.kotlin.gradle.plugin.mpp.compilationImpl.factory.KotlinCompilationImplFactory$PostConfigure: loaded 2 times (x 72B)
Class org.jetbrains.kotlin.gradle.tasks.abi.KotlinLegacyAbiDumpTask                   : loaded 2 times (x 72B)
Class org.jetbrains.kotlin.gradle.utils.KotlinExtensionUtilsKt                        : loaded 2 times (x 73B)
Class [Lorg.jetbrains.kotlin.konan.util.Named;                                        : loaded 2 times (x 71B)
Class org.jetbrains.kotlin.gradle.plugin.diagnostics.checkers.NoKotlinTargetsDeclaredChecker$runChecks$1: loaded 2 times (x 89B)
Class org.jetbrains.kotlin.gradle.plugin.mpp.AbstractKotlinTarget$kotlinComponents$2  : loaded 2 times (x 81B)
Class org.jetbrains.kotlin.gradle.plugin.KotlinPlatformType$CompatibilityRule         : loaded 2 times (x 78B)
Class org.jetbrains.kotlin.gradle.internal.properties.NativePropertiesLoader$actualNativeHomeDirectory$1: loaded 2 times (x 77B)
Class org.jetbrains.kotlin.gradle.internal.properties.NativePropertiesKt              : loaded 2 times (x 73B)
Class [Lorg.jetbrains.kotlin.statistics.metrics.BooleanOverridePolicy;                : loaded 2 times (x 71B)
Class org.jetbrains.kotlin.gradle.plugin.BuildEventsListenerRegistryHolder            : loaded 2 times (x 74B)
Class org.jetbrains.kotlin.gradle.plugin.internal.CustomPropertiesFileValueSource$Parameters$Inject: loaded 2 times (x 108B)
Class com.google.common.cache.LocalCache$StrongEntry                                  : loaded 2 times (x 110B)
Class com.google.common.util.concurrent.AbstractFuture$TrustedFuture                  : loaded 2 times (x 116B)
Class com.google.common.cache.LoadingCache                                            : loaded 2 times (x 72B)
Class org.gradle.kotlin.dsl.ImplementationConfigurationAccessorsKt                    : loaded 2 times (x 73B)
Class org.jetbrains.kotlin.gradle.plugin.mpp.KotlinTargetSoftwareComponentImplKt$KotlinTargetSoftwareComponent$1: loaded 2 times (x 97B)
Class org.jetbrains.kotlin.gradle.tasks.configuration.BaseKotlinCompileConfig$registerBuildToolsApiTransformations$1: loaded 2 times (x 81B)
Class org.jetbrains.kotlin.gradle.tasks.configuration.AbstractKotlinCompileConfigKt$sam$org_gradle_api_Action$0: loaded 2 times (x 77B)
Class org.jetbrains.kotlin.gradle.plugin.internal.BuildIdService                      : loaded 2 times (x 78B)
Class org.jetbrains.kotlin.gradle.plugin.mpp.compilationImpl.factory.KotlinCompilationDependencyConfigurationsFactoriesKt: loaded 2 times (x 73B)
Class org.jetbrains.kotlin.gradle.plugin.mpp.compilationImpl.DefaultKotlinCompilationFriendPathsResolver: loaded 2 times (x 77B)
Class org.jetbrains.kotlin.gradle.plugin.diagnostics.checkers.KmpPartiallyResolvedDependenciesCheckerKt: loaded 2 times (x 73B)
Class org.jetbrains.kotlin.gradle.plugin.diagnostics.checkers.WasmSourceSetsNotFoundChecker$runChecks$1: loaded 2 times (x 89B)
Class org.jetbrains.kotlin.konan.target.KonanTarget$IOS_SIMULATOR_ARM64               : loaded 2 times (x 80B)
Class org.jetbrains.kotlin.gradle.targets.jvm.KotlinJvmCompilationWireJavaSourcesSideEffectKt: loaded 2 times (x 73B)
Class org.jetbrains.kotlin.gradle.plugin.mpp.compilationImpl.KotlinCreateCompilationArchiveTaskKt$KotlinCreateCompilationArchivesTask$1: loaded 2 times (x 76B)
Class org.jetbrains.kotlin.gradle.dsl.KotlinVersion                                   : loaded 2 times (x 81B)
Class org.jetbrains.kotlin.gradle.internal.properties.NativePropertiesLoader$actualNativeHomeDirectory$2: loaded 2 times (x 76B)
Class org.jetbrains.kotlin.gradle.utils.StoredPropertyKt                              : loaded 2 times (x 73B)
Class org.objectweb.asm.MethodWriter                                                  : loaded 2 times (x 107B)
Class [Lcom.google.common.cache.Weigher;                                              : loaded 2 times (x 71B)
Class com.google.common.collect.RegularImmutableMap$BucketOverflowException           : loaded 2 times (x 84B)
Class jdk.internal.jrtfs.JrtFileSystem                                                : loaded 2 times (x 104B)
Class build_3nxj8leotp75qz9hepv6x4011                                                 : loaded 2 times (x 174B)
Class build_2airidg814glvig0rztskacr5$_run_closure1$_closure2                         : loaded 2 times (x 140B)
Class org.jetbrains.kotlin.gradle.plugin.sources.KotlinDependencyScope$Companion      : loaded 2 times (x 73B)
Class org.jetbrains.kotlin.gradle.tasks.configuration.BaseKotlinCompileConfig$registerBuildToolsApiTransformations$2: loaded 2 times (x 81B)
Class org.jetbrains.kotlin.gradle.tasks.KotlinJvmCompile                              : loaded 2 times (x 72B)
Class org.jetbrains.kotlin.gradle.plugin.mpp.compilationImpl.KotlinCompilationSourceSetsContainerKt: loaded 2 times (x 73B)
Class org.jetbrains.kotlin.gradle.plugin.KotlinPluginLifecycleKt$launchInStage$1      : loaded 2 times (x 97B)
Class org.jetbrains.kotlin.gradle.targets.NativeForwardImplementationToApiElementsSideEffectKt: loaded 2 times (x 73B)
Class org.jetbrains.kotlin.gradle.tasks.publishing.HelpersKt$addPgpSignatureHelpers$1 : loaded 2 times (x 77B)
Class org.jetbrains.kotlin.gradle.internal.properties.NativePropertiesLoader$actualNativeHomeDirectory$3: loaded 2 times (x 77B)
Class org.jetbrains.kotlin.gradle.report.BuildReportMode                              : loaded 2 times (x 81B)
Class org.jetbrains.kotlin.statistics.metrics.StringAnonymizationPolicy$RegexControlled: loaded 2 times (x 81B)
Class org.jetbrains.kotlin.statistics.ValueAnonymizer                                 : loaded 2 times (x 72B)
Class org.jetbrains.kotlin.gradle.plugin.VariantImplementationFactories$Companion$getProvider$2$1$1: loaded 2 times (x 77B)
Class org.jetbrains.kotlin.gradle.plugin.internal.ProjectIsolationStartParameterAccessor$Factory: loaded 2 times (x 72B)
Class jdk.internal.jimage.decompressor.CompressedResourceHeader                       : loaded 2 times (x 73B)
Class com.google.common.collect.RegularImmutableBiMap                                 : loaded 2 times (x 150B)
Class org.jetbrains.kotlin.gradle.plugin.mpp.compilationImpl.KotlinCompilationRegisterInSourceSetsConfigurator: loaded 2 times (x 76B)
Class org.jetbrains.kotlin.gradle.plugin.mpp.compilationImpl.factory.DefaultKotlinCompilationTaskNamesContainerFactory: loaded 2 times (x 76B)
Class org.jetbrains.kotlin.gradle.plugin.mpp.compilationImpl.DefaultKotlinCompilationFriendPathsResolver$FriendArtifactResolver$Companion: loaded 2 times (x 73B)
Class org.jetbrains.kotlin.gradle.targets.native.internal.CommonizerTasksKt           : loaded 2 times (x 73B)
Class [Lorg.jetbrains.kotlin.gradle.targets.js.npm.NpmDependency$Scope;               : loaded 2 times (x 71B)
Class org.jetbrains.kotlin.gradle.plugin.KotlinCompilerPluginSupportPlugin            : loaded 2 times (x 72B)
Class org.jetbrains.kotlin.gradle.plugin.mpp.AbstractKotlinTarget$components$2        : loaded 2 times (x 81B)
Class org.jetbrains.kotlin.gradle.targets.CreateNonPackedKlibVariantsSideEffectKt$CreateNonPackedKlibVariantsSideEffect$1: loaded 2 times (x 76B)
Class org.jetbrains.kotlin.gradle.plugin.mpp.KotlinUsages$setupAttributesMatchingStrategy$1: loaded 2 times (x 76B)
Class org.jetbrains.kotlin.gradle.plugin.KotlinGradleBuildServices$Companion$registerIfAbsent$2$1$1: loaded 2 times (x 77B)
Class org.jetbrains.kotlin.gradle.internal.diagnostics.AgpCompatibilityCheck$runAgpCompatibilityCheckIfAgpIsApplied$1$1: loaded 2 times (x 77B)
Class org.jetbrains.kotlin.gradle.utils.AndroidPluginIdsKt                            : loaded 2 times (x 73B)
Class org.jetbrains.kotlin.gradle.plugin.KotlinBasePlugin                             : loaded 2 times (x 72B)
Class com.google.common.cache.LocalCache$ValueReference                               : loaded 2 times (x 72B)
Class com.google.common.base.CharMatcher$Is                                           : loaded 2 times (x 113B)
Class com.google.common.base.CharMatcher$Negated                                      : loaded 2 times (x 115B)
Class com.google.common.base.PatternCompiler                                          : loaded 2 times (x 72B)
Class org.jetbrains.kotlin.gradle.dsl.abi.AbiFiltersSpec                              : loaded 2 times (x 72B)
Class org.jetbrains.kotlin.gradle.utils.FutureKt                                      : loaded 2 times (x 73B)
Class org.jetbrains.kotlin.gradle.targets.native.internal.PlatformLibrariesGenerator$GeneratedPlatformLibrariesService: loaded 2 times (x 78B)
Class org.jetbrains.kotlin.gradle.logging.GradleLoggingUtilsKt                        : loaded 2 times (x 73B)
Class org.jetbrains.kotlin.gradle.plugin.KotlinAndroidPluginWrapper                   : loaded 2 times (x 88B)
Class com.google.common.util.concurrent.AbstractFuture$Failure                        : loaded 2 times (x 74B)
Class com.google.common.base.Equivalence$Equals                                       : loaded 2 times (x 84B)
Class com.google.common.collect.Hashing                                               : loaded 2 times (x 73B)
Class com.google.common.base.Preconditions                                            : loaded 2 times (x 73B)
Class org.jetbrains.kotlin.cli.common.arguments.CommonToolArguments                   : loaded 2 times (x 75B)
Class com.google.common.base.Joiner$1                                                 : loaded 2 times (x 82B)
Class [Lorg.jetbrains.kotlin.gradle.dsl.PlatformSourceSetConventionsChecker$CheckedPlatformInfo;: loaded 2 times (x 71B)
Class org.jetbrains.kotlin.gradle.plugin.diagnostics.KotlinGradleProjectCheckerContext: loaded 2 times (x 74B)
Class org.jetbrains.kotlin.gradle.plugin.diagnostics.checkers.DuplicateSourceSetChecker: loaded 2 times (x 76B)
Class org.jetbrains.kotlin.gradle.targets.KotlinTargetSideEffect                      : loaded 2 times (x 72B)
Class org.jetbrains.kotlin.gradle.plugin.DefaultKotlinBasePlugin$setupAttributeMatchingStrategy$1$1: loaded 2 times (x 81B)
Class org.jetbrains.kotlin.gradle.plugin.diagnostics.ToolingDiagnosticFactory         : loaded 2 times (x 75B)
Class org.jetbrains.kotlin.statistics.metrics.NumericalMetrics$Companion              : loaded 2 times (x 73B)
Class [Lorg.jetbrains.kotlin.statistics.metrics.NumberAnonymizationPolicy;            : loaded 2 times (x 71B)
Class org.jetbrains.kotlin.statistics.metrics.NumberOverridePolicy$OVERRIDE           : loaded 2 times (x 87B)
Class org.jetbrains.kotlin.gradle.internal.properties.PropertiesBuildService$property$1: loaded 2 times (x 81B)
Class org.objectweb.asm.Label                                                         : loaded 2 times (x 75B)
Class org.objectweb.asm.CurrentFrame                                                  : loaded 2 times (x 75B)
Class org.objectweb.asm.ClassTooLargeException                                        : loaded 2 times (x 84B)
Class com.google.common.base.CharMatcher                                              : loaded 2 times (x 113B)
Class com.google.gson.stream.JsonReader                                               : loaded 2 times (x 99B)
Class com.google.common.collect.PeekingIterator                                       : loaded 2 times (x 72B)
Class org.jetbrains.kotlin.gradle.tasks.KotlinCompilationTask                         : loaded 2 times (x 72B)
Class org.jetbrains.kotlin.gradle.plugin.mpp.compilationImpl.factory.KotlinCompilationImplFactory$ProcessResourcesTaskNameFactory: loaded 2 times (x 72B)
Class com.google.common.collect.RangeGwtSerializationDependencies                     : loaded 2 times (x 73B)
Class com.google.common.base.Joiner$2                                                 : loaded 2 times (x 81B)
Class org.jetbrains.kotlin.gradle.internal.properties.PropertiesBuildService$property$2: loaded 2 times (x 81B)
Class org.jetbrains.kotlin.gradle.internal.KotlinDependenciesManagementKt             : loaded 2 times (x 73B)
Class org.jetbrains.kotlin.gradle.plugin.DefaultKotlinBasePlugin$setupAttributeMatchingStrategy$1$2: loaded 2 times (x 81B)
Class org.jetbrains.kotlin.gradle.targets.native.internal.PlatformLibrariesGenerator$Companion: loaded 2 times (x 73B)
Class org.jetbrains.kotlin.gradle.plugin.statistics.KotlinBuildStatsLoggerService     : loaded 2 times (x 74B)
Class org.jetbrains.kotlin.gradle.plugin.internal.CustomPropertiesFileValueSource$Inject: loaded 2 times (x 115B)
Class org.objectweb.asm.Frame                                                         : loaded 2 times (x 75B)
Class org.objectweb.asm.MethodVisitor                                                 : loaded 2 times (x 107B)
Class com.google.common.cache.LocalCache$EntryFactory$1                               : loaded 2 times (x 85B)
Class [Lcom.google.common.cache.RemovalListener;                                      : loaded 2 times (x 71B)
Class com.google.common.base.CharMatcher$NamedFastMatcher                             : loaded 2 times (x 114B)
Class com.google.common.base.CharMatcher$1                                            : loaded 2 times (x 115B)
Class org.jetbrains.kotlin.gradle.plugin.mpp.InternalKotlinTargetKt$special$$inlined$extrasStoredFuture$1: loaded 2 times (x 81B)
Class org.jetbrains.kotlin.tooling.core.ExtrasProperty                                : loaded 2 times (x 72B)
Class org.jetbrains.kotlin.compilerRunner.UsesCompilerSystemPropertiesService         : loaded 2 times (x 72B)
Class org.jetbrains.kotlin.gradle.plugin.mpp.compilationImpl.KotlinCompilationSourceSetInclusion$Companion: loaded 2 times (x 73B)
Class com.google.common.collect.RangeSet                                              : loaded 2 times (x 72B)
Class org.jetbrains.kotlin.konan.target.KonanTarget$WATCHOS_DEVICE_ARM64              : loaded 2 times (x 80B)
Class org.jetbrains.kotlin.gradle.plugin.diagnostics.checkers.MissingNativeStdlibChecker$runChecks$1: loaded 2 times (x 89B)
Class [Lorg.jetbrains.kotlin.gradle.plugin.sources.android.AndroidVariantType;        : loaded 2 times (x 71B)
Class org.jetbrains.kotlin.gradle.plugin.sources.android.AndroidVariantType           : loaded 2 times (x 81B)
Class org.jetbrains.kotlin.gradle.plugin.mpp.KotlinTargetSoftwareComponent            : loaded 2 times (x 91B)
Class org.jetbrains.kotlin.gradle.plugin.mpp.KotlinVariant                            : loaded 2 times (x 103B)
Class org.jetbrains.kotlin.gradle.targets.native.ConfigureFrameworkExportSideEffectKt : loaded 2 times (x 73B)
Class org.jetbrains.kotlin.gradle.utils.WhenPluginEnabledKt                           : loaded 2 times (x 73B)
Class org.jetbrains.kotlin.gradle.plugin.VariantImplementationFactories               : loaded 2 times (x 77B)
Class org.jetbrains.kotlin.gradle.internal.diagnostics.KotlinCompilerEmbeddableCheck  : loaded 2 times (x 73B)
Class com.google.common.cache.LocalCache$EntryFactory$2                               : loaded 2 times (x 85B)
Class org.gradle.api.internal.classpath.GlobalCacheRootsProvider                      : loaded 2 times (x 72B)
Class org.jetbrains.kotlin.tooling.core.Extras$Entry$Companion                        : loaded 2 times (x 73B)
Class com.google.common.collect.CollectCollectors                                     : loaded 2 times (x 73B)
Class org.jetbrains.kotlin.gradle.targets.js.dsl.KotlinWasmWasiTargetDsl              : loaded 2 times (x 72B)
Class org.jetbrains.kotlin.gradle.plugin.diagnostics.checkers.DisabledNativeTargetsChecker: loaded 2 times (x 76B)
Class org.jetbrains.kotlin.gradle.plugin.mpp.compilationImpl.KotlinCreateSourcesJarTaskSideEffectKt$KotlinCreateSourcesJarTaskSideEffect$1: loaded 2 times (x 76B)
Class org.jetbrains.kotlin.gradle.internal.CompilerArgumentAware                      : loaded 2 times (x 72B)
Class org.jetbrains.kotlin.gradle.utils.ReportUtilsKt                                 : loaded 2 times (x 73B)
Class org.jetbrains.kotlin.gradle.utils.StoredLazyProperty                            : loaded 2 times (x 77B)
Class org.objectweb.asm.ModuleWriter                                                  : loaded 2 times (x 83B)
Class com.google.common.cache.LocalCache$EntryFactory$3                               : loaded 2 times (x 85B)
Class com.google.common.base.Ticker$1                                                 : loaded 2 times (x 74B)
Class com.google.common.collect.Maps$BiMapConverter                                   : loaded 2 times (x 92B)
Class com.google.common.collect.ImmutableMapEntrySet$RegularEntrySet                  : loaded 2 times (x 154B)
Class Native_plugin_loader_gradle$NativePluginLoader                                  : loaded 2 times (x 74B)
Class com.google.common.collect.SetMultimap                                           : loaded 2 times (x 72B)
Class org.jetbrains.kotlin.gradle.dsl.AndroidMainSourceSetConventionsChecker$runChecks$1: loaded 2 times (x 89B)
Class org.jetbrains.kotlin.gradle.plugin.sources.FragmentConsistencyChecks            : loaded 2 times (x 74B)
Class org.jetbrains.kotlin.gradle.plugin.mpp.InternalKotlinTargetComponent            : loaded 2 times (x 95B)
Class org.jetbrains.kotlin.gradle.targets.CreateNonPackedKlibVariantsSideEffectKt     : loaded 2 times (x 73B)
Class org.jetbrains.kotlin.gradle.targets.CreateDefaultTestRunSideEffectKt$special$$inlined$KotlinTargetSideEffect$1: loaded 2 times (x 76B)
Class org.jetbrains.kotlin.gradle.utils.ProviderApiUtilsKt                            : loaded 2 times (x 73B)
Class org.jetbrains.kotlin.gradle.plugin.diagnostics.IsAttachedToTerminalValueSource  : loaded 2 times (x 82B)
Class org.jetbrains.kotlin.gradle.targets.native.UsesKonanPropertiesBuildService      : loaded 2 times (x 72B)
Class org.jetbrains.kotlin.gradle.internal.properties.NativePropertiesLoader$forceDisableRunningInProcess$1: loaded 2 times (x 77B)
Class org.jetbrains.kotlin.gradle.internal.tasks.TaskWithLocalState                   : loaded 2 times (x 72B)
Class org.jetbrains.kotlin.gradle.plugin.statistics.KotlinBuildStatisticsUtilsKt      : loaded 2 times (x 73B)
Class org.jetbrains.kotlin.statistics.metrics.BooleanMetrics                          : loaded 2 times (x 81B)
Class org.jetbrains.kotlin.gradle.utils.PersistentCachesKt                            : loaded 2 times (x 73B)
Class org.jetbrains.kotlin.gradle.internal.properties.PropertiesBuildService$Params   : loaded 2 times (x 72B)
Class org.jetbrains.kotlin.gradle.internal.diagnostics.GradleCompatibilityCheck       : loaded 2 times (x 73B)
Class com.google.common.collect.ImmutableSet$Builder                                  : loaded 2 times (x 87B)
Class com.google.common.cache.LocalCache$EntryFactory$4                               : loaded 2 times (x 85B)
Class com.google.common.base.CharMatcher$InRange                                      : loaded 2 times (x 113B)
Class org.jetbrains.kotlin.gradle.plugin.sources.KotlinDependencyScopeKt$WhenMappings : loaded 2 times (x 73B)
Class org.jetbrains.kotlin.gradle.tasks.K2MultiplatformCompilationTask                : loaded 2 times (x 72B)
Class org.jetbrains.kotlin.gradle.plugin.diagnostics.checkers.OverriddenKotlinNativeHomeChecker$StdlibExistenceCheckerValueSource$Inject: loaded 2 times (x 111B)
Class org.jetbrains.kotlin.gradle.utils.ConfigurationsKt$maybeCreateDependencyScope$1 : loaded 2 times (x 80B)
Class org.jetbrains.kotlin.gradle.plugin.sources.FragmentConsistencyChecks$languageVersionCheck$1: loaded 2 times (x 81B)
Class org.jetbrains.kotlin.gradle.plugin.mpp.DecoratedKotlinCompilation               : loaded 2 times (x 197B)
Class org.jetbrains.kotlin.gradle.plugin.diagnostics.checkers.ExperimentalTryNextUsageChecker: loaded 2 times (x 76B)
Class [Lorg.jetbrains.kotlin.gradle.plugin.KotlinPlatformType;                        : loaded 2 times (x 71B)
Class [Lorg.jetbrains.kotlin.gradle.plugin.diagnostics.ToolingDiagnostic$Severity;    : loaded 2 times (x 71B)
Class org.jetbrains.kotlin.gradle.plugin.statistics.UsesBuildFusService               : loaded 2 times (x 72B)
Class org.jetbrains.kotlin.gradle.plugin.statistics.old.Pre232IdeaKotlinBuildStatsBeanService: loaded 2 times (x 97B)
Class org.jetbrains.kotlin.statistics.metrics.NumberOverridePolicy$AVERAGE            : loaded 2 times (x 87B)
Class org.jetbrains.kotlin.gradle.plugin.VariantImplementationFactories$Parameters$Inject: loaded 2 times (x 108B)
Class org.jetbrains.kotlin.gradle.plugin.BuildFinishedListenerService$Companion$registerIfAbsent$1$1: loaded 2 times (x 81B)
Class org.jetbrains.kotlin.gradle.internal.diagnostics.GradleCompatibilityCheck$CurrentGradleVersionProvider: loaded 2 times (x 72B)
Class com.google.common.cache.LocalCache$EntryFactory$5                               : loaded 2 times (x 85B)
Class org.jetbrains.kotlin.gradle.plugin.diagnostics.KotlinToolingDiagnosticsSetupActionKt$KotlinToolingDiagnosticsSetupAction$1$reporterProvider$1: loaded 2 times (x 76B)
Class org.jetbrains.kotlin.gradle.plugin.mpp.MppSourcesJarKt$sourcesJarTaskNamed$result$1: loaded 2 times (x 81B)
Class org.jetbrains.kotlin.gradle.tasks.configuration.BaseKotlinCompileConfig$1       : loaded 2 times (x 81B)
Class org.jetbrains.kotlin.gradle.plugin.mpp.compilationImpl.factory.ConfigurationNaming$Default: loaded 2 times (x 77B)
Class org.jetbrains.kotlin.gradle.plugin.mpp.compilationImpl.KotlinCompilationSourceSetInclusion: loaded 2 times (x 74B)
Class org.jetbrains.kotlin.gradle.targets.jvm.KotlinJvmTarget                         : loaded 2 times (x 168B)
Class org.jetbrains.kotlin.gradle.targets.js.dsl.KotlinWasmJsTargetDsl                : loaded 2 times (x 72B)
Class org.jetbrains.kotlin.gradle.plugin.diagnostics.checkers.DisabledNativeTargetsChecker$runChecks$1: loaded 2 times (x 89B)
Class org.jetbrains.kotlin.gradle.plugin.KotlinPluginLifecycleImpl$await$2$1          : loaded 2 times (x 81B)
Class org.jetbrains.kotlin.gradle.plugin.sources.DefaultLanguageSettingsBuilder       : loaded 2 times (x 102B)
Class org.jetbrains.kotlin.gradle.plugin.sources.FragmentConsistencyChecks$languageVersionCheck$2: loaded 2 times (x 80B)
Class org.jetbrains.kotlin.gradle.targets.CreateTargetConfigurationsSideEffectKt$CreateTargetConfigurationsSideEffect$1: loaded 2 times (x 76B)
Class org.jetbrains.kotlin.gradle.dsl.KotlinPublishingDsl                             : loaded 2 times (x 72B)
Class org.jetbrains.kotlin.gradle.dsl.KotlinTargetContainerWithPresetFunctions        : loaded 2 times (x 72B)
Class org.jetbrains.kotlin.gradle.plugin.diagnostics.ToolingDiagnosticRenderingOptionsKt$WhenMappings: loaded 2 times (x 73B)
Class org.jetbrains.kotlin.gradle.utils.GradleConfigurationUtilsKt                    : loaded 2 times (x 73B)
Class org.jetbrains.kotlin.gradle.plugin.internal.CustomPropertiesFileValueSource$Parameters: loaded 2 times (x 72B)
Class org.jetbrains.kotlin.gradle.plugin.UsesBuildFinishedListenerService             : loaded 2 times (x 72B)
Class com.google.common.cache.LocalCache$EntryFactory$6                               : loaded 2 times (x 85B)
Class org.gradle.internal.installation.CurrentGradleInstallationLocator               : loaded 2 times (x 73B)
Class org.jetbrains.kotlin.gradle.plugin.diagnostics.UsesKotlinToolingDiagnosticsKt   : loaded 2 times (x 73B)
Class org.jetbrains.kotlin.gradle.tasks.configuration.BaseKotlinCompileConfig$2       : loaded 2 times (x 81B)
Class com.google.common.collect.Maps$KeySet                                           : loaded 2 times (x 139B)
Class org.jetbrains.kotlin.gradle.plugin.mpp.InternalKotlinCompilation                : loaded 2 times (x 72B)
Class org.jetbrains.kotlin.gradle.utils.WhenEvaluatedKt                               : loaded 2 times (x 73B)
Class org.jetbrains.kotlin.konan.target.KonanTarget$IOS_X64                           : loaded 2 times (x 80B)
Class org.jetbrains.kotlin.gradle.targets.native.internal.AddKotlinPlatformIntegersSupportLibraryKt: loaded 2 times (x 73B)
Class org.jetbrains.kotlin.gradle.plugin.AbstractKotlinJsPluginWrapper                : loaded 2 times (x 88B)
Class org.jetbrains.kotlin.gradle.internal.IsInIdeaEnvironmentValueSource$Inject      : loaded 2 times (x 102B)
Class org.jetbrains.kotlin.gradle.plugin.internal.MavenPublicationComponentAccessor   : loaded 2 times (x 72B)
Class org.jetbrains.kotlin.gradle.fus.BuildUidService                                 : loaded 2 times (x 82B)
Class org.jetbrains.kotlin.gradle.plugin.KotlinPluginWrapperKt                        : loaded 2 times (x 73B)
Class com.google.common.collect.ImmutableSet$EmptySetBuilderImpl                      : loaded 2 times (x 78B)
Class com.google.common.cache.LocalCache$EntryFactory$7                               : loaded 2 times (x 85B)
Class com.google.common.collect.ImmutableList                                         : loaded 2 times (x 208B)
Class org.gradle.internal.service.DefaultServiceLocator                               : loaded 2 times (x 85B)
Class org.jetbrains.kotlin.compilerRunner.CompilerSystemPropertiesService$Companion$registerIfAbsent$1: loaded 2 times (x 77B)
Class org.jetbrains.kotlin.compilerRunner.CompilerSystemPropertiesService$Companion   : loaded 2 times (x 73B)
Class org.jetbrains.kotlin.gradle.plugin.diagnostics.checkers.WasmJsEnvironmentChecker: loaded 2 times (x 78B)
Class org.jetbrains.kotlin.gradle.plugin.diagnostics.checkers.AndroidPluginWithoutAndroidTargetChecker: loaded 2 times (x 76B)
Class org.jetbrains.kotlin.gradle.plugin.statistics.FlowActionBuildFusService$getConfigurationTimeMetrics$1: loaded 2 times (x 77B)
Class org.jetbrains.kotlin.gradle.plugin.statistics.SynchronizedMetricsContainer      : loaded 2 times (x 84B)
Class org.jetbrains.kotlin.statistics.metrics.NumberOverridePolicy                    : loaded 2 times (x 87B)
Class org.jetbrains.kotlin.statistics.metrics.StringAnonymizationPolicy$AllowedListAnonymizer$Companion: loaded 2 times (x 73B)
Class org.jetbrains.kotlin.gradle.plugin.internal.DefaultProjectIsolationStartParameterAccessor_Decorated: loaded 2 times (x 123B)
Class org.jetbrains.kotlin.gradle.plugin.internal.ProjectIsolationStartParameterAccessorKt: loaded 2 times (x 73B)
Class org.jetbrains.kotlin.gradle.testing.internal.KotlinTestsRegistry                : loaded 2 times (x 74B)
Class com.google.common.cache.LocalCache$EntryFactory$8                               : loaded 2 times (x 85B)
Class com.google.common.collect.ImmutableSet$SetBuilderImpl                           : loaded 2 times (x 78B)
Class jdk.internal.jrtfs.JrtDirectoryStream                                           : loaded 2 times (x 91B)
Class org.gradle.internal.installation.CurrentGradleInstallation                      : loaded 2 times (x 75B)
Class org.jetbrains.kotlin.gradle.plugin.mpp.InternalKotlinCompilationKt$awaitAllKotlinSourceSets$1: loaded 2 times (x 89B)
Class org.jetbrains.kotlin.gradle.tasks.KotlinCompilerExecutionStrategy               : loaded 2 times (x 81B)
Class org.jetbrains.kotlin.gradle.plugin.sources.DefaultKotlinSourceSet$special$$inlined$Iterable$1: loaded 2 times (x 81B)
Class org.jetbrains.kotlin.gradle.plugin.mpp.compilationImpl.factory.KotlinCompilationImplFactory$KotlinCompilerOptionsFactory$Options: loaded 2 times (x 74B)
Class org.jetbrains.kotlin.gradle.plugin.statistics.FusMetrics                        : loaded 2 times (x 72B)
Class org.jetbrains.kotlin.gradle.plugin.KotlinCompilation                            : loaded 2 times (x 72B)
Class org.jetbrains.kotlin.gradle.plugin.diagnostics.ToolingDiagnosticRenderingOptionsKt: loaded 2 times (x 73B)
Class org.jetbrains.kotlin.gradle.tasks.publishing.HelpersKt                          : loaded 2 times (x 73B)
Class org.jetbrains.kotlin.gradle.plugin.KotlinTargetConfiguratorKt                   : loaded 2 times (x 73B)
Class org.jetbrains.kotlin.gradle.targets.native.internal.PlatformLibrariesGenerator  : loaded 2 times (x 74B)
Class org.jetbrains.kotlin.tooling.core.Extras$Type$Companion                         : loaded 2 times (x 73B)
Class com.google.common.cache.CacheLoader$1                                           : loaded 2 times (x 77B)
Class com.google.common.collect.ImmutableList$SubList                                 : loaded 2 times (x 211B)
Class org.gradle.util.internal.GUtil                                                  : loaded 2 times (x 73B)
Class org.jetbrains.kotlin.gradle.plugin.mpp.InternalKotlinTargetKt$isSourcesPublishableFuture$2: loaded 2 times (x 97B)
Class org.jetbrains.kotlin.gradle.plugin.mpp.KotlinCompilationFactory                 : loaded 2 times (x 72B)
Class org.jetbrains.kotlin.gradle.dsl.IosSourceSetConventionChecker$runChecks$1       : loaded 2 times (x 89B)
Class org.jetbrains.kotlin.gradle.plugin.mpp.AbstractKotlinCompilation                : loaded 2 times (x 197B)
Class org.jetbrains.kotlin.gradle.plugin.diagnostics.checkers.UnusedSourceSetsChecker : loaded 2 times (x 76B)
Class org.jetbrains.kotlin.gradle.utils.Future                                        : loaded 2 times (x 72B)
Class org.jetbrains.kotlin.gradle.plugin.statistics.KotlinBuildStatsConfiguration$Companion: loaded 2 times (x 73B)
Class com.google.common.cache.AbstractCache$StatsCounter                              : loaded 2 times (x 72B)
Class org.jetbrains.kotlin.gradle.plugin.attributes.KlibPackaging                     : loaded 2 times (x 72B)
Class org.jetbrains.kotlin.gradle.plugin.mpp.KotlinTargetSoftwareComponentImplKt      : loaded 2 times (x 73B)
Class org.jetbrains.kotlin.gradle.targets.js.dsl.KotlinJsSubTargetContainerDsl        : loaded 2 times (x 72B)
Class org.jetbrains.kotlin.tooling.core.MutableExtrasImpl$Companion                   : loaded 2 times (x 73B)
Class org.jetbrains.kotlin.gradle.internal.ClassLoadersCachingBuildService$Parameters : loaded 2 times (x 72B)
Class org.jetbrains.kotlin.gradle.plugin.KotlinGradleBuildServices$Companion$registerIfAbsent$1: loaded 2 times (x 77B)
Class org.jetbrains.kotlin.statistics.fileloggers.MetricsContainer                    : loaded 2 times (x 79B)
Class org.jetbrains.kotlin.gradle.plugin.internal.ProjectIsolationStartParameterAccessor: loaded 2 times (x 72B)
Class org.jetbrains.kotlin.gradle.utils.StoredProperty                                : loaded 2 times (x 72B)
Class com.google.common.collect.Iterators$MergingIterator                             : loaded 2 times (x 83B)
Class com.google.common.collect.RegularImmutableSet                                   : loaded 2 times (x 150B)
Class org.gradle.internal.installation.GradleInstallation                             : loaded 2 times (x 77B)
Class build_7detfdtfmibv0pf42vnjbs2qi                                                 : loaded 2 times (x 175B)
Class org.jetbrains.kotlin.gradle.plugin.mpp.compilationImpl.factory.KotlinCompilationImplFactory$create$1: loaded 2 times (x 77B)
Class org.jetbrains.kotlin.gradle.tasks.KotlinJavaToolchain                           : loaded 2 times (x 72B)
Class org.jetbrains.kotlin.gradle.plugin.statistics.FlowActionBuildFusService$Inject  : loaded 2 times (x 106B)
Class org.jetbrains.kotlin.statistics.metrics.BooleanMetrics$Companion                : loaded 2 times (x 73B)
Class org.jetbrains.kotlin.gradle.plugin.internal.CompatibilityConventionRegistrar    : loaded 2 times (x 72B)
Class org.jetbrains.kotlin.gradle.plugin.AndroidGradlePluginVersion                   : loaded 2 times (x 77B)
Class com.google.common.collect.Iterables                                             : loaded 2 times (x 73B)
Class jdk.internal.jimage.decompressor.ResourceDecompressor$StringsProvider           : loaded 2 times (x 72B)
Class org.jetbrains.kotlin.gradle.plugin.mpp.KotlinJvmCompilation                     : loaded 2 times (x 206B)
Class org.jetbrains.kotlin.gradle.plugin.KotlinCompilation$Companion                  : loaded 2 times (x 73B)
Class org.jetbrains.kotlin.konan.target.KonanTarget$WATCHOS_ARM64                     : loaded 2 times (x 80B)
Class org.jetbrains.kotlin.gradle.plugin.diagnostics.checkers.OverriddenKotlinNativeHomeChecker: loaded 2 times (x 76B)
Class org.jetbrains.kotlin.gradle.artifacts.KotlinJvmJarArtifactKt$KotlinJvmJarArtifact$1: loaded 2 times (x 76B)
Class org.jetbrains.kotlin.gradle.targets.native.SetupEmbedAndSignAppleFrameworkTaskSideEffectKt: loaded 2 times (x 73B)
Class org.jetbrains.kotlin.gradle.plugin.KotlinProjectSetupActionKt$KotlinProjectSetupCoroutine$1: loaded 2 times (x 77B)
Class org.jetbrains.kotlin.gradle.dsl.ToolchainSupport$Companion                      : loaded 2 times (x 73B)
Class org.jetbrains.kotlin.gradle.plugin.KotlinSourceSet                              : loaded 2 times (x 72B)
Class org.jetbrains.kotlin.konan.target.KonanTarget$MACOS_ARM64                       : loaded 2 times (x 80B)

---------------  S Y S T E M  ---------------

OS:
 Windows 11 , 64 bit Build 26100 (10.0.26100.8972)
OS uptime: 0 days 2:24 hours
Hyper-V role detected

CPU: total 32 (initial active 32) (32 cores per cpu, 2 threads per core) family 26 model 68 stepping 0 microcode 0xb404035, cx8, cmov, fxsr, ht, mmx, 3dnowpref, sse, sse2, sse3, ssse3, sse4a, sse4.1, sse4.2, popcnt, lzcnt, tsc, tscinvbit, avx, avx2, aes, erms, clmul, bmi1, bmi2, adx, avx512f, avx512dq, avx512cd, avx512bw, avx512vl, sha, fma, vzeroupper, avx512_vpopcntdq, avx512_vpclmulqdq, avx512_vaes, avx512_vnni, clflush, clflushopt, clwb, avx512_vbmi2, avx512_vbmi, hv, rdtscp, rdpid, fsrm, gfni, avx512_bitalg, f16c, cet_ss, avx512_ifma
Processor Information for the first 32 processors :
  Max Mhz: 4300, Current Mhz: 4300, Mhz Limit: 4300

Memory: 4k page, system-wide physical 31892M (8911M free)
TotalPageFile size 47892M (AvailPageFile size 18733M)
current process WorkingSet (physical memory assigned to process): 1919M, peak: 1923M
current process commit charge ("private bytes"): 1993M, peak: 2010M

vm_info: OpenJDK 64-Bit Server VM (25.0.2+-15348964-b329.117) for windows-amd64 JRE (25.0.2+-15348964-b329.117), built on 2026-05-05T18:25:19Z with MS VC++ 16.10 / 16.11 (VS2019)

END.
