#
# A fatal error has been detected by the Java Runtime Environment:
#
#  EXCEPTION_ACCESS_VIOLATION (0xc0000005) at pc=0x00007ffefe53ea2d, pid=36484, tid=6808
#
# JRE version: OpenJDK Runtime Environment (25.0.2) (build 25.0.2+-15348964-b329.117)
# Java VM: OpenJDK 64-Bit Server VM (25.0.2+-15348964-b329.117, mixed mode, tiered, compressed oops, compressed class ptrs, g1 gc, windows-amd64)
# Problematic frame:
# V  [jvm.dll+0x6cea2d]
#
# No core dump will be written. Minidumps are not enabled by default on client versions of Windows
#
# If you would like to submit a bug report, please visit:
#   https://youtrack.jetbrains.com/issues/JBR
#

---------------  S U M M A R Y ------------

Command Line: --add-opens=java.base/java.lang=ALL-UNNAMED --add-opens=java.base/java.lang.invoke=ALL-UNNAMED --add-opens=java.base/java.util=ALL-UNNAMED --add-opens=java.prefs/java.util.prefs=ALL-UNNAMED --add-exports=jdk.compiler/com.sun.tools.javac.api=ALL-UNNAMED --add-exports=jdk.compiler/com.sun.tools.javac.util=ALL-UNNAMED --add-opens=java.base/java.util=ALL-UNNAMED --add-opens=java.prefs/java.util.prefs=ALL-UNNAMED --add-opens=java.base/java.nio.charset=ALL-UNNAMED --add-opens=java.base/java.net=ALL-UNNAMED --add-opens=java.base/java.util.concurrent=ALL-UNNAMED --add-opens=java.base/java.util.concurrent.atomic=ALL-UNNAMED --add-opens=java.xml/javax.xml.namespace=ALL-UNNAMED --add-opens=java.base/java.time=ALL-UNNAMED --enable-native-access=ALL-UNNAMED -XX:MaxMetaspaceSize=4G -XX:ReservedCodeCacheSize=512m -XX:+HeapDumpOnOutOfMemoryError -Xmx8G -Dfile.encoding=UTF-8 -Duser.country=ES -Duser.language=es -Duser.variant -javaagent:C:\Users\Lambert 2\.gradle\wrapper\dists\gradle-9.1.0-all\7wzd0jkjit61aq2p43wpjgij9\gradle-9.1.0\lib\agents\gradle-instrumentation-agent-9.1.0.jar org.gradle.launcher.daemon.bootstrap.GradleDaemon 9.1.0

Host: AMD Ryzen 9 9950X3D 16-Core Processor          , 32 cores, 31G,  Windows 11 , 64 bit Build 26100 (10.0.26100.8972)
Time: Thu Aug  6 01:32:14 2026 Hora de verano romance elapsed time: 20.259021 seconds (0d 0h 0m 20s)

---------------  T H R E A D  ---------------

Current thread (0x000001b7aac3cdf0):  JavaThread "C2 CompilerThread1" daemon [_thread_in_native, id=6808, stack(0x00000089a2b00000,0x00000089a2c00000) (1024K)]


Current CompileTask:
C2:20259 21247       4       org.objectweb.asm.SymbolTable::addBootstrapMethod (209 bytes)

Stack: [0x00000089a2b00000,0x00000089a2c00000],  sp=0x00000089a2bfbfd0,  free space=1007k
Native frames: (J=compiled Java code, j=interpreted, Vv=VM code, C=native code)
V  [jvm.dll+0x6cea2d]  (no source info available)
V  [jvm.dll+0x6cde28]  (no source info available)
V  [jvm.dll+0x2d6995]  (no source info available)
V  [jvm.dll+0x2cef9a]  (no source info available)
V  [jvm.dll+0x2cd122]  (no source info available)
V  [jvm.dll+0x242ffa]  (no source info available)
V  [jvm.dll+0x2dcc05]  (no source info available)
V  [jvm.dll+0x2dae06]  (no source info available)
V  [jvm.dll+0x49b59e]  (no source info available)
V  [jvm.dll+0x9ab9c8]  (no source info available)
V  [jvm.dll+0x7bb985]  (no source info available)
C  [ucrtbase.dll+0x2cd30]  (no source info available)
C  [KERNEL32.DLL+0x2ccb7]  (no source info available)
C  [ntdll.dll+0xaad6c]  (no source info available)


siginfo: EXCEPTION_ACCESS_VIOLATION (0xc0000005), reading address 0xffffffffffffffff


Registers:
RAX=0xc000000000000030, RBX=0x000001b7a007dfc8, RCX=0x000001b7a007dfc8, RDX=0x000001b7a38eb6e8
RSP=0x00000089a2bfbfd0, RBP=0x00000089a2bfc1f0, RSI=0x000001b7ad039948, RDI=0x000000000000001c
R8 =0x0000000000400000, R9 =0x0000000000400000, R10=0x0000000000000001, R11=0x000001b7a38eb778
R12=0x0000000000000009, R13=0x00000089a2bfc060, R14=0x0000000000000016, R15=0x00000089a2bfc088
RIP=0x00007ffefe53ea2d, EFLAGS=0x0000000000010202

XMM[0]=0x0000000000000000 0x0000000000000000
XMM[1]=0x061c0a0610000080 0x0000000c07ff8fc0
XMM[2]=0x000001b7ac1f84a8 0x000001b7ac1f6e90
XMM[3]=0x000001b7ad1c41f8 0x000001b7ad1c7610
XMM[4]=0x000001b7ad1c4678 0x000001b7ad1c45e8
XMM[5]=0x01041e00c0000080 0x000008210ffc0000
XMM[6]=0x0000000000000000 0x0000000000000000
XMM[7]=0x0000000000000000 0x0000000000000000
XMM[8]=0x0000000000000000 0x0000000000000000
XMM[9]=0x0000000000000000 0x0000000000000000
XMM[10]=0x0000000000000000 0x0000000000000000
XMM[11]=0x0000000000000000 0x0000000000000000
XMM[12]=0x0000000000000000 0x0000000000000000
XMM[13]=0x0000000000000000 0x0000000000000000
XMM[14]=0x0000000000000000 0x0000000000000000
XMM[15]=0x0000000000000000 0x0000000000000000
  MXCSR=0x00001fa0


Register to memory mapping:

RAX=0xc000000000000030 is an unknown value
RBX=0x000001b7a007dfc8 points into unknown readable memory: 0xc000000000000030 | 30 00 00 00 00 00 00 c0
RCX=0x000001b7a007dfc8 points into unknown readable memory: 0xc000000000000030 | 30 00 00 00 00 00 00 c0
RDX=0x000001b7a38eb6e8 points into unknown readable memory: 0x111ff3fff7ffff00 | 00 ff ff f7 ff f3 1f 11
RSP=0x00000089a2bfbfd0 is pointing into the stack for thread: 0x000001b7aac3cdf0
RBP=0x00000089a2bfc1f0 is pointing into the stack for thread: 0x000001b7aac3cdf0
RSI=0x000001b7ad039948 points into unknown readable memory: 0x00007ffefe9fb260 | 60 b2 9f fe fe 7f 00 00
RDI=0x000000000000001c is an unknown value
R8 =0x0000000000400000 is an unknown value
R9 =0x0000000000400000 is an unknown value
R10=0x0000000000000001 is an unknown value
R11=0x000001b7a38eb778 points into unknown readable memory: 0x0000000000000110 | 10 01 00 00 00 00 00 00
R12=0x0000000000000009 is an unknown value
R13=0x00000089a2bfc060 is pointing into the stack for thread: 0x000001b7aac3cdf0
R14=0x0000000000000016 is an unknown value
R15=0x00000089a2bfc088 is pointing into the stack for thread: 0x000001b7aac3cdf0

Top of Stack: (sp=0x00000089a2bfbfd0)
0x00000089a2bfbfd0:   00000089a2bfc1f0 000001b7ab63c1c8   ..........c.....
0x00000089a2bfbfe0:   00000089a2bfc100 00007ffefe86519e   .........Q......
0x00000089a2bfbff0:   000001b7ac4601e0 0000000000000000   ..F.............
0x00000089a2bfc000:   00000089a2bfc1f0 0000000000000001   ................
0x00000089a2bfc010:   000001b7e6ed6d90 0000000000000000   .m..............
0x00000089a2bfc020:   00000089a2bfc130 00007ffefe53de28   0.......(.S.....
0x00000089a2bfc030:   0000000000000000 00000089a2bfc088   ................
0x00000089a2bfc040:   000000890000000d 00000089a2bfc100   ................
0x00000089a2bfc050:   00007ffefebbb140 000001b7e48e6ac0   @........j......
0x00000089a2bfc060:   000001b7abb76530 00007ff800000100   0e..............
0x00000089a2bfc070:   000001b7a38eae78 000001b7e47e0901   x.........~.....
0x00000089a2bfc080:   00007ffe000000a9 0000008000000080   ................
0x00000089a2bfc090:   000001b7a38eb678 000001b7abb76530   x.......0e......
0x00000089a2bfc0a0:   00007ffefebbb140 0000000000007fd8   @...............
0x00000089a2bfc0b0:   000001b7abb76530 00007ffe00000004   0e..............
0x00000089a2bfc0c0:   000001b7a1283090 00000089a2bfe660   .0(.....`.......
0x00000089a2bfc0d0:   00007ffe00000000 000001b7f9ae61f0   .........a......
0x00000089a2bfc0e0:   0000000000000000 00007ffefdf7e93b   ........;.......
0x00000089a2bfc0f0:   000001b7b0262680 00000089a2bfc540   .&&.....@.......
0x00000089a2bfc100:   000001b7a38e6638 000001b7a38ea768   8f......h.......
0x00000089a2bfc110:   000001b7a38e6638 000001b7abb76530   8f......0e......
0x00000089a2bfc120:   000001b7ac4601e0 00000089a2bfc540   ..F.....@.......
0x00000089a2bfc130:   0000000000000000 0000000000007fd8   ................
0x00000089a2bfc140:   000001b7ac460200 000001b7abb76530   ..F.....0e......
0x00000089a2bfc150:   0000000000000020 00007ffefdf7ed92    ...............
0x00000089a2bfc160:   000001b7ae3e0d60 000001b7ac4601e0   `.>.......F.....
0x00000089a2bfc170:   000001b7ac460200 00000089a2bfe660   ..F.....`.......
0x00000089a2bfc180:   000001b7ae3e8d78 0000000000000002   x.>.............
0x00000089a2bfc190:   000001b7ac460200 000001b7ae3e8d78   ..F.....x.>.....
0x00000089a2bfc1a0:   00000089a2bfc540 000001b7ac460214   @.........F.....
0x00000089a2bfc1b0:   000001b7ae3e0d60 000001b7abb76530   `.>.....0e......
0x00000089a2bfc1c0:   00000089a2bfc2d0 00007ffefe146995   .........i......

Instructions: (pc=0x00007ffefe53ea2d)
  0x00007ffefe53e92d:   09 4d 85 c9 74 35 49 8b 49 70 48 85 c9 74 24 8b
  0x00007ffefe53e93d:   51 20 33 c0 85 d2 74 1b 4c 8b 41 10 0f 1f 80 00
  0x00007ffefe53e94d:   00 00 00 49 3b 34 c0 0f 84 a0 00 00 00 ff c0 3b
  0x00007ffefe53e95d:   c2 72 f0 4d 8b 09 4d 85 c9 75 cb 48 8b 46 08 48
  0x00007ffefe53e96d:   8b d6 48 8b cd 4c 8b 30 4d 8b c6 e8 83 8d ff ff
  0x00007ffefe53e97d:   48 8b 4f 68 48 85 c9 74 08 48 8b d6 e8 e2 70 0c
  0x00007ffefe53e98d:   00 41 8b 7e 28 8b df c1 eb 05 41 3b 1f 72 0a 8b
  0x00007ffefe53e99d:   d3 49 8b cf e8 8a 67 32 00 49 8b 47 08 83 e7 1f
  0x00007ffefe53e9ad:   48 8d 14 98 40 0f b6 cf 41 b8 01 00 00 00 41 d3
  0x00007ffefe53e9bd:   e0 8b 0a 8b c1 41 0b c0 89 02 41 85 c8 75 23 41
  0x00007ffefe53e9cd:   8b 5d 20 8d 43 01 41 89 45 20 41 3b 5d 08 72 0a
  0x00007ffefe53e9dd:   8b d3 49 8b cd e8 b9 50 0c 00 49 8b 45 10 4c 89
  0x00007ffefe53e9ed:   34 d8 44 8b 74 24 70 45 8d 66 01 eb 05 44 8b 74
  0x00007ffefe53e9fd:   24 70 45 3b e6 0f 83 f8 00 00 00 0f 1f 84 00 00
  0x00007ffefe53ea0d:   00 00 00 48 8b 46 08 41 8b cc 41 ff c4 48 8b 1c
  0x00007ffefe53ea1d:   c8 48 85 db 0f 84 ce 00 00 00 48 8b 03 48 8b cb
=>0x00007ffefe53ea2d:   ff 90 b0 00 00 00 84 c0 74 38 48 8b 03 48 8b cb
  0x00007ffefe53ea3d:   ff 50 10 84 c0 75 2b 48 8b 43 08 8b 7b 28 4c 8b
  0x00007ffefe53ea4d:   38 3b 7d 20 72 0b 8b d7 48 8d 4d 18 e8 42 50 0c
  0x00007ffefe53ea5d:   00 48 8b 45 28 49 8d 57 01 4c 8b 7c 24 68 48 89
  0x00007ffefe53ea6d:   14 f8 44 8b 73 28 41 8b fe c1 ef 05 41 3b 3f 72
  0x00007ffefe53ea7d:   0a 8b d7 49 8b cf e8 a8 66 32 00 49 8b 47 08 41
  0x00007ffefe53ea8d:   83 e6 1f 44 8b 0c b8 48 8d 14 b8 41 8b c1 41 b8
  0x00007ffefe53ea9d:   01 00 00 00 41 0f b6 ce 41 d3 e0 41 0b c0 45 23
  0x00007ffefe53eaad:   c8 89 02 8b 43 28 3b 45 20 0f 83 b0 00 00 00 8b
  0x00007ffefe53eabd:   c8 48 8b 45 28 48 83 3c c8 00 0f 84 9f 00 00 00
  0x00007ffefe53eacd:   45 85 c9 75 23 41 8b 7d 20 8d 47 01 41 89 45 20
  0x00007ffefe53eadd:   41 3b 7d 08 72 0a 8b d7 49 8b cd e8 b3 4f 0c 00
  0x00007ffefe53eaed:   49 8b 45 10 48 89 1c f8 44 3b 64 24 70 0f 82 10
  0x00007ffefe53eafd:   ff ff ff 8b 46 28 3b 45 20 73 0d 8b c8 48 8b 45
  0x00007ffefe53eb0d:   28 48 83 3c c8 00 75 36 48 8b d6 48 8b cd e8 30
  0x00007ffefe53eb1d:   4c 00 00 8b 5e 28 4c 8b f0 3b 5d 20 72 0b 8b d3


Stack slot to memory mapping:

stack at sp + 0 slots: 0x00000089a2bfc1f0 is pointing into the stack for thread: 0x000001b7aac3cdf0
stack at sp + 1 slots: 0x000001b7ab63c1c8 points into unknown readable memory: 0x00007ffefe960978 | 78 09 96 fe fe 7f 00 00
stack at sp + 2 slots: 0x00000089a2bfc100 is pointing into the stack for thread: 0x000001b7aac3cdf0
stack at sp + 3 slots: 0x00007ffefe86519e jvm.dll
stack at sp + 4 slots: 0x000001b7ac4601e0 points into unknown readable memory: 0x0000000000000000 | 00 00 00 00 00 00 00 00
stack at sp + 5 slots: 0x0 is null
stack at sp + 6 slots: 0x00000089a2bfc1f0 is pointing into the stack for thread: 0x000001b7aac3cdf0
stack at sp + 7 slots: 0x0000000000000001 is an unknown value

Lock stack of current Java thread (top to bottom):


---------------  P R O C E S S  ---------------

Threads class SMR info:
_java_thread_list=0x000001b7a3f21010, length=411, elements={
0x000001b7e6ed9080, 0x000001b7f976a750, 0x000001b7f97ac7a0, 0x000001b7f97ad210,
0x000001b7f976d5c0, 0x000001b7f976dd80, 0x000001b7f976e940, 0x000001b7f9782f20,
0x000001b7f9787b00, 0x000001b7f97d7e90, 0x000001b7fe05da80, 0x000001b7a06c9450,
0x000001b7a131a910, 0x000001b7a17eb3c0, 0x000001b7ff258590, 0x000001b7ff25d2e0,
0x000001b7a11ffb10, 0x000001b7a1200ab0, 0x000001b7a1201a50, 0x000001b7a11ff340,
0x000001b7a1205100, 0x000001b7ff493680, 0x000001b7ff4907a0, 0x000001b7a177ce20,
0x000001b7a177d5f0, 0x000001b7a177e590, 0x000001b7a177b6b0, 0x000001b7a177fd00,
0x000001b7a1781470, 0x000001b7a05b8680, 0x000001b7f97da700, 0x000001b7a05b8e90,
0x000001b7fedf64a0, 0x000001b7a1e7adc0, 0x000001b7a1e79e20, 0x000001b7a24b9150,
0x000001b7a24bdf70, 0x000001b7a24bcfd0, 0x000001b7a24be740, 0x000001b7a24bef10,
0x000001b7a24bf6e0, 0x000001b7a24c0680, 0x000001b7a2ce2790, 0x000001b7a2ce1020,
0x000001b7a2ce4ea0, 0x000001b7a2ce3730, 0x000001b7a2ce7d80, 0x000001b7a2ce8550,
0x000001b7a2ce6610, 0x000001b7a2ce5e40, 0x000001b7fe48e1c0, 0x000001b7fe48e990,
0x000001b7fe48bab0, 0x000001b7fe48d220, 0x000001b7fe4921d0, 0x000001b7fe4929a0,
0x000001b7fe48fac0, 0x000001b7a23aa2b0, 0x000001b7a23aaa80, 0x000001b7a23aba20,
0x000001b7a23a8b40, 0x000001b7a23a9310, 0x000001b7a23ae900, 0x000001b7a23ae130,
0x000001b7a23af8a0, 0x000001b7a3391e80, 0x000001b7a3392650, 0x000001b7a33935f0,
0x000001b7a3390ee0, 0x000001b7a33964d0, 0x000001b7a3394590, 0x000001b7a3395530,
0x000001b7a3398be0, 0x000001b7a339a350, 0x000001b7a3396ca0, 0x000001b7a339ab20,
0x000001b7a339b2f0, 0x000001b7a3399b80, 0x000001b7a339e1d0, 0x000001b7a339e9a0,
0x000001b7a33a0110, 0x000001b7a23fada0, 0x000001b7a23f9e00, 0x000001b7a23fa5d0,
0x000001b7a23fcce0, 0x000001b7a2400b60, 0x000001b7a2400390, 0x000001b7a23ffbc0,
0x000001b7a2401330, 0x000001b7a24022d0, 0x000001b7a2402aa0, 0x000001b7a2404210,
0x000001b7a2405980, 0x000001b7a2403270, 0x000001b7a24078c0, 0x000001b7a24051b0,
0x000001b7a2408860, 0x000001b7fe1c02b0, 0x000001b7fe1bfae0, 0x000001b7fe1bdba0,
0x000001b7fe1be370, 0x000001b7fe1beb40, 0x000001b7fe1c50d0, 0x000001b7fe1c6070,
0x000001b7fe1c29c0, 0x000001b7fe1c6840, 0x000001b7fe1c9ef0, 0x000001b7fe1c7fb0,
0x000001b7fe1ca6c0, 0x000001b7fe1c7010, 0x000001b7fe1cb660, 0x000001b7fe1c8780,
0x000001b7fe1ccdd0, 0x000001b7a36476f0, 0x000001b7a3648690, 0x000001b7a3646750,
0x000001b7a3648e60, 0x000001b7a3649630, 0x000001b7a364bd40, 0x000001b7a364cce0,
0x000001b7a364b570, 0x000001b7a364d4b0, 0x000001b7a3650390, 0x000001b7a3650b60,
0x000001b7a3651330, 0x000001b7a3652aa0, 0x000001b7a364f3f0, 0x000001b7a3653270,
0x000001b7a097dfb0, 0x000001b7a097ef50, 0x000001b7a097fef0, 0x000001b7a097d010,
0x000001b7a097d7e0, 0x000001b7a0984540, 0x000001b7a0982dd0, 0x000001b7a0982600,
0x000001b7a09854e0, 0x000001b7a0983d70, 0x000001b7a0986c50, 0x000001b7a0987bf0,
0x000001b7a098a300, 0x000001b7a0988b90, 0x000001b7a098b2a0, 0x000001b7a098c240,
0x000001b7a0990890, 0x000001b7a098d1e0, 0x000001b7a098f120, 0x000001b7a0991060,
0x000001b7a098f8f0, 0x000001b7a0992000, 0x000001b7a098e950, 0x000001b7a0995e80,
0x000001b7a0992fa0, 0x000001b7a09927d0, 0x000001b7a0996e20, 0x000001b7a0997dc0,
0x000001b7a0999530, 0x000001b7a099aca0, 0x000001b7a099b470, 0x000001b7a099c410,
0x000001b7a3403cd0, 0x000001b7a3405c10, 0x000001b7a3407b50, 0x000001b7a3407380,
0x000001b7a34063e0, 0x000001b7a340b200, 0x000001b7a340aa30, 0x000001b7a3408320,
0x000001b7a340e0e0, 0x000001b7a340e8b0, 0x000001b7a340c1a0, 0x000001b7a340c970,
0x000001b7a3411790, 0x000001b7a3412730, 0x000001b7a34107f0, 0x000001b7a34136d0,
0x000001b7a3414e40, 0x000001b7a3413ea0, 0x000001b7a3417550, 0x000001b7a34184f0,
0x000001b7a3415610, 0x000001b7a3415de0, 0x000001b7a341d310, 0x000001b7a3419c60,
0x000001b7a341bba0, 0x000001b7a341dae0, 0x000001b7a341a430, 0x000001b7a341e2b0,
0x000001b7a341f250, 0x000001b7a341fa20, 0x000001b7a3422130, 0x000001b7a34209c0,
0x000001b7a3ee8eb0, 0x000001b7a3eec560, 0x000001b7a3ee9680, 0x000001b7a3eed500,
0x000001b7a3eedcd0, 0x000001b7a3ef03e0, 0x000001b7a3eefc10, 0x000001b7a3eee4a0,
0x000001b7a3eeec70, 0x000001b7a3ef61a0, 0x000001b7a3ef5200, 0x000001b7a3ef3a90,
0x000001b7a3ef2af0, 0x000001b7a3ef32c0, 0x000001b7a3ef7910, 0x000001b7a3ef80e0,
0x000001b7a3ef88b0, 0x000001b7a3ef7140, 0x000001b7a3efe670, 0x000001b7a3efcf00,
0x000001b7a3efd6d0, 0x000001b7a3efafc0, 0x000001b7a3f024f0, 0x000001b7a3f005b0,
0x000001b7a3f02cc0, 0x000001b7a3f03490, 0x000001b7a3f00d80, 0x000001b7a3f04c00,
0x000001b7a3f07310, 0x000001b7a3f05ba0, 0x000001b7a3f06370, 0x000001b7a3f082b0,
0x000001b7a3c15fe0, 0x000001b7a3c12930, 0x000001b7a3c138d0, 0x000001b7a3c13100,
0x000001b7a3c17750, 0x000001b7a3c140a0, 0x000001b7a3c1b5d0, 0x000001b7a3c17f20,
0x000001b7a3c1c570, 0x000001b7a3c1cd40, 0x000001b7a3c203f0, 0x000001b7a3c1ec80,
0x000001b7a3c1fc20, 0x000001b7a3c22330, 0x000001b7a3c1f450, 0x000001b7a3c21390,
0x000001b7a3c21b60, 0x000001b7a3c261b0, 0x000001b7a3c24a40, 0x000001b7a3c232d0,
0x000001b7a3c2a800, 0x000001b7a3c27920, 0x000001b7a3c29860, 0x000001b7a3c2afd0,
0x000001b7a3c280f0, 0x000001b7a3c288c0, 0x000001b7a3c2deb0, 0x000001b7a3c2d6e0,
0x000001b7a3c2f620, 0x000001b7a3c2c740, 0x000001b7a3c305c0, 0x000001b7a3c31d30,
0x000001b7a41f27a0, 0x000001b7a41f1030, 0x000001b7a41f1fd0, 0x000001b7a41f5e50,
0x000001b7a41f2f70, 0x000001b7a41f75c0, 0x000001b7a41fb440, 0x000001b7a41fa4a0,
0x000001b7a41f7d90, 0x000001b7a41f8560, 0x000001b7a41fcbb0, 0x000001b7a41f9500,
0x000001b7a41feaf0, 0x000001b7a4200a30, 0x000001b7a41fd380, 0x000001b7a42021a0,
0x000001b7a4200260, 0x000001b7a42040e0, 0x000001b7a42048b0, 0x000001b7a4205080,
0x000001b7a4208730, 0x000001b7a4208f00, 0x000001b7a4205850, 0x000001b7a4206020,
0x000001b7a4206fc0, 0x000001b7a420a670, 0x000001b7a420dd20, 0x000001b7a420c5b0,
0x000001b7a420ae40, 0x000001b7a420fc60, 0x000001b7a420f490, 0x000001b7a4210430,
0x000001b7a4212370, 0x000001b7a4211ba0, 0x000001b7a4213310, 0x000001b7a4210c00,
0x000001b7a4218900, 0x000001b7a4218130, 0x000001b7a4217190, 0x000001b7a421a070,
0x000001b7a421a840, 0x000001b7a4217960, 0x000001b7a421def0, 0x000001b7a421cf50,
0x000001b7a421e6c0, 0x000001b7a421b7e0, 0x000001b7a421fe30, 0x000001b7a4221d70,
0x000001b7a4222d10, 0x000001b7a42234e0, 0x000001b7a4224480, 0x000001b7a4224c50,
0x000001b7a4227b30, 0x000001b7a4228ad0, 0x000001b7a4225420, 0x000001b7a4225bf0,
0x000001b7a422b1e0, 0x000001b7a422b9b0, 0x000001b7a422d120, 0x000001b7a422d8f0,
0x000001b7a422e0c0, 0x000001b7a422e890, 0x000001b7a4230000, 0x000001b7a42307d0,
0x000001b7a42ee380, 0x000001b7a42ef320, 0x000001b7a42f1a30, 0x000001b7a42f77f0,
0x000001b7a42fb670, 0x000001b7a42fe550, 0x000001b7a4301430, 0x000001b7a43023d0,
0x000001b7a42fed20, 0x000001b7a4303b40, 0x000001b7a43052b0, 0x000001b7a4304ae0,
0x000001b7a4306a20, 0x000001b7a4309900, 0x000001b7a430a0d0, 0x000001b7a430a8a0,
0x000001b7a430b070, 0x000001b7a4308960, 0x000001b7a430c7e0, 0x000001b7a430cfb0,
0x000001b7a430d780, 0x000001b7a42cef80, 0x000001b7a42d2630, 0x000001b7a42cf750,
0x000001b7a42d06f0, 0x000001b7a42cff20, 0x000001b7a42d4570, 0x000001b7a42d1690,
0x000001b7a42d64b0, 0x000001b7a42d7c20, 0x000001b7a42d83f0, 0x000001b7a42d9390,
0x000001b7a42db2d0, 0x000001b7a42da330, 0x000001b7a42dd210, 0x000001b7a42de980,
0x000001b7a42de1b0, 0x000001b7a42df150, 0x000001b7a42e00f0, 0x000001b7a42e2030,
0x000001b7a42e1090, 0x000001b7a42e4f10, 0x000001b7a42e2800, 0x000001b7a42e2fd0,
0x000001b7a42e6e50, 0x000001b7a42e7620, 0x000001b7a42eb4a0, 0x000001b7a42ea500,
0x000001b7a42eacd0, 0x000001b7a42e9d30, 0x000001b7a42ecc10, 0x000001b7a42ed3e0,
0x000001b7a42ec440, 0x000001b7a24bb860, 0x000001b7aa6da380, 0x000001b7aa6dca90,
0x000001b7aa6dda30, 0x000001b7aa6dbaf0, 0x000001b7aa6df1a0, 0x000001b7aa6dc2c0,
0x000001b7aa6e0910, 0x000001b7aa6e3020, 0x000001b7aa6e2080, 0x000001b7aa6e18b0,
0x000001b7aa6e6ea0, 0x000001b7aa6e5730, 0x000001b7aa6e37f0, 0x000001b7aa6e3fc0,
0x000001b7aa6e95b0, 0x000001b7aa6ea550, 0x000001b7aa6eeba0, 0x000001b7aa6ee3d0,
0x000001b7aa6ef370, 0x000001b7aa6ecc60, 0x000001b7aa6f0310, 0x000001b7aa6ed430,
0x000001b7aa6f31f0, 0x000001b7aa6f1a80, 0x000001b7aa6f2250, 0x000001b7aa6fa720,
0x000001b7aac3cdf0, 0x000001b7a42ab190, 0x000001b7aaca1700, 0x000001b7adc6f7a0,
0x000001b7aa26bfa0, 0x000001b7a1632490, 0x000001b7acdbf660, 0x000001b7a3762880,
0x000001b7a3b895e0, 0x000001b7abbf6b90, 0x000001b7a33e9f50
}

Java Threads: ( => current thread )
  0x000001b7e6ed9080 JavaThread "main"                              [_thread_blocked, id=44560, stack(0x00000089a0800000,0x00000089a0900000) (1024K)]
  0x000001b7f976a750 JavaThread "Common-Cleaner"             daemon [_thread_blocked, id=36696, stack(0x00000089a1000000,0x00000089a1100000) (1024K)]
  0x000001b7f97ac7a0 JavaThread "Reference Handler"          daemon [_thread_blocked, id=10016, stack(0x00000089a1100000,0x00000089a1200000) (1024K)]
  0x000001b7f97ad210 JavaThread "Finalizer"                  daemon [_thread_blocked, id=47548, stack(0x00000089a1200000,0x00000089a1300000) (1024K)]
  0x000001b7f976d5c0 JavaThread "Signal Dispatcher"          daemon [_thread_blocked, id=28512, stack(0x00000089a1300000,0x00000089a1400000) (1024K)]
  0x000001b7f976dd80 JavaThread "Attach Listener"            daemon [_thread_blocked, id=19944, stack(0x00000089a1400000,0x00000089a1500000) (1024K)]
  0x000001b7f976e940 JavaThread "Service Thread"             daemon [_thread_blocked, id=13900, stack(0x00000089a1500000,0x00000089a1600000) (1024K)]
  0x000001b7f9782f20 JavaThread "Monitor Deflation Thread"   daemon [_thread_blocked, id=34876, stack(0x00000089a1600000,0x00000089a1700000) (1024K)]
  0x000001b7f9787b00 JavaThread "C2 CompilerThread0"         daemon [_thread_in_native, id=35624, stack(0x00000089a1700000,0x00000089a1800000) (1024K)]
  0x000001b7f97d7e90 JavaThread "C1 CompilerThread0"         daemon [_thread_blocked, id=19120, stack(0x00000089a1800000,0x00000089a1900000) (1024K)]
  0x000001b7fe05da80 JavaThread "Notification Thread"        daemon [_thread_blocked, id=38772, stack(0x00000089a1a00000,0x00000089a1b00000) (1024K)]
  0x000001b7a06c9450 JavaThread "Daemon health stats"               [_thread_blocked, id=15156, stack(0x00000089a2c00000,0x00000089a2d00000) (1024K)]
  0x000001b7a131a910 JavaThread "Incoming local TCP Connector on port 53643"        [_thread_in_native, id=15208, stack(0x00000089a2e00000,0x00000089a2f00000) (1024K)]
  0x000001b7a17eb3c0 JavaThread "Daemon periodic checks"            [_thread_blocked, id=45376, stack(0x00000089a2f00000,0x00000089a3000000) (1024K)]
  0x000001b7ff258590 JavaThread "Daemon"                            [_thread_blocked, id=47392, stack(0x00000089a3000000,0x00000089a3100000) (1024K)]
  0x000001b7ff25d2e0 JavaThread "Handler for socket connection from /127.0.0.1:53643 to /127.0.0.1:53644"        [_thread_in_native, id=45388, stack(0x00000089a3100000,0x00000089a3200000) (1024K)]
  0x000001b7a11ffb10 JavaThread "Cancel handler"                    [_thread_blocked, id=43636, stack(0x00000089a3200000,0x00000089a3300000) (1024K)]
  0x000001b7a1200ab0 JavaThread "Daemon worker"                     [_thread_blocked, id=42220, stack(0x00000089a3300000,0x00000089a3400000) (1024K)]
  0x000001b7a1201a50 JavaThread "Asynchronous log dispatcher for DefaultDaemonConnection: socket connection from /127.0.0.1:53643 to /127.0.0.1:53644"        [_thread_blocked, id=39324, stack(0x00000089a3400000,0x00000089a3500000) (1024K)]
  0x000001b7a11ff340 JavaThread "Stdin handler"                     [_thread_blocked, id=7128, stack(0x00000089a3500000,0x00000089a3600000) (1024K)]
  0x000001b7a1205100 JavaThread "Daemon client event forwarder"        [_thread_blocked, id=9308, stack(0x00000089a3600000,0x00000089a3700000) (1024K)]
  0x000001b7ff493680 JavaThread "Cache worker for journal cache (C:\Users\Lambert 2\.gradle\caches\journal-1)"        [_thread_blocked, id=23760, stack(0x00000089a4600000,0x00000089a4700000) (1024K)]
  0x000001b7ff4907a0 JavaThread "File lock request listener"        [_thread_in_native, id=44220, stack(0x00000089a4700000,0x00000089a4800000) (1024K)]
  0x000001b7a177ce20 JavaThread "Cache worker for file hash cache (C:\Users\Lambert 2\.gradle\caches\9.1.0\fileHashes)"        [_thread_blocked, id=42584, stack(0x00000089a4800000,0x00000089a4900000) (1024K)]
  0x000001b7a177d5f0 JavaThread "Cache worker for file hash cache (C:\Users\Lambert 2\Desktop\cicloplus_app\android\.gradle\9.1.0\fileHashes)"        [_thread_blocked, id=18908, stack(0x00000089a4a00000,0x00000089a4b00000) (1024K)]
  0x000001b7a177e590 JavaThread "Cache worker for Build Output Cleanup Cache (C:\Users\Lambert 2\Desktop\cicloplus_app\android\.gradle\buildOutputCleanup)"        [_thread_blocked, id=30048, stack(0x00000089a4b00000,0x00000089a4c00000) (1024K)]
  0x000001b7a177b6b0 JavaThread "File watcher server"        daemon [_thread_in_native, id=42600, stack(0x00000089a1900000,0x00000089a1a00000) (1024K)]
  0x000001b7a177fd00 JavaThread "File watcher consumer"      daemon [_thread_blocked, id=37220, stack(0x00000089a1b00000,0x00000089a1c00000) (1024K)]
  0x000001b7a1781470 JavaThread "Cache worker for checksums cache (C:\Users\Lambert 2\Desktop\cicloplus_app\android\.gradle\9.1.0\checksums)"        [_thread_blocked, id=47708, stack(0x00000089a1c00000,0x00000089a1d00000) (1024K)]
  0x000001b7a05b8680 JavaThread "C1 CompilerThread1"         daemon [_thread_blocked, id=47876, stack(0x00000089a1d00000,0x00000089a1e00000) (1024K)]
  0x000001b7f97da700 JavaThread "Cache worker for file content cache (C:\Users\Lambert 2\.gradle\caches\9.1.0\fileContent)"        [_thread_blocked, id=45788, stack(0x00000089a1e00000,0x00000089a1f00000) (1024K)]
  0x000001b7a05b8e90 JavaThread "C1 CompilerThread2"         daemon [_thread_blocked, id=45184, stack(0x00000089a1f00000,0x00000089a2000000) (1024K)]
  0x000001b7fedf64a0 JavaThread "Cache worker for cache directory md-supplier (C:\Users\Lambert 2\.gradle\caches\9.1.0\md-supplier)"        [_thread_blocked, id=29636, stack(0x00000089a4d00000,0x00000089a4e00000) (1024K)]
  0x000001b7a1e7adc0 JavaThread "Cache worker for cache directory md-rule (C:\Users\Lambert 2\.gradle\caches\9.1.0\md-rule)"        [_thread_blocked, id=43040, stack(0x00000089a4e00000,0x00000089a4f00000) (1024K)]
  0x000001b7a1e79e20 JavaThread "Cache worker for Build Output Cleanup Cache (C:\Users\Lambert 2\Desktop\src\flutter\packages\flutter_tools\gradle\.gradle\buildOutputCleanup)"        [_thread_blocked, id=43660, stack(0x00000089a4f00000,0x00000089a5000000) (1024K)]
  0x000001b7a24b9150 JavaThread "Unconstrained build operations"        [_thread_blocked, id=10876, stack(0x00000089a5100000,0x00000089a5200000) (1024K)]
  0x000001b7a24bdf70 JavaThread "Unconstrained build operations Thread 2"        [_thread_blocked, id=36872, stack(0x00000089a5200000,0x00000089a5300000) (1024K)]
  0x000001b7a24bcfd0 JavaThread "Unconstrained build operations Thread 3"        [_thread_blocked, id=15204, stack(0x00000089a5300000,0x00000089a5400000) (1024K)]
  0x000001b7a24be740 JavaThread "Unconstrained build operations Thread 4"        [_thread_blocked, id=39992, stack(0x00000089a5400000,0x00000089a5500000) (1024K)]
  0x000001b7a24bef10 JavaThread "Unconstrained build operations Thread 5"        [_thread_blocked, id=39000, stack(0x00000089a5500000,0x00000089a5600000) (1024K)]
  0x000001b7a24bf6e0 JavaThread "Unconstrained build operations Thread 6"        [_thread_blocked, id=40500, stack(0x00000089a5600000,0x00000089a5700000) (1024K)]
  0x000001b7a24c0680 JavaThread "Unconstrained build operations Thread 7"        [_thread_blocked, id=26816, stack(0x00000089a5700000,0x00000089a5800000) (1024K)]
  0x000001b7a2ce2790 JavaThread "Unconstrained build operations Thread 8"        [_thread_blocked, id=44280, stack(0x00000089a5800000,0x00000089a5900000) (1024K)]
  0x000001b7a2ce1020 JavaThread "Unconstrained build operations Thread 9"        [_thread_blocked, id=23840, stack(0x00000089a5900000,0x00000089a5a00000) (1024K)]
  0x000001b7a2ce4ea0 JavaThread "Unconstrained build operations Thread 10"        [_thread_blocked, id=37896, stack(0x00000089a5a00000,0x00000089a5b00000) (1024K)]
  0x000001b7a2ce3730 JavaThread "Unconstrained build operations Thread 11"        [_thread_blocked, id=41612, stack(0x00000089a5b00000,0x00000089a5c00000) (1024K)]
  0x000001b7a2ce7d80 JavaThread "Unconstrained build operations Thread 12"        [_thread_blocked, id=18748, stack(0x00000089a5c00000,0x00000089a5d00000) (1024K)]
  0x000001b7a2ce8550 JavaThread "Unconstrained build operations Thread 13"        [_thread_blocked, id=47012, stack(0x00000089a5d00000,0x00000089a5e00000) (1024K)]
  0x000001b7a2ce6610 JavaThread "Unconstrained build operations Thread 14"        [_thread_blocked, id=40636, stack(0x00000089a5e00000,0x00000089a5f00000) (1024K)]
  0x000001b7a2ce5e40 JavaThread "Unconstrained build operations Thread 15"        [_thread_blocked, id=44004, stack(0x00000089a5f00000,0x00000089a6000000) (1024K)]
  0x000001b7fe48e1c0 JavaThread "Unconstrained build operations Thread 16"        [_thread_blocked, id=46720, stack(0x00000089a6000000,0x00000089a6100000) (1024K)]
  0x000001b7fe48e990 JavaThread "Unconstrained build operations Thread 17"        [_thread_blocked, id=39956, stack(0x00000089a6100000,0x00000089a6200000) (1024K)]
  0x000001b7fe48bab0 JavaThread "Unconstrained build operations Thread 18"        [_thread_blocked, id=40136, stack(0x00000089a6200000,0x00000089a6300000) (1024K)]
  0x000001b7fe48d220 JavaThread "Unconstrained build operations Thread 19"        [_thread_blocked, id=9276, stack(0x00000089a6300000,0x00000089a6400000) (1024K)]
  0x000001b7fe4921d0 JavaThread "Unconstrained build operations Thread 20"        [_thread_blocked, id=44204, stack(0x00000089a6400000,0x00000089a6500000) (1024K)]
  0x000001b7fe4929a0 JavaThread "Unconstrained build operations Thread 21"        [_thread_blocked, id=41796, stack(0x00000089a6500000,0x00000089a6600000) (1024K)]
  0x000001b7fe48fac0 JavaThread "Unconstrained build operations Thread 22"        [_thread_blocked, id=31304, stack(0x00000089a6600000,0x00000089a6700000) (1024K)]
  0x000001b7a23aa2b0 JavaThread "Unconstrained build operations Thread 23"        [_thread_blocked, id=44548, stack(0x00000089a6700000,0x00000089a6800000) (1024K)]
  0x000001b7a23aaa80 JavaThread "Unconstrained build operations Thread 24"        [_thread_blocked, id=34956, stack(0x00000089a6800000,0x00000089a6900000) (1024K)]
  0x000001b7a23aba20 JavaThread "Unconstrained build operations Thread 25"        [_thread_blocked, id=41628, stack(0x00000089a6900000,0x00000089a6a00000) (1024K)]
  0x000001b7a23a8b40 JavaThread "Unconstrained build operations Thread 26"        [_thread_blocked, id=36340, stack(0x00000089a6a00000,0x00000089a6b00000) (1024K)]
  0x000001b7a23a9310 JavaThread "Unconstrained build operations Thread 27"        [_thread_blocked, id=12612, stack(0x00000089a6b00000,0x00000089a6c00000) (1024K)]
  0x000001b7a23ae900 JavaThread "Unconstrained build operations Thread 28"        [_thread_blocked, id=38600, stack(0x00000089a6c00000,0x00000089a6d00000) (1024K)]
  0x000001b7a23ae130 JavaThread "Unconstrained build operations Thread 29"        [_thread_blocked, id=28816, stack(0x00000089a6d00000,0x00000089a6e00000) (1024K)]
  0x000001b7a23af8a0 JavaThread "Unconstrained build operations Thread 30"        [_thread_blocked, id=24152, stack(0x00000089a6e00000,0x00000089a6f00000) (1024K)]
  0x000001b7a3391e80 JavaThread "Unconstrained build operations Thread 31"        [_thread_blocked, id=27768, stack(0x00000089a6f00000,0x00000089a7000000) (1024K)]
  0x000001b7a3392650 JavaThread "Unconstrained build operations Thread 32"        [_thread_blocked, id=12508, stack(0x00000089a7000000,0x00000089a7100000) (1024K)]
  0x000001b7a33935f0 JavaThread "Unconstrained build operations Thread 33"        [_thread_blocked, id=12404, stack(0x00000089a7100000,0x00000089a7200000) (1024K)]
  0x000001b7a3390ee0 JavaThread "Unconstrained build operations Thread 34"        [_thread_blocked, id=30388, stack(0x00000089a7200000,0x00000089a7300000) (1024K)]
  0x000001b7a33964d0 JavaThread "Unconstrained build operations Thread 35"        [_thread_blocked, id=36332, stack(0x00000089a7300000,0x00000089a7400000) (1024K)]
  0x000001b7a3394590 JavaThread "Unconstrained build operations Thread 36"        [_thread_blocked, id=44624, stack(0x00000089a7400000,0x00000089a7500000) (1024K)]
  0x000001b7a3395530 JavaThread "Unconstrained build operations Thread 37"        [_thread_blocked, id=35008, stack(0x00000089a7500000,0x00000089a7600000) (1024K)]
  0x000001b7a3398be0 JavaThread "Unconstrained build operations Thread 38"        [_thread_blocked, id=40424, stack(0x00000089a7600000,0x00000089a7700000) (1024K)]
  0x000001b7a339a350 JavaThread "Unconstrained build operations Thread 39"        [_thread_blocked, id=28924, stack(0x00000089a7700000,0x00000089a7800000) (1024K)]
  0x000001b7a3396ca0 JavaThread "Unconstrained build operations Thread 40"        [_thread_blocked, id=44664, stack(0x00000089a7800000,0x00000089a7900000) (1024K)]
  0x000001b7a339ab20 JavaThread "Unconstrained build operations Thread 41"        [_thread_blocked, id=42988, stack(0x00000089a7900000,0x00000089a7a00000) (1024K)]
  0x000001b7a339b2f0 JavaThread "Unconstrained build operations Thread 42"        [_thread_blocked, id=41588, stack(0x00000089a7a00000,0x00000089a7b00000) (1024K)]
  0x000001b7a3399b80 JavaThread "Unconstrained build operations Thread 43"        [_thread_blocked, id=38876, stack(0x00000089a7b00000,0x00000089a7c00000) (1024K)]
  0x000001b7a339e1d0 JavaThread "Unconstrained build operations Thread 44"        [_thread_blocked, id=11920, stack(0x00000089a7c00000,0x00000089a7d00000) (1024K)]
  0x000001b7a339e9a0 JavaThread "Unconstrained build operations Thread 45"        [_thread_blocked, id=38380, stack(0x00000089a7d00000,0x00000089a7e00000) (1024K)]
  0x000001b7a33a0110 JavaThread "Unconstrained build operations Thread 46"        [_thread_blocked, id=45824, stack(0x00000089a7e00000,0x00000089a7f00000) (1024K)]
  0x000001b7a23fada0 JavaThread "Unconstrained build operations Thread 47"        [_thread_blocked, id=33872, stack(0x00000089a7f00000,0x00000089a8000000) (1024K)]
  0x000001b7a23f9e00 JavaThread "Unconstrained build operations Thread 48"        [_thread_blocked, id=4252, stack(0x00000089a8000000,0x00000089a8100000) (1024K)]
  0x000001b7a23fa5d0 JavaThread "Unconstrained build operations Thread 49"        [_thread_blocked, id=24468, stack(0x00000089a8100000,0x00000089a8200000) (1024K)]
  0x000001b7a23fcce0 JavaThread "Unconstrained build operations Thread 50"        [_thread_blocked, id=44336, stack(0x00000089a8200000,0x00000089a8300000) (1024K)]
  0x000001b7a2400b60 JavaThread "Unconstrained build operations Thread 51"        [_thread_blocked, id=33396, stack(0x00000089a8300000,0x00000089a8400000) (1024K)]
  0x000001b7a2400390 JavaThread "Unconstrained build operations Thread 52"        [_thread_blocked, id=40116, stack(0x00000089a8400000,0x00000089a8500000) (1024K)]
  0x000001b7a23ffbc0 JavaThread "Unconstrained build operations Thread 53"        [_thread_blocked, id=45972, stack(0x00000089a8500000,0x00000089a8600000) (1024K)]
  0x000001b7a2401330 JavaThread "Unconstrained build operations Thread 54"        [_thread_blocked, id=15468, stack(0x00000089a8600000,0x00000089a8700000) (1024K)]
  0x000001b7a24022d0 JavaThread "Unconstrained build operations Thread 55"        [_thread_blocked, id=3192, stack(0x00000089a8700000,0x00000089a8800000) (1024K)]
  0x000001b7a2402aa0 JavaThread "Unconstrained build operations Thread 56"        [_thread_blocked, id=45144, stack(0x00000089a8800000,0x00000089a8900000) (1024K)]
  0x000001b7a2404210 JavaThread "Unconstrained build operations Thread 57"        [_thread_blocked, id=13632, stack(0x00000089a8900000,0x00000089a8a00000) (1024K)]
  0x000001b7a2405980 JavaThread "Unconstrained build operations Thread 58"        [_thread_blocked, id=44344, stack(0x00000089a8a00000,0x00000089a8b00000) (1024K)]
  0x000001b7a2403270 JavaThread "Unconstrained build operations Thread 59"        [_thread_blocked, id=8544, stack(0x00000089a8b00000,0x00000089a8c00000) (1024K)]
  0x000001b7a24078c0 JavaThread "Unconstrained build operations Thread 60"        [_thread_blocked, id=2392, stack(0x00000089a8c00000,0x00000089a8d00000) (1024K)]
  0x000001b7a24051b0 JavaThread "Unconstrained build operations Thread 61"        [_thread_blocked, id=4916, stack(0x00000089a8d00000,0x00000089a8e00000) (1024K)]
  0x000001b7a2408860 JavaThread "Unconstrained build operations Thread 62"        [_thread_blocked, id=41944, stack(0x00000089a8e00000,0x00000089a8f00000) (1024K)]
  0x000001b7fe1c02b0 JavaThread "Unconstrained build operations Thread 63"        [_thread_blocked, id=14060, stack(0x00000089a8f00000,0x00000089a9000000) (1024K)]
  0x000001b7fe1bfae0 JavaThread "Unconstrained build operations Thread 64"        [_thread_blocked, id=24544, stack(0x00000089a9000000,0x00000089a9100000) (1024K)]
  0x000001b7fe1bdba0 JavaThread "Unconstrained build operations Thread 65"        [_thread_blocked, id=42592, stack(0x00000089a9100000,0x00000089a9200000) (1024K)]
  0x000001b7fe1be370 JavaThread "Unconstrained build operations Thread 66"        [_thread_blocked, id=45192, stack(0x00000089a9200000,0x00000089a9300000) (1024K)]
  0x000001b7fe1beb40 JavaThread "Unconstrained build operations Thread 67"        [_thread_blocked, id=33900, stack(0x00000089a9300000,0x00000089a9400000) (1024K)]
  0x000001b7fe1c50d0 JavaThread "Unconstrained build operations Thread 68"        [_thread_blocked, id=6468, stack(0x00000089a9400000,0x00000089a9500000) (1024K)]
  0x000001b7fe1c6070 JavaThread "Unconstrained build operations Thread 69"        [_thread_blocked, id=16244, stack(0x00000089a9500000,0x00000089a9600000) (1024K)]
  0x000001b7fe1c29c0 JavaThread "Unconstrained build operations Thread 70"        [_thread_blocked, id=38028, stack(0x00000089a9600000,0x00000089a9700000) (1024K)]
  0x000001b7fe1c6840 JavaThread "Unconstrained build operations Thread 71"        [_thread_blocked, id=14860, stack(0x00000089a9700000,0x00000089a9800000) (1024K)]
  0x000001b7fe1c9ef0 JavaThread "Unconstrained build operations Thread 72"        [_thread_blocked, id=1712, stack(0x00000089a9800000,0x00000089a9900000) (1024K)]
  0x000001b7fe1c7fb0 JavaThread "Unconstrained build operations Thread 73"        [_thread_blocked, id=41040, stack(0x00000089a9900000,0x00000089a9a00000) (1024K)]
  0x000001b7fe1ca6c0 JavaThread "Unconstrained build operations Thread 74"        [_thread_blocked, id=40096, stack(0x00000089a9a00000,0x00000089a9b00000) (1024K)]
  0x000001b7fe1c7010 JavaThread "Unconstrained build operations Thread 75"        [_thread_blocked, id=43964, stack(0x00000089a9b00000,0x00000089a9c00000) (1024K)]
  0x000001b7fe1cb660 JavaThread "Unconstrained build operations Thread 76"        [_thread_blocked, id=45032, stack(0x00000089a9c00000,0x00000089a9d00000) (1024K)]
  0x000001b7fe1c8780 JavaThread "Unconstrained build operations Thread 77"        [_thread_blocked, id=33536, stack(0x00000089a9d00000,0x00000089a9e00000) (1024K)]
  0x000001b7fe1ccdd0 JavaThread "Unconstrained build operations Thread 78"        [_thread_blocked, id=38480, stack(0x00000089a9e00000,0x00000089a9f00000) (1024K)]
  0x000001b7a36476f0 JavaThread "Unconstrained build operations Thread 79"        [_thread_blocked, id=7904, stack(0x00000089a9f00000,0x00000089aa000000) (1024K)]
  0x000001b7a3648690 JavaThread "Unconstrained build operations Thread 80"        [_thread_blocked, id=26136, stack(0x00000089aa000000,0x00000089aa100000) (1024K)]
  0x000001b7a3646750 JavaThread "Unconstrained build operations Thread 81"        [_thread_blocked, id=44444, stack(0x00000089aa100000,0x00000089aa200000) (1024K)]
  0x000001b7a3648e60 JavaThread "Unconstrained build operations Thread 82"        [_thread_blocked, id=9288, stack(0x00000089aa200000,0x00000089aa300000) (1024K)]
  0x000001b7a3649630 JavaThread "Unconstrained build operations Thread 83"        [_thread_blocked, id=15120, stack(0x00000089aa300000,0x00000089aa400000) (1024K)]
  0x000001b7a364bd40 JavaThread "Unconstrained build operations Thread 84"        [_thread_blocked, id=44316, stack(0x00000089aa400000,0x00000089aa500000) (1024K)]
  0x000001b7a364cce0 JavaThread "Unconstrained build operations Thread 85"        [_thread_blocked, id=46032, stack(0x00000089aa500000,0x00000089aa600000) (1024K)]
  0x000001b7a364b570 JavaThread "Unconstrained build operations Thread 86"        [_thread_blocked, id=26780, stack(0x00000089aa600000,0x00000089aa700000) (1024K)]
  0x000001b7a364d4b0 JavaThread "Unconstrained build operations Thread 87"        [_thread_blocked, id=45660, stack(0x00000089aa700000,0x00000089aa800000) (1024K)]
  0x000001b7a3650390 JavaThread "Memory manager"                    [_thread_blocked, id=42304, stack(0x00000089aac00000,0x00000089aad00000) (1024K)]
  0x000001b7a3650b60 JavaThread "build event listener"              [_thread_blocked, id=44616, stack(0x00000089aaa00000,0x00000089aab00000) (1024K)]
  0x000001b7a3651330 JavaThread "included builds"                   [_thread_blocked, id=41124, stack(0x00000089aa900000,0x00000089aaa00000) (1024K)]
  0x000001b7a3652aa0 JavaThread "Execution worker"                  [_thread_blocked, id=6084, stack(0x00000089aab00000,0x00000089aac00000) (1024K)]
  0x000001b7a364f3f0 JavaThread "Execution worker Thread 2"         [_thread_blocked, id=3340, stack(0x00000089aad00000,0x00000089aae00000) (1024K)]
  0x000001b7a3653270 JavaThread "Execution worker Thread 3"         [_thread_blocked, id=39244, stack(0x00000089aae00000,0x00000089aaf00000) (1024K)]
  0x000001b7a097dfb0 JavaThread "Execution worker Thread 4"         [_thread_blocked, id=8760, stack(0x00000089aaf00000,0x00000089ab000000) (1024K)]
  0x000001b7a097ef50 JavaThread "Execution worker Thread 5"         [_thread_blocked, id=47000, stack(0x00000089ab000000,0x00000089ab100000) (1024K)]
  0x000001b7a097fef0 JavaThread "Execution worker Thread 6"         [_thread_blocked, id=42436, stack(0x00000089ab100000,0x00000089ab200000) (1024K)]
  0x000001b7a097d010 JavaThread "Execution worker Thread 7"         [_thread_blocked, id=46320, stack(0x00000089ab200000,0x00000089ab300000) (1024K)]
  0x000001b7a097d7e0 JavaThread "Execution worker Thread 8"         [_thread_blocked, id=47472, stack(0x00000089ab300000,0x00000089ab400000) (1024K)]
  0x000001b7a0984540 JavaThread "Execution worker Thread 9"         [_thread_blocked, id=46016, stack(0x00000089ab400000,0x00000089ab500000) (1024K)]
  0x000001b7a0982dd0 JavaThread "Execution worker Thread 10"        [_thread_blocked, id=43984, stack(0x00000089ab500000,0x00000089ab600000) (1024K)]
  0x000001b7a0982600 JavaThread "Execution worker Thread 11"        [_thread_blocked, id=27820, stack(0x00000089ab600000,0x00000089ab700000) (1024K)]
  0x000001b7a09854e0 JavaThread "Execution worker Thread 12"        [_thread_blocked, id=36408, stack(0x00000089ab700000,0x00000089ab800000) (1024K)]
  0x000001b7a0983d70 JavaThread "Execution worker Thread 13"        [_thread_blocked, id=18916, stack(0x00000089ab800000,0x00000089ab900000) (1024K)]
  0x000001b7a0986c50 JavaThread "Execution worker Thread 14"        [_thread_blocked, id=48100, stack(0x00000089ab900000,0x00000089aba00000) (1024K)]
  0x000001b7a0987bf0 JavaThread "Execution worker Thread 15"        [_thread_blocked, id=47656, stack(0x00000089aba00000,0x00000089abb00000) (1024K)]
  0x000001b7a098a300 JavaThread "Execution worker Thread 16"        [_thread_blocked, id=19960, stack(0x00000089abb00000,0x00000089abc00000) (1024K)]
  0x000001b7a0988b90 JavaThread "Execution worker Thread 17"        [_thread_blocked, id=45672, stack(0x00000089abc00000,0x00000089abd00000) (1024K)]
  0x000001b7a098b2a0 JavaThread "Execution worker Thread 18"        [_thread_blocked, id=30072, stack(0x00000089abd00000,0x00000089abe00000) (1024K)]
  0x000001b7a098c240 JavaThread "Execution worker Thread 19"        [_thread_blocked, id=11556, stack(0x00000089abe00000,0x00000089abf00000) (1024K)]
  0x000001b7a0990890 JavaThread "Execution worker Thread 20"        [_thread_blocked, id=42072, stack(0x00000089abf00000,0x00000089ac000000) (1024K)]
  0x000001b7a098d1e0 JavaThread "Execution worker Thread 21"        [_thread_blocked, id=35480, stack(0x00000089ac000000,0x00000089ac100000) (1024K)]
  0x000001b7a098f120 JavaThread "Execution worker Thread 22"        [_thread_blocked, id=14648, stack(0x00000089ac100000,0x00000089ac200000) (1024K)]
  0x000001b7a0991060 JavaThread "Execution worker Thread 23"        [_thread_blocked, id=17340, stack(0x00000089ac200000,0x00000089ac300000) (1024K)]
  0x000001b7a098f8f0 JavaThread "Execution worker Thread 24"        [_thread_blocked, id=19728, stack(0x00000089ac300000,0x00000089ac400000) (1024K)]
  0x000001b7a0992000 JavaThread "Execution worker Thread 25"        [_thread_blocked, id=23528, stack(0x00000089ac400000,0x00000089ac500000) (1024K)]
  0x000001b7a098e950 JavaThread "Execution worker Thread 26"        [_thread_blocked, id=10156, stack(0x00000089ac500000,0x00000089ac600000) (1024K)]
  0x000001b7a0995e80 JavaThread "Execution worker Thread 27"        [_thread_blocked, id=18856, stack(0x00000089ac600000,0x00000089ac700000) (1024K)]
  0x000001b7a0992fa0 JavaThread "Execution worker Thread 28"        [_thread_blocked, id=47456, stack(0x00000089ac700000,0x00000089ac800000) (1024K)]
  0x000001b7a09927d0 JavaThread "Execution worker Thread 29"        [_thread_blocked, id=43920, stack(0x00000089ac800000,0x00000089ac900000) (1024K)]
  0x000001b7a0996e20 JavaThread "Execution worker Thread 30"        [_thread_blocked, id=21680, stack(0x00000089ac900000,0x00000089aca00000) (1024K)]
  0x000001b7a0997dc0 JavaThread "Execution worker Thread 31"        [_thread_blocked, id=34880, stack(0x00000089aca00000,0x00000089acb00000) (1024K)]
  0x000001b7a0999530 JavaThread "Cache worker for execution history cache (C:\Users\Lambert 2\Desktop\src\flutter\packages\flutter_tools\gradle\.gradle\9.1.0\executionHistory)"        [_thread_blocked, id=11636, stack(0x00000089acb00000,0x00000089acc00000) (1024K)]
  0x000001b7a099aca0 JavaThread "Unconstrained build operations Thread 88"        [_thread_blocked, id=4052, stack(0x00000089acc00000,0x00000089acd00000) (1024K)]
  0x000001b7a099b470 JavaThread "Unconstrained build operations Thread 89"        [_thread_blocked, id=39988, stack(0x00000089acd00000,0x00000089ace00000) (1024K)]
  0x000001b7a099c410 JavaThread "Unconstrained build operations Thread 90"        [_thread_blocked, id=26608, stack(0x00000089ace00000,0x00000089acf00000) (1024K)]
  0x000001b7a3403cd0 JavaThread "Unconstrained build operations Thread 91"        [_thread_blocked, id=44420, stack(0x00000089acf00000,0x00000089ad000000) (1024K)]
  0x000001b7a3405c10 JavaThread "Unconstrained build operations Thread 92"        [_thread_blocked, id=47908, stack(0x00000089ad000000,0x00000089ad100000) (1024K)]
  0x000001b7a3407b50 JavaThread "Unconstrained build operations Thread 93"        [_thread_blocked, id=45976, stack(0x00000089ad100000,0x00000089ad200000) (1024K)]
  0x000001b7a3407380 JavaThread "Unconstrained build operations Thread 94"        [_thread_blocked, id=38592, stack(0x00000089ad200000,0x00000089ad300000) (1024K)]
  0x000001b7a34063e0 JavaThread "Unconstrained build operations Thread 95"        [_thread_blocked, id=36504, stack(0x00000089ad300000,0x00000089ad400000) (1024K)]
  0x000001b7a340b200 JavaThread "Unconstrained build operations Thread 96"        [_thread_blocked, id=6552, stack(0x00000089ad400000,0x00000089ad500000) (1024K)]
  0x000001b7a340aa30 JavaThread "Unconstrained build operations Thread 97"        [_thread_blocked, id=40680, stack(0x00000089ad500000,0x00000089ad600000) (1024K)]
  0x000001b7a3408320 JavaThread "Unconstrained build operations Thread 98"        [_thread_blocked, id=9648, stack(0x00000089ad600000,0x00000089ad700000) (1024K)]
  0x000001b7a340e0e0 JavaThread "Unconstrained build operations Thread 99"        [_thread_blocked, id=43608, stack(0x00000089ad700000,0x00000089ad800000) (1024K)]
  0x000001b7a340e8b0 JavaThread "Unconstrained build operations Thread 100"        [_thread_blocked, id=40668, stack(0x00000089ad800000,0x00000089ad900000) (1024K)]
  0x000001b7a340c1a0 JavaThread "Unconstrained build operations Thread 101"        [_thread_blocked, id=47960, stack(0x00000089ad900000,0x00000089ada00000) (1024K)]
  0x000001b7a340c970 JavaThread "Unconstrained build operations Thread 102"        [_thread_blocked, id=8136, stack(0x00000089ada00000,0x00000089adb00000) (1024K)]
  0x000001b7a3411790 JavaThread "Unconstrained build operations Thread 103"        [_thread_blocked, id=41096, stack(0x00000089adb00000,0x00000089adc00000) (1024K)]
  0x000001b7a3412730 JavaThread "Unconstrained build operations Thread 104"        [_thread_blocked, id=47844, stack(0x00000089adc00000,0x00000089add00000) (1024K)]
  0x000001b7a34107f0 JavaThread "Unconstrained build operations Thread 105"        [_thread_blocked, id=41308, stack(0x00000089add00000,0x00000089ade00000) (1024K)]
  0x000001b7a34136d0 JavaThread "Unconstrained build operations Thread 106"        [_thread_blocked, id=11212, stack(0x00000089ade00000,0x00000089adf00000) (1024K)]
  0x000001b7a3414e40 JavaThread "Unconstrained build operations Thread 107"        [_thread_blocked, id=46940, stack(0x00000089adf00000,0x00000089ae000000) (1024K)]
  0x000001b7a3413ea0 JavaThread "Unconstrained build operations Thread 108"        [_thread_blocked, id=39460, stack(0x00000089ae000000,0x00000089ae100000) (1024K)]
  0x000001b7a3417550 JavaThread "Unconstrained build operations Thread 109"        [_thread_blocked, id=27964, stack(0x00000089ae100000,0x00000089ae200000) (1024K)]
  0x000001b7a34184f0 JavaThread "Unconstrained build operations Thread 110"        [_thread_blocked, id=46184, stack(0x00000089ae200000,0x00000089ae300000) (1024K)]
  0x000001b7a3415610 JavaThread "Unconstrained build operations Thread 111"        [_thread_blocked, id=46864, stack(0x00000089ae300000,0x00000089ae400000) (1024K)]
  0x000001b7a3415de0 JavaThread "Unconstrained build operations Thread 112"        [_thread_blocked, id=43728, stack(0x00000089ae400000,0x00000089ae500000) (1024K)]
  0x000001b7a341d310 JavaThread "Unconstrained build operations Thread 113"        [_thread_blocked, id=42200, stack(0x00000089ae500000,0x00000089ae600000) (1024K)]
  0x000001b7a3419c60 JavaThread "Unconstrained build operations Thread 114"        [_thread_blocked, id=13576, stack(0x00000089ae600000,0x00000089ae700000) (1024K)]
  0x000001b7a341bba0 JavaThread "Unconstrained build operations Thread 115"        [_thread_blocked, id=40800, stack(0x00000089ae700000,0x00000089ae800000) (1024K)]
  0x000001b7a341dae0 JavaThread "Unconstrained build operations Thread 116"        [_thread_blocked, id=39944, stack(0x00000089ae800000,0x00000089ae900000) (1024K)]
  0x000001b7a341a430 JavaThread "Unconstrained build operations Thread 117"        [_thread_blocked, id=38168, stack(0x00000089ae900000,0x00000089aea00000) (1024K)]
  0x000001b7a341e2b0 JavaThread "Unconstrained build operations Thread 118"        [_thread_blocked, id=41600, stack(0x00000089aea00000,0x00000089aeb00000) (1024K)]
  0x000001b7a341f250 JavaThread "Unconstrained build operations Thread 119"        [_thread_blocked, id=38804, stack(0x00000089aeb00000,0x00000089aec00000) (1024K)]
  0x000001b7a341fa20 JavaThread "Unconstrained build operations Thread 120"        [_thread_blocked, id=11412, stack(0x00000089aec00000,0x00000089aed00000) (1024K)]
  0x000001b7a3422130 JavaThread "Unconstrained build operations Thread 121"        [_thread_blocked, id=38900, stack(0x00000089aed00000,0x00000089aee00000) (1024K)]
  0x000001b7a34209c0 JavaThread "Unconstrained build operations Thread 122"        [_thread_blocked, id=3144, stack(0x00000089aee00000,0x00000089aef00000) (1024K)]
  0x000001b7a3ee8eb0 JavaThread "Unconstrained build operations Thread 123"        [_thread_blocked, id=37676, stack(0x00000089aef00000,0x00000089af000000) (1024K)]
  0x000001b7a3eec560 JavaThread "Unconstrained build operations Thread 124"        [_thread_blocked, id=7928, stack(0x00000089af000000,0x00000089af100000) (1024K)]
  0x000001b7a3ee9680 JavaThread "Unconstrained build operations Thread 125"        [_thread_blocked, id=3864, stack(0x00000089af100000,0x00000089af200000) (1024K)]
  0x000001b7a3eed500 JavaThread "Unconstrained build operations Thread 126"        [_thread_blocked, id=32748, stack(0x00000089af200000,0x00000089af300000) (1024K)]
  0x000001b7a3eedcd0 JavaThread "Unconstrained build operations Thread 127"        [_thread_blocked, id=40756, stack(0x00000089af300000,0x00000089af400000) (1024K)]
  0x000001b7a3ef03e0 JavaThread "Unconstrained build operations Thread 128"        [_thread_in_Java, id=45124, stack(0x00000089af400000,0x00000089af500000) (1024K)]
  0x000001b7a3eefc10 JavaThread "Unconstrained build operations Thread 129"        [_thread_blocked, id=38672, stack(0x00000089af500000,0x00000089af600000) (1024K)]
  0x000001b7a3eee4a0 JavaThread "Unconstrained build operations Thread 130"        [_thread_blocked, id=25992, stack(0x00000089af600000,0x00000089af700000) (1024K)]
  0x000001b7a3eeec70 JavaThread "Unconstrained build operations Thread 131"        [_thread_blocked, id=44796, stack(0x00000089af700000,0x00000089af800000) (1024K)]
  0x000001b7a3ef61a0 JavaThread "Unconstrained build operations Thread 132"        [_thread_blocked, id=38580, stack(0x00000089af800000,0x00000089af900000) (1024K)]
  0x000001b7a3ef5200 JavaThread "Unconstrained build operations Thread 133"        [_thread_in_Java, id=4964, stack(0x00000089af900000,0x00000089afa00000) (1024K)]
  0x000001b7a3ef3a90 JavaThread "Unconstrained build operations Thread 134"        [_thread_blocked, id=38656, stack(0x00000089afa00000,0x00000089afb00000) (1024K)]
  0x000001b7a3ef2af0 JavaThread "Unconstrained build operations Thread 135"        [_thread_blocked, id=42184, stack(0x00000089afb00000,0x00000089afc00000) (1024K)]
  0x000001b7a3ef32c0 JavaThread "Unconstrained build operations Thread 136"        [_thread_blocked, id=45908, stack(0x00000089afc00000,0x00000089afd00000) (1024K)]
  0x000001b7a3ef7910 JavaThread "Unconstrained build operations Thread 137"        [_thread_blocked, id=42232, stack(0x00000089afd00000,0x00000089afe00000) (1024K)]
  0x000001b7a3ef80e0 JavaThread "Unconstrained build operations Thread 138"        [_thread_blocked, id=21968, stack(0x00000089afe00000,0x00000089aff00000) (1024K)]
  0x000001b7a3ef88b0 JavaThread "Unconstrained build operations Thread 139"        [_thread_blocked, id=47192, stack(0x00000089aff00000,0x00000089b0000000) (1024K)]
  0x000001b7a3ef7140 JavaThread "Unconstrained build operations Thread 140"        [_thread_in_Java, id=3444, stack(0x00000089b0000000,0x00000089b0100000) (1024K)]
  0x000001b7a3efe670 JavaThread "Unconstrained build operations Thread 141"        [_thread_blocked, id=44840, stack(0x00000089b0100000,0x00000089b0200000) (1024K)]
  0x000001b7a3efcf00 JavaThread "Unconstrained build operations Thread 142"        [_thread_blocked, id=46852, stack(0x00000089b0200000,0x00000089b0300000) (1024K)]
  0x000001b7a3efd6d0 JavaThread "Unconstrained build operations Thread 143"        [_thread_in_Java, id=42896, stack(0x00000089b0300000,0x00000089b0400000) (1024K)]
  0x000001b7a3efafc0 JavaThread "Unconstrained build operations Thread 144"        [_thread_blocked, id=43180, stack(0x00000089b0600000,0x00000089b0700000) (1024K)]
  0x000001b7a3f024f0 JavaThread "Unconstrained build operations Thread 145"        [_thread_blocked, id=7824, stack(0x00000089b0700000,0x00000089b0800000) (1024K)]
  0x000001b7a3f005b0 JavaThread "Unconstrained build operations Thread 146"        [_thread_blocked, id=4232, stack(0x00000089b0800000,0x00000089b0900000) (1024K)]
  0x000001b7a3f02cc0 JavaThread "Unconstrained build operations Thread 147"        [_thread_blocked, id=27684, stack(0x00000089b0900000,0x00000089b0a00000) (1024K)]
  0x000001b7a3f03490 JavaThread "Unconstrained build operations Thread 148"        [_thread_blocked, id=3220, stack(0x00000089b0a00000,0x00000089b0b00000) (1024K)]
  0x000001b7a3f00d80 JavaThread "Unconstrained build operations Thread 149"        [_thread_blocked, id=37584, stack(0x00000089b0b00000,0x00000089b0c00000) (1024K)]
  0x000001b7a3f04c00 JavaThread "Unconstrained build operations Thread 150"        [_thread_blocked, id=39368, stack(0x00000089b0c00000,0x00000089b0d00000) (1024K)]
  0x000001b7a3f07310 JavaThread "Unconstrained build operations Thread 151"        [_thread_blocked, id=41144, stack(0x00000089b0d00000,0x00000089b0e00000) (1024K)]
  0x000001b7a3f05ba0 JavaThread "Unconstrained build operations Thread 152"        [_thread_blocked, id=41420, stack(0x00000089b0e00000,0x00000089b0f00000) (1024K)]
  0x000001b7a3f06370 JavaThread "Unconstrained build operations Thread 153"        [_thread_blocked, id=46376, stack(0x00000089b0f00000,0x00000089b1000000) (1024K)]
  0x000001b7a3f082b0 JavaThread "Unconstrained build operations Thread 154"        [_thread_blocked, id=34608, stack(0x00000089b1000000,0x00000089b1100000) (1024K)]
  0x000001b7a3c15fe0 JavaThread "Unconstrained build operations Thread 155"        [_thread_blocked, id=41744, stack(0x00000089b1100000,0x00000089b1200000) (1024K)]
  0x000001b7a3c12930 JavaThread "Unconstrained build operations Thread 156"        [_thread_blocked, id=4228, stack(0x00000089b1200000,0x00000089b1300000) (1024K)]
  0x000001b7a3c138d0 JavaThread "Unconstrained build operations Thread 157"        [_thread_blocked, id=11632, stack(0x00000089b1300000,0x00000089b1400000) (1024K)]
  0x000001b7a3c13100 JavaThread "Unconstrained build operations Thread 158"        [_thread_in_Java, id=33876, stack(0x00000089b1400000,0x00000089b1500000) (1024K)]
  0x000001b7a3c17750 JavaThread "Unconstrained build operations Thread 159"        [_thread_blocked, id=28572, stack(0x00000089b1500000,0x00000089b1600000) (1024K)]
  0x000001b7a3c140a0 JavaThread "Unconstrained build operations Thread 160"        [_thread_blocked, id=39236, stack(0x00000089b1600000,0x00000089b1700000) (1024K)]
  0x000001b7a3c1b5d0 JavaThread "Unconstrained build operations Thread 161"        [_thread_blocked, id=40600, stack(0x00000089b1700000,0x00000089b1800000) (1024K)]
  0x000001b7a3c17f20 JavaThread "Unconstrained build operations Thread 162"        [_thread_blocked, id=46304, stack(0x00000089b1800000,0x00000089b1900000) (1024K)]
  0x000001b7a3c1c570 JavaThread "Unconstrained build operations Thread 163"        [_thread_blocked, id=47716, stack(0x00000089b1900000,0x00000089b1a00000) (1024K)]
  0x000001b7a3c1cd40 JavaThread "Unconstrained build operations Thread 164"        [_thread_blocked, id=42960, stack(0x00000089b1a00000,0x00000089b1b00000) (1024K)]
  0x000001b7a3c203f0 JavaThread "Unconstrained build operations Thread 165"        [_thread_blocked, id=46256, stack(0x00000089b1b00000,0x00000089b1c00000) (1024K)]
  0x000001b7a3c1ec80 JavaThread "Unconstrained build operations Thread 166"        [_thread_blocked, id=37388, stack(0x00000089b1c00000,0x00000089b1d00000) (1024K)]
  0x000001b7a3c1fc20 JavaThread "Unconstrained build operations Thread 167"        [_thread_blocked, id=28404, stack(0x00000089b1d00000,0x00000089b1e00000) (1024K)]
  0x000001b7a3c22330 JavaThread "Unconstrained build operations Thread 168"        [_thread_blocked, id=28860, stack(0x00000089b1e00000,0x00000089b1f00000) (1024K)]
  0x000001b7a3c1f450 JavaThread "Unconstrained build operations Thread 169"        [_thread_blocked, id=14932, stack(0x00000089b1f00000,0x00000089b2000000) (1024K)]
  0x000001b7a3c21390 JavaThread "Unconstrained build operations Thread 170"        [_thread_blocked, id=43508, stack(0x00000089b2000000,0x00000089b2100000) (1024K)]
  0x000001b7a3c21b60 JavaThread "Unconstrained build operations Thread 171"        [_thread_blocked, id=3264, stack(0x00000089b2100000,0x00000089b2200000) (1024K)]
  0x000001b7a3c261b0 JavaThread "Unconstrained build operations Thread 172"        [_thread_blocked, id=47144, stack(0x00000089b2200000,0x00000089b2300000) (1024K)]
  0x000001b7a3c24a40 JavaThread "Unconstrained build operations Thread 173"        [_thread_blocked, id=38736, stack(0x00000089b2300000,0x00000089b2400000) (1024K)]
  0x000001b7a3c232d0 JavaThread "Unconstrained build operations Thread 174"        [_thread_blocked, id=39808, stack(0x00000089b2400000,0x00000089b2500000) (1024K)]
  0x000001b7a3c2a800 JavaThread "Unconstrained build operations Thread 175"        [_thread_blocked, id=26956, stack(0x00000089b2500000,0x00000089b2600000) (1024K)]
  0x000001b7a3c27920 JavaThread "Unconstrained build operations Thread 176"        [_thread_blocked, id=33892, stack(0x00000089b2600000,0x00000089b2700000) (1024K)]
  0x000001b7a3c29860 JavaThread "Unconstrained build operations Thread 177"        [_thread_blocked, id=36500, stack(0x00000089b2700000,0x00000089b2800000) (1024K)]
  0x000001b7a3c2afd0 JavaThread "Unconstrained build operations Thread 178"        [_thread_blocked, id=496, stack(0x00000089b2800000,0x00000089b2900000) (1024K)]
  0x000001b7a3c280f0 JavaThread "Unconstrained build operations Thread 179"        [_thread_blocked, id=7048, stack(0x00000089b2900000,0x00000089b2a00000) (1024K)]
  0x000001b7a3c288c0 JavaThread "Unconstrained build operations Thread 180"        [_thread_blocked, id=42804, stack(0x00000089b2a00000,0x00000089b2b00000) (1024K)]
  0x000001b7a3c2deb0 JavaThread "Unconstrained build operations Thread 181"        [_thread_blocked, id=46936, stack(0x00000089b2b00000,0x00000089b2c00000) (1024K)]
  0x000001b7a3c2d6e0 JavaThread "Unconstrained build operations Thread 182"        [_thread_blocked, id=19932, stack(0x00000089b2c00000,0x00000089b2d00000) (1024K)]
  0x000001b7a3c2f620 JavaThread "Unconstrained build operations Thread 183"        [_thread_blocked, id=42448, stack(0x00000089b2d00000,0x00000089b2e00000) (1024K)]
  0x000001b7a3c2c740 JavaThread "Unconstrained build operations Thread 184"        [_thread_blocked, id=39464, stack(0x00000089b2e00000,0x00000089b2f00000) (1024K)]
  0x000001b7a3c305c0 JavaThread "Unconstrained build operations Thread 185"        [_thread_blocked, id=42188, stack(0x00000089b2f00000,0x00000089b3000000) (1024K)]
  0x000001b7a3c31d30 JavaThread "Unconstrained build operations Thread 186"        [_thread_blocked, id=27808, stack(0x00000089b3000000,0x00000089b3100000) (1024K)]
  0x000001b7a41f27a0 JavaThread "Unconstrained build operations Thread 187"        [_thread_blocked, id=42404, stack(0x00000089b3100000,0x00000089b3200000) (1024K)]
  0x000001b7a41f1030 JavaThread "Unconstrained build operations Thread 188"        [_thread_blocked, id=45220, stack(0x00000089b3200000,0x00000089b3300000) (1024K)]
  0x000001b7a41f1fd0 JavaThread "Unconstrained build operations Thread 189"        [_thread_blocked, id=45424, stack(0x00000089b3300000,0x00000089b3400000) (1024K)]
  0x000001b7a41f5e50 JavaThread "Unconstrained build operations Thread 190"        [_thread_blocked, id=45312, stack(0x00000089b3400000,0x00000089b3500000) (1024K)]
  0x000001b7a41f2f70 JavaThread "Unconstrained build operations Thread 191"        [_thread_blocked, id=37652, stack(0x00000089b3500000,0x00000089b3600000) (1024K)]
  0x000001b7a41f75c0 JavaThread "Unconstrained build operations Thread 192"        [_thread_blocked, id=22932, stack(0x00000089b3600000,0x00000089b3700000) (1024K)]
  0x000001b7a41fb440 JavaThread "Unconstrained build operations Thread 193"        [_thread_blocked, id=37580, stack(0x00000089b3700000,0x00000089b3800000) (1024K)]
  0x000001b7a41fa4a0 JavaThread "Unconstrained build operations Thread 194"        [_thread_blocked, id=30404, stack(0x00000089b3800000,0x00000089b3900000) (1024K)]
  0x000001b7a41f7d90 JavaThread "Unconstrained build operations Thread 195"        [_thread_blocked, id=9240, stack(0x00000089b3900000,0x00000089b3a00000) (1024K)]
  0x000001b7a41f8560 JavaThread "Unconstrained build operations Thread 196"        [_thread_blocked, id=10628, stack(0x00000089b3a00000,0x00000089b3b00000) (1024K)]
  0x000001b7a41fcbb0 JavaThread "Unconstrained build operations Thread 197"        [_thread_blocked, id=20044, stack(0x00000089b3b00000,0x00000089b3c00000) (1024K)]
  0x000001b7a41f9500 JavaThread "Unconstrained build operations Thread 198"        [_thread_blocked, id=27532, stack(0x00000089b3c00000,0x00000089b3d00000) (1024K)]
  0x000001b7a41feaf0 JavaThread "Unconstrained build operations Thread 199"        [_thread_blocked, id=37964, stack(0x00000089b3d00000,0x00000089b3e00000) (1024K)]
  0x000001b7a4200a30 JavaThread "Unconstrained build operations Thread 200"        [_thread_blocked, id=13796, stack(0x00000089b3e00000,0x00000089b3f00000) (1024K)]
  0x000001b7a41fd380 JavaThread "Unconstrained build operations Thread 201"        [_thread_blocked, id=4484, stack(0x00000089b3f00000,0x00000089b4000000) (1024K)]
  0x000001b7a42021a0 JavaThread "Unconstrained build operations Thread 202"        [_thread_blocked, id=41908, stack(0x00000089b4000000,0x00000089b4100000) (1024K)]
  0x000001b7a4200260 JavaThread "Unconstrained build operations Thread 203"        [_thread_blocked, id=46928, stack(0x00000089b4100000,0x00000089b4200000) (1024K)]
  0x000001b7a42040e0 JavaThread "Unconstrained build operations Thread 204"        [_thread_blocked, id=40508, stack(0x00000089b4200000,0x00000089b4300000) (1024K)]
  0x000001b7a42048b0 JavaThread "Unconstrained build operations Thread 205"        [_thread_blocked, id=46824, stack(0x00000089b4300000,0x00000089b4400000) (1024K)]
  0x000001b7a4205080 JavaThread "Unconstrained build operations Thread 206"        [_thread_blocked, id=36764, stack(0x00000089b4400000,0x00000089b4500000) (1024K)]
  0x000001b7a4208730 JavaThread "Unconstrained build operations Thread 207"        [_thread_blocked, id=47088, stack(0x00000089b4500000,0x00000089b4600000) (1024K)]
  0x000001b7a4208f00 JavaThread "Unconstrained build operations Thread 208"        [_thread_blocked, id=45128, stack(0x00000089b4600000,0x00000089b4700000) (1024K)]
  0x000001b7a4205850 JavaThread "Unconstrained build operations Thread 209"        [_thread_blocked, id=644, stack(0x00000089b4700000,0x00000089b4800000) (1024K)]
  0x000001b7a4206020 JavaThread "Unconstrained build operations Thread 210"        [_thread_blocked, id=11536, stack(0x00000089b4800000,0x00000089b4900000) (1024K)]
  0x000001b7a4206fc0 JavaThread "Unconstrained build operations Thread 211"        [_thread_blocked, id=47744, stack(0x00000089b4900000,0x00000089b4a00000) (1024K)]
  0x000001b7a420a670 JavaThread "Unconstrained build operations Thread 212"        [_thread_blocked, id=34204, stack(0x00000089b4a00000,0x00000089b4b00000) (1024K)]
  0x000001b7a420dd20 JavaThread "Unconstrained build operations Thread 213"        [_thread_blocked, id=42032, stack(0x00000089b4b00000,0x00000089b4c00000) (1024K)]
  0x000001b7a420c5b0 JavaThread "Unconstrained build operations Thread 214"        [_thread_blocked, id=38836, stack(0x00000089b4c00000,0x00000089b4d00000) (1024K)]
  0x000001b7a420ae40 JavaThread "Unconstrained build operations Thread 215"        [_thread_blocked, id=27048, stack(0x00000089b4d00000,0x00000089b4e00000) (1024K)]
  0x000001b7a420fc60 JavaThread "Unconstrained build operations Thread 216"        [_thread_blocked, id=39556, stack(0x00000089b4e00000,0x00000089b4f00000) (1024K)]
  0x000001b7a420f490 JavaThread "Unconstrained build operations Thread 217"        [_thread_blocked, id=37504, stack(0x00000089b4f00000,0x00000089b5000000) (1024K)]
  0x000001b7a4210430 JavaThread "Unconstrained build operations Thread 218"        [_thread_blocked, id=15152, stack(0x00000089b5000000,0x00000089b5100000) (1024K)]
  0x000001b7a4212370 JavaThread "Unconstrained build operations Thread 219"        [_thread_blocked, id=48036, stack(0x00000089b5100000,0x00000089b5200000) (1024K)]
  0x000001b7a4211ba0 JavaThread "Unconstrained build operations Thread 220"        [_thread_blocked, id=21132, stack(0x00000089b5200000,0x00000089b5300000) (1024K)]
  0x000001b7a4213310 JavaThread "Unconstrained build operations Thread 221"        [_thread_blocked, id=23140, stack(0x00000089b5300000,0x00000089b5400000) (1024K)]
  0x000001b7a4210c00 JavaThread "Unconstrained build operations Thread 222"        [_thread_blocked, id=38132, stack(0x00000089b5400000,0x00000089b5500000) (1024K)]
  0x000001b7a4218900 JavaThread "Unconstrained build operations Thread 223"        [_thread_blocked, id=46204, stack(0x00000089b5500000,0x00000089b5600000) (1024K)]
  0x000001b7a4218130 JavaThread "Unconstrained build operations Thread 224"        [_thread_blocked, id=46728, stack(0x00000089b5600000,0x00000089b5700000) (1024K)]
  0x000001b7a4217190 JavaThread "Unconstrained build operations Thread 225"        [_thread_blocked, id=38108, stack(0x00000089b5700000,0x00000089b5800000) (1024K)]
  0x000001b7a421a070 JavaThread "Unconstrained build operations Thread 226"        [_thread_blocked, id=38816, stack(0x00000089b5800000,0x00000089b5900000) (1024K)]
  0x000001b7a421a840 JavaThread "Unconstrained build operations Thread 227"        [_thread_blocked, id=23768, stack(0x00000089b5900000,0x00000089b5a00000) (1024K)]
  0x000001b7a4217960 JavaThread "Unconstrained build operations Thread 228"        [_thread_blocked, id=12128, stack(0x00000089b5a00000,0x00000089b5b00000) (1024K)]
  0x000001b7a421def0 JavaThread "Unconstrained build operations Thread 229"        [_thread_blocked, id=21480, stack(0x00000089b5b00000,0x00000089b5c00000) (1024K)]
  0x000001b7a421cf50 JavaThread "Unconstrained build operations Thread 230"        [_thread_blocked, id=47976, stack(0x00000089b5c00000,0x00000089b5d00000) (1024K)]
  0x000001b7a421e6c0 JavaThread "Unconstrained build operations Thread 231"        [_thread_blocked, id=23152, stack(0x00000089b5d00000,0x00000089b5e00000) (1024K)]
  0x000001b7a421b7e0 JavaThread "Unconstrained build operations Thread 232"        [_thread_blocked, id=14292, stack(0x00000089b5e00000,0x00000089b5f00000) (1024K)]
  0x000001b7a421fe30 JavaThread "Unconstrained build operations Thread 233"        [_thread_blocked, id=39916, stack(0x00000089b5f00000,0x00000089b6000000) (1024K)]
  0x000001b7a4221d70 JavaThread "Unconstrained build operations Thread 234"        [_thread_blocked, id=45132, stack(0x00000089b6000000,0x00000089b6100000) (1024K)]
  0x000001b7a4222d10 JavaThread "Unconstrained build operations Thread 235"        [_thread_blocked, id=39332, stack(0x00000089b6100000,0x00000089b6200000) (1024K)]
  0x000001b7a42234e0 JavaThread "Unconstrained build operations Thread 236"        [_thread_blocked, id=38868, stack(0x00000089b6200000,0x00000089b6300000) (1024K)]
  0x000001b7a4224480 JavaThread "Unconstrained build operations Thread 237"        [_thread_blocked, id=30020, stack(0x00000089b6300000,0x00000089b6400000) (1024K)]
  0x000001b7a4224c50 JavaThread "Unconstrained build operations Thread 238"        [_thread_blocked, id=40972, stack(0x00000089b6400000,0x00000089b6500000) (1024K)]
  0x000001b7a4227b30 JavaThread "Unconstrained build operations Thread 239"        [_thread_blocked, id=34220, stack(0x00000089b6500000,0x00000089b6600000) (1024K)]
  0x000001b7a4228ad0 JavaThread "Unconstrained build operations Thread 240"        [_thread_blocked, id=37632, stack(0x00000089b6600000,0x00000089b6700000) (1024K)]
  0x000001b7a4225420 JavaThread "Unconstrained build operations Thread 241"        [_thread_blocked, id=37132, stack(0x00000089b6700000,0x00000089b6800000) (1024K)]
  0x000001b7a4225bf0 JavaThread "Unconstrained build operations Thread 242"        [_thread_blocked, id=3292, stack(0x00000089b6800000,0x00000089b6900000) (1024K)]
  0x000001b7a422b1e0 JavaThread "Unconstrained build operations Thread 243"        [_thread_blocked, id=16936, stack(0x00000089b6900000,0x00000089b6a00000) (1024K)]
  0x000001b7a422b9b0 JavaThread "Unconstrained build operations Thread 244"        [_thread_blocked, id=39392, stack(0x00000089b6a00000,0x00000089b6b00000) (1024K)]
  0x000001b7a422d120 JavaThread "Unconstrained build operations Thread 245"        [_thread_blocked, id=21552, stack(0x00000089b6b00000,0x00000089b6c00000) (1024K)]
  0x000001b7a422d8f0 JavaThread "Unconstrained build operations Thread 246"        [_thread_blocked, id=16556, stack(0x00000089b6c00000,0x00000089b6d00000) (1024K)]
  0x000001b7a422e0c0 JavaThread "Unconstrained build operations Thread 247"        [_thread_blocked, id=39832, stack(0x00000089b6d00000,0x00000089b6e00000) (1024K)]
  0x000001b7a422e890 JavaThread "Unconstrained build operations Thread 248"        [_thread_blocked, id=39524, stack(0x00000089b6e00000,0x00000089b6f00000) (1024K)]
  0x000001b7a4230000 JavaThread "Unconstrained build operations Thread 249"        [_thread_blocked, id=35960, stack(0x00000089b6f00000,0x00000089b7000000) (1024K)]
  0x000001b7a42307d0 JavaThread "Unconstrained build operations Thread 250"        [_thread_blocked, id=38628, stack(0x00000089b7000000,0x00000089b7100000) (1024K)]
  0x000001b7a42ee380 JavaThread "Unconstrained build operations Thread 251"        [_thread_blocked, id=44392, stack(0x00000089b7100000,0x00000089b7200000) (1024K)]
  0x000001b7a42ef320 JavaThread "Unconstrained build operations Thread 252"        [_thread_blocked, id=47540, stack(0x00000089b7200000,0x00000089b7300000) (1024K)]
  0x000001b7a42f1a30 JavaThread "Unconstrained build operations Thread 253"        [_thread_blocked, id=45052, stack(0x00000089b7300000,0x00000089b7400000) (1024K)]
  0x000001b7a42f77f0 JavaThread "build event listener"              [_thread_blocked, id=45180, stack(0x00000089aa800000,0x00000089aa900000) (1024K)]
  0x000001b7a42fb670 JavaThread "build event listener"              [_thread_blocked, id=19828, stack(0x00000089b7400000,0x00000089b7500000) (1024K)]
  0x000001b7a42fe550 JavaThread "Problems report writer"            [_thread_blocked, id=11372, stack(0x00000089b7500000,0x00000089b7600000) (1024K)]
  0x000001b7a4301430 JavaThread "jar transforms"                    [_thread_blocked, id=26984, stack(0x00000089b7600000,0x00000089b7700000) (1024K)]
  0x000001b7a43023d0 JavaThread "Unconstrained build operations Thread 254"        [_thread_blocked, id=2724, stack(0x00000089b7700000,0x00000089b7800000) (1024K)]
  0x000001b7a42fed20 JavaThread "Unconstrained build operations Thread 255"        [_thread_blocked, id=37852, stack(0x00000089b7800000,0x00000089b7900000) (1024K)]
  0x000001b7a4303b40 JavaThread "Unconstrained build operations Thread 256"        [_thread_blocked, id=18456, stack(0x00000089b7900000,0x00000089b7a00000) (1024K)]
  0x000001b7a43052b0 JavaThread "Unconstrained build operations Thread 257"        [_thread_blocked, id=45584, stack(0x00000089b7a00000,0x00000089b7b00000) (1024K)]
  0x000001b7a4304ae0 JavaThread "Unconstrained build operations Thread 258"        [_thread_blocked, id=38488, stack(0x00000089b7b00000,0x00000089b7c00000) (1024K)]
  0x000001b7a4306a20 JavaThread "Unconstrained build operations Thread 259"        [_thread_blocked, id=40316, stack(0x00000089b7c00000,0x00000089b7d00000) (1024K)]
  0x000001b7a4309900 JavaThread "Unconstrained build operations Thread 260"        [_thread_blocked, id=40724, stack(0x00000089b7d00000,0x00000089b7e00000) (1024K)]
  0x000001b7a430a0d0 JavaThread "Unconstrained build operations Thread 261"        [_thread_blocked, id=44040, stack(0x00000089b7e00000,0x00000089b7f00000) (1024K)]
  0x000001b7a430a8a0 JavaThread "Unconstrained build operations Thread 262"        [_thread_blocked, id=14680, stack(0x00000089b7f00000,0x00000089b8000000) (1024K)]
  0x000001b7a430b070 JavaThread "Unconstrained build operations Thread 263"        [_thread_blocked, id=43332, stack(0x00000089b8000000,0x00000089b8100000) (1024K)]
  0x000001b7a4308960 JavaThread "Unconstrained build operations Thread 264"        [_thread_blocked, id=41664, stack(0x00000089b8100000,0x00000089b8200000) (1024K)]
  0x000001b7a430c7e0 JavaThread "Unconstrained build operations Thread 265"        [_thread_blocked, id=22548, stack(0x00000089b8200000,0x00000089b8300000) (1024K)]
  0x000001b7a430cfb0 JavaThread "Unconstrained build operations Thread 266"        [_thread_blocked, id=5388, stack(0x00000089b8300000,0x00000089b8400000) (1024K)]
  0x000001b7a430d780 JavaThread "Unconstrained build operations Thread 267"        [_thread_blocked, id=45572, stack(0x00000089b8400000,0x00000089b8500000) (1024K)]
  0x000001b7a42cef80 JavaThread "Unconstrained build operations Thread 268"        [_thread_blocked, id=27852, stack(0x00000089b8500000,0x00000089b8600000) (1024K)]
  0x000001b7a42d2630 JavaThread "Unconstrained build operations Thread 269"        [_thread_blocked, id=12976, stack(0x00000089b8600000,0x00000089b8700000) (1024K)]
  0x000001b7a42cf750 JavaThread "Unconstrained build operations Thread 270"        [_thread_blocked, id=44948, stack(0x00000089b8700000,0x00000089b8800000) (1024K)]
  0x000001b7a42d06f0 JavaThread "Unconstrained build operations Thread 271"        [_thread_blocked, id=34184, stack(0x00000089b8800000,0x00000089b8900000) (1024K)]
  0x000001b7a42cff20 JavaThread "Unconstrained build operations Thread 272"        [_thread_blocked, id=28696, stack(0x00000089b8900000,0x00000089b8a00000) (1024K)]
  0x000001b7a42d4570 JavaThread "Unconstrained build operations Thread 273"        [_thread_blocked, id=45068, stack(0x00000089b8a00000,0x00000089b8b00000) (1024K)]
  0x000001b7a42d1690 JavaThread "Unconstrained build operations Thread 274"        [_thread_blocked, id=46932, stack(0x00000089b8b00000,0x00000089b8c00000) (1024K)]
  0x000001b7a42d64b0 JavaThread "Unconstrained build operations Thread 275"        [_thread_blocked, id=34112, stack(0x00000089b8c00000,0x00000089b8d00000) (1024K)]
  0x000001b7a42d7c20 JavaThread "Unconstrained build operations Thread 276"        [_thread_blocked, id=22360, stack(0x00000089b8d00000,0x00000089b8e00000) (1024K)]
  0x000001b7a42d83f0 JavaThread "Unconstrained build operations Thread 277"        [_thread_blocked, id=2792, stack(0x00000089b8e00000,0x00000089b8f00000) (1024K)]
  0x000001b7a42d9390 JavaThread "Unconstrained build operations Thread 278"        [_thread_blocked, id=8140, stack(0x00000089b8f00000,0x00000089b9000000) (1024K)]
  0x000001b7a42db2d0 JavaThread "Unconstrained build operations Thread 279"        [_thread_blocked, id=37552, stack(0x00000089b9000000,0x00000089b9100000) (1024K)]
  0x000001b7a42da330 JavaThread "Unconstrained build operations Thread 280"        [_thread_blocked, id=6988, stack(0x00000089b9100000,0x00000089b9200000) (1024K)]
  0x000001b7a42dd210 JavaThread "Unconstrained build operations Thread 281"        [_thread_blocked, id=41668, stack(0x00000089b9200000,0x00000089b9300000) (1024K)]
  0x000001b7a42de980 JavaThread "Unconstrained build operations Thread 282"        [_thread_blocked, id=40204, stack(0x00000089b9300000,0x00000089b9400000) (1024K)]
  0x000001b7a42de1b0 JavaThread "Unconstrained build operations Thread 283"        [_thread_blocked, id=15280, stack(0x00000089b9400000,0x00000089b9500000) (1024K)]
  0x000001b7a42df150 JavaThread "Unconstrained build operations Thread 284"        [_thread_blocked, id=9892, stack(0x00000089b9500000,0x00000089b9600000) (1024K)]
  0x000001b7a42e00f0 JavaThread "Unconstrained build operations Thread 285"        [_thread_blocked, id=47608, stack(0x00000089b9600000,0x00000089b9700000) (1024K)]
  0x000001b7a42e2030 JavaThread "Unconstrained build operations Thread 286"        [_thread_blocked, id=6828, stack(0x00000089b9700000,0x00000089b9800000) (1024K)]
  0x000001b7a42e1090 JavaThread "Unconstrained build operations Thread 287"        [_thread_blocked, id=43944, stack(0x00000089b9800000,0x00000089b9900000) (1024K)]
  0x000001b7a42e4f10 JavaThread "Unconstrained build operations Thread 288"        [_thread_blocked, id=39532, stack(0x00000089b9900000,0x00000089b9a00000) (1024K)]
  0x000001b7a42e2800 JavaThread "Unconstrained build operations Thread 289"        [_thread_blocked, id=8420, stack(0x00000089b9a00000,0x00000089b9b00000) (1024K)]
  0x000001b7a42e2fd0 JavaThread "Unconstrained build operations Thread 290"        [_thread_blocked, id=27836, stack(0x00000089b9b00000,0x00000089b9c00000) (1024K)]
  0x000001b7a42e6e50 JavaThread "Unconstrained build operations Thread 291"        [_thread_blocked, id=34900, stack(0x00000089b9c00000,0x00000089b9d00000) (1024K)]
  0x000001b7a42e7620 JavaThread "Unconstrained build operations Thread 292"        [_thread_blocked, id=28216, stack(0x00000089b9d00000,0x00000089b9e00000) (1024K)]
  0x000001b7a42eb4a0 JavaThread "Unconstrained build operations Thread 293"        [_thread_blocked, id=37840, stack(0x00000089b9e00000,0x00000089b9f00000) (1024K)]
  0x000001b7a42ea500 JavaThread "Unconstrained build operations Thread 294"        [_thread_blocked, id=21088, stack(0x00000089b9f00000,0x00000089ba000000) (1024K)]
  0x000001b7a42eacd0 JavaThread "Unconstrained build operations Thread 295"        [_thread_blocked, id=43844, stack(0x00000089ba000000,0x00000089ba100000) (1024K)]
  0x000001b7a42e9d30 JavaThread "Unconstrained build operations Thread 296"        [_thread_blocked, id=31016, stack(0x00000089ba100000,0x00000089ba200000) (1024K)]
  0x000001b7a42ecc10 JavaThread "Unconstrained build operations Thread 297"        [_thread_blocked, id=28112, stack(0x00000089ba200000,0x00000089ba300000) (1024K)]
  0x000001b7a42ed3e0 JavaThread "Unconstrained build operations Thread 298"        [_thread_blocked, id=39800, stack(0x00000089ba300000,0x00000089ba400000) (1024K)]
  0x000001b7a42ec440 JavaThread "Unconstrained build operations Thread 299"        [_thread_blocked, id=42608, stack(0x00000089ba400000,0x00000089ba500000) (1024K)]
  0x000001b7a24bb860 JavaThread "Unconstrained build operations Thread 300"        [_thread_blocked, id=41504, stack(0x00000089ba500000,0x00000089ba600000) (1024K)]
  0x000001b7aa6da380 JavaThread "Unconstrained build operations Thread 301"        [_thread_blocked, id=21392, stack(0x00000089ba600000,0x00000089ba700000) (1024K)]
  0x000001b7aa6dca90 JavaThread "Unconstrained build operations Thread 302"        [_thread_blocked, id=19480, stack(0x00000089ba700000,0x00000089ba800000) (1024K)]
  0x000001b7aa6dda30 JavaThread "Unconstrained build operations Thread 303"        [_thread_blocked, id=40332, stack(0x00000089ba800000,0x00000089ba900000) (1024K)]
  0x000001b7aa6dbaf0 JavaThread "Unconstrained build operations Thread 304"        [_thread_blocked, id=41824, stack(0x00000089ba900000,0x00000089baa00000) (1024K)]
  0x000001b7aa6df1a0 JavaThread "Unconstrained build operations Thread 305"        [_thread_blocked, id=46260, stack(0x00000089baa00000,0x00000089bab00000) (1024K)]
  0x000001b7aa6dc2c0 JavaThread "Unconstrained build operations Thread 306"        [_thread_blocked, id=26212, stack(0x00000089bab00000,0x00000089bac00000) (1024K)]
  0x000001b7aa6e0910 JavaThread "Unconstrained build operations Thread 307"        [_thread_blocked, id=34564, stack(0x00000089bac00000,0x00000089bad00000) (1024K)]
  0x000001b7aa6e3020 JavaThread "Unconstrained build operations Thread 308"        [_thread_blocked, id=47044, stack(0x00000089bad00000,0x00000089bae00000) (1024K)]
  0x000001b7aa6e2080 JavaThread "Unconstrained build operations Thread 309"        [_thread_blocked, id=42052, stack(0x00000089bae00000,0x00000089baf00000) (1024K)]
  0x000001b7aa6e18b0 JavaThread "Unconstrained build operations Thread 310"        [_thread_blocked, id=47160, stack(0x00000089baf00000,0x00000089bb000000) (1024K)]
  0x000001b7aa6e6ea0 JavaThread "Unconstrained build operations Thread 311"        [_thread_blocked, id=43500, stack(0x00000089bb000000,0x00000089bb100000) (1024K)]
  0x000001b7aa6e5730 JavaThread "Unconstrained build operations Thread 312"        [_thread_blocked, id=39108, stack(0x00000089bb100000,0x00000089bb200000) (1024K)]
  0x000001b7aa6e37f0 JavaThread "Unconstrained build operations Thread 313"        [_thread_blocked, id=36396, stack(0x00000089bb200000,0x00000089bb300000) (1024K)]
  0x000001b7aa6e3fc0 JavaThread "Unconstrained build operations Thread 314"        [_thread_blocked, id=37016, stack(0x00000089bb300000,0x00000089bb400000) (1024K)]
  0x000001b7aa6e95b0 JavaThread "Unconstrained build operations Thread 315"        [_thread_blocked, id=33884, stack(0x00000089bb400000,0x00000089bb500000) (1024K)]
  0x000001b7aa6ea550 JavaThread "Unconstrained build operations Thread 316"        [_thread_blocked, id=43808, stack(0x00000089bb700000,0x00000089bb800000) (1024K)]
  0x000001b7aa6eeba0 JavaThread "Unconstrained build operations Thread 317"        [_thread_blocked, id=22024, stack(0x00000089bb800000,0x00000089bb900000) (1024K)]
  0x000001b7aa6ee3d0 JavaThread "Unconstrained build operations Thread 318"        [_thread_blocked, id=37992, stack(0x00000089bb900000,0x00000089bba00000) (1024K)]
  0x000001b7aa6ef370 JavaThread "Unconstrained build operations Thread 319"        [_thread_blocked, id=31348, stack(0x00000089bba00000,0x00000089bbb00000) (1024K)]
  0x000001b7aa6ecc60 JavaThread "Unconstrained build operations Thread 320"        [_thread_blocked, id=45700, stack(0x00000089bbb00000,0x00000089bbc00000) (1024K)]
  0x000001b7aa6f0310 JavaThread "jar transforms Thread 2"           [_thread_blocked, id=23796, stack(0x00000089bbc00000,0x00000089bbd00000) (1024K)]
  0x000001b7aa6ed430 JavaThread "jar transforms Thread 3"           [_thread_blocked, id=6664, stack(0x00000089bbd00000,0x00000089bbe00000) (1024K)]
  0x000001b7aa6f31f0 JavaThread "jar transforms Thread 4"           [_thread_blocked, id=48004, stack(0x00000089bbe00000,0x00000089bbf00000) (1024K)]
  0x000001b7aa6f1a80 JavaThread "jar transforms Thread 5"           [_thread_blocked, id=41776, stack(0x00000089bc100000,0x00000089bc200000) (1024K)]
  0x000001b7aa6f2250 JavaThread "jar transforms Thread 6"           [_thread_blocked, id=47776, stack(0x00000089bc200000,0x00000089bc300000) (1024K)]
  0x000001b7aa6fa720 JavaThread "jar transforms Thread 7"           [_thread_blocked, id=24476, stack(0x00000089bc300000,0x00000089bc400000) (1024K)]
=>0x000001b7aac3cdf0 JavaThread "C2 CompilerThread1"         daemon [_thread_in_native, id=6808, stack(0x00000089a2b00000,0x00000089a2c00000) (1024K)]
  0x000001b7a42ab190 JavaThread "C2 CompilerThread2"         daemon [_thread_blocked, id=39576, stack(0x00000089a2d00000,0x00000089a2e00000) (1024K)]
  0x000001b7aaca1700 JavaThread "C2 CompilerThread3"         daemon [_thread_in_native, id=44752, stack(0x00000089a4c00000,0x00000089a4d00000) (1024K)]
  0x000001b7adc6f7a0 JavaThread "C2 CompilerThread4"         daemon [_thread_in_native, id=38112, stack(0x00000089a5000000,0x00000089a5100000) (1024K)]
  0x000001b7aa26bfa0 JavaThread "C2 CompilerThread5"         daemon [_thread_blocked, id=42784, stack(0x00000089bb500000,0x00000089bb600000) (1024K)]
  0x000001b7a1632490 JavaThread "C2 CompilerThread6"         daemon [_thread_blocked, id=38604, stack(0x00000089bb600000,0x00000089bb700000) (1024K)]
  0x000001b7acdbf660 JavaThread "C2 CompilerThread7"         daemon [_thread_blocked, id=41072, stack(0x00000089bbf00000,0x00000089bc000000) (1024K)]
  0x000001b7a3762880 JavaThread "C1 CompilerThread3"         daemon [_thread_blocked, id=7004, stack(0x00000089bc000000,0x00000089bc100000) (1024K)]
  0x000001b7a3b895e0 JavaThread "C1 CompilerThread4"         daemon [_thread_blocked, id=14880, stack(0x00000089bc500000,0x00000089bc600000) (1024K)]
  0x000001b7abbf6b90 JavaThread "C2 CompilerThread8"         daemon [_thread_blocked, id=41008, stack(0x00000089bc600000,0x00000089bc700000) (1024K)]
  0x000001b7a33e9f50 JavaThread "C2 CompilerThread9"         daemon [_thread_blocked, id=43204, stack(0x00000089bc700000,0x00000089bc800000) (1024K)]
Total: 411

Other Threads:
  0x000001b7f9741dd0 VMThread "VM Thread"                           [id=21844, stack(0x00000089a0f00000,0x00000089a1000000) (1024K)]
  0x000001b7f5d5bb60 WatcherThread "VM Periodic Task Thread"        [id=39452, stack(0x00000089a0e00000,0x00000089a0f00000) (1024K)]
  0x000001b7e6f860a0 WorkerThread "GC Thread#0"                     [id=44228, stack(0x00000089a0900000,0x00000089a0a00000) (1024K)]
  0x000001b7fed4a410 WorkerThread "GC Thread#1"                     [id=15344, stack(0x00000089a2000000,0x00000089a2100000) (1024K)]
  0x000001b7fed4ac50 WorkerThread "GC Thread#2"                     [id=30980, stack(0x00000089a2100000,0x00000089a2200000) (1024K)]
  0x000001b7fed8f2e0 WorkerThread "GC Thread#3"                     [id=21856, stack(0x00000089a2200000,0x00000089a2300000) (1024K)]
  0x000001b7fed8f710 WorkerThread "GC Thread#4"                     [id=12424, stack(0x00000089a2300000,0x00000089a2400000) (1024K)]
  0x000001b7fec50a20 WorkerThread "GC Thread#5"                     [id=2244, stack(0x00000089a2400000,0x00000089a2500000) (1024K)]
  0x000001b7fe3047e0 WorkerThread "GC Thread#6"                     [id=4992, stack(0x00000089a2500000,0x00000089a2600000) (1024K)]
  0x000001b7fe300fd0 WorkerThread "GC Thread#7"                     [id=7864, stack(0x00000089a2600000,0x00000089a2700000) (1024K)]
  0x000001b7fe303af0 WorkerThread "GC Thread#8"                     [id=46212, stack(0x00000089a2700000,0x00000089a2800000) (1024K)]
  0x000001b7fe302110 WorkerThread "GC Thread#9"                     [id=38516, stack(0x00000089a2800000,0x00000089a2900000) (1024K)]
  0x000001b7fe302560 WorkerThread "GC Thread#10"                    [id=2700, stack(0x00000089a2900000,0x00000089a2a00000) (1024K)]
  0x000001b7fe3029b0 WorkerThread "GC Thread#11"                    [id=24452, stack(0x00000089a2a00000,0x00000089a2b00000) (1024K)]
  0x000001b7ff000620 WorkerThread "GC Thread#12"                    [id=43912, stack(0x00000089a3700000,0x00000089a3800000) (1024K)]
  0x000001b7feffe3a0 WorkerThread "GC Thread#13"                    [id=47380, stack(0x00000089a3800000,0x00000089a3900000) (1024K)]
  0x000001b7fefffd80 WorkerThread "GC Thread#14"                    [id=47196, stack(0x00000089a3900000,0x00000089a3a00000) (1024K)]
  0x000001b7ff001760 WorkerThread "GC Thread#15"                    [id=5028, stack(0x00000089a3a00000,0x00000089a3b00000) (1024K)]
  0x000001b7ff0001d0 WorkerThread "GC Thread#16"                    [id=30768, stack(0x00000089a3b00000,0x00000089a3c00000) (1024K)]
  0x000001b7feffe7f0 WorkerThread "GC Thread#17"                    [id=30348, stack(0x00000089a3c00000,0x00000089a3d00000) (1024K)]
  0x000001b7feffec40 WorkerThread "GC Thread#18"                    [id=47544, stack(0x00000089a3d00000,0x00000089a3e00000) (1024K)]
  0x000001b7fefff090 WorkerThread "GC Thread#19"                    [id=28200, stack(0x00000089a3e00000,0x00000089a3f00000) (1024K)]
  0x000001b7a1303920 WorkerThread "GC Thread#20"                    [id=20040, stack(0x00000089a3f00000,0x00000089a4000000) (1024K)]
  0x000001b7a13016a0 WorkerThread "GC Thread#21"                    [id=32708, stack(0x00000089a4000000,0x00000089a4100000) (1024K)]
  0x000001b7a1304eb0 WorkerThread "GC Thread#22"                    [id=40112, stack(0x00000089a4900000,0x00000089a4a00000) (1024K)]
  0x000001b7e49cdf80 ConcurrentGCThread "G1 Main Marker"            [id=13776, stack(0x00000089a0a00000,0x00000089a0b00000) (1024K)]
  0x000001b7e49ceb20 WorkerThread "G1 Conc#0"                       [id=14664, stack(0x00000089a0b00000,0x00000089a0c00000) (1024K)]
  0x000001b7a1303080 WorkerThread "G1 Conc#1"                       [id=18764, stack(0x00000089a4100000,0x00000089a4200000) (1024K)]
  0x000001b7a1304610 WorkerThread "G1 Conc#2"                       [id=15076, stack(0x00000089a4200000,0x00000089a4300000) (1024K)]
  0x000001b7a1303d70 WorkerThread "G1 Conc#3"                       [id=15500, stack(0x00000089a4300000,0x00000089a4400000) (1024K)]
  0x000001b7a13041c0 WorkerThread "G1 Conc#4"                       [id=28284, stack(0x00000089a4400000,0x00000089a4500000) (1024K)]
  0x000001b7a1301af0 WorkerThread "G1 Conc#5"                       [id=41720, stack(0x00000089a4500000,0x00000089a4600000) (1024K)]
  0x000001b7f5c2e340 ConcurrentGCThread "G1 Refine#0"               [id=41632, stack(0x00000089a0c00000,0x00000089a0d00000) (1024K)]
  0x000001b7f5c2ed50 ConcurrentGCThread "G1 Service"                [id=34108, stack(0x00000089a0d00000,0x00000089a0e00000) (1024K)]
Total: 34

Threads with active compile tasks:
C2 CompilerThread0  20331 21269 %     4       org.objectweb.asm.ClassReader::readCode @ 92 (5117 bytes)
C2 CompilerThread1  20331 21247       4       org.objectweb.asm.SymbolTable::addBootstrapMethod (209 bytes)
C2 CompilerThread3  20331 21281       4       org.gradle.internal.classpath.transforms.AdhocInterceptors::visitINVOKESTATIC (780 bytes)
C2 CompilerThread4  20331 21277       4       org.apache.commons.compress.archivers.zip.ZipArchiveOutputStream::createCentralFileHeader (647 bytes)
C2 CompilerThread8  20331 21283       4       org.gradle.internal.classpath.transforms.LambdaSerializationTransformer$LambdaFactoryCallRewriter::visitInvokeDynamicInsn (127 bytes)
Total: 5

VM state: not at safepoint (normal execution)

VM Mutex/Monitor currently owned by a thread: None

Heap address: 0x0000000600000000, size: 8192 MB, Compressed Oops mode: Zero based, Oop shift amount: 3

CDS archive(s) not mapped
Compressed class space mapped at: 0x00000000a2000000-0x00000000e2000000, reserved size: 1073741824
UseCompressedClassPointers 1, UseCompactObjectHeaders 0
Narrow klass pointer bits 32, Max shift 3
Narrow klass base: 0x0000000000000000, Narrow klass shift: 0
Encoding Range: [0x0000000000000000 - 0x0000000100000000), (4294967296 bytes)
Klass Range:    [0x00000000a2000000 - 0x00000000e2000000), (1073741824 bytes)
Klass ID Range:  [2717908992 - 3791650809) (1073741817)
No protection zone.

GC Precious Log:
 CardTable entry size: 512
 Card Set container configuration: InlinePtr #cards 4 size 8 Array Of Cards #cards 32 size 80 Howl #buckets 8 coarsen threshold 7372 Howl Bitmap #cards 1024 size 144 coarsen threshold 921 Card regions per heap region 1 cards per card region 8192
 CPUs: 32 total, 32 available
 Memory: 31892M
 Large Page Support: Disabled
 NUMA Support: Disabled
 Compressed Oops: Enabled (Zero based)
 Heap Region Size: 4M
 Heap Min Capacity: 8M
 Heap Initial Capacity: 500M
 Heap Max Capacity: 8G
 Pre-touch: Disabled
 Parallel Workers: 23
 Concurrent Workers: 6
 Concurrent Refinement Workers: 23
 Periodic GC: Disabled

Heap:
 garbage-first heap   total reserved 8388608K, committed 991232K, used 319038K [0x0000000600000000, 0x0000000800000000)
  region size 4096K, 41 young (167936K), 8 survivors (32768K)

Heap Regions: E=young(eden), S=young(survivor), O=old, HS=humongous(starts), HC=humongous(continues), CS=collection set, F=free, TAMS=top-at-mark-start, PB=parsable bottom
|   0|0x0000000600000000, 0x0000000600400000, 0x0000000600400000|100%|HS|  |TAMS 0x0000000600000000| PB 0x0000000600000000| Complete |  0
|   1|0x0000000600400000, 0x0000000600800000, 0x0000000600800000|100%| O|  |TAMS 0x0000000600400000| PB 0x0000000600400000| Untracked |  0
|   2|0x0000000600800000, 0x0000000600c00000, 0x0000000600c00000|100%| O|  |TAMS 0x0000000600800000| PB 0x0000000600800000| Untracked |  0
|   3|0x0000000600c00000, 0x0000000601000000, 0x0000000601000000|100%| O|  |TAMS 0x0000000600c00000| PB 0x0000000600c00000| Untracked |  1
|   4|0x0000000601000000, 0x0000000601400000, 0x0000000601400000|100%| O|  |TAMS 0x0000000601000000| PB 0x0000000601000000| Untracked |  0
|   5|0x0000000601400000, 0x0000000601800000, 0x0000000601800000|100%| O|  |TAMS 0x0000000601400000| PB 0x0000000601400000| Untracked |  0
|   6|0x0000000601800000, 0x0000000601c00000, 0x0000000601c00000|100%| O|  |TAMS 0x0000000601800000| PB 0x0000000601800000| Untracked |  0
|   7|0x0000000601c00000, 0x0000000602000000, 0x0000000602000000|100%| O|  |TAMS 0x0000000601c00000| PB 0x0000000601c00000| Untracked |  0
|   8|0x0000000602000000, 0x0000000602400000, 0x0000000602400000|100%| O|  |TAMS 0x0000000602000000| PB 0x0000000602000000| Untracked |  0
|   9|0x0000000602400000, 0x0000000602800000, 0x0000000602800000|100%| O|  |TAMS 0x0000000602400000| PB 0x0000000602400000| Untracked |  0
|  10|0x0000000602800000, 0x0000000602c00000, 0x0000000602c00000|100%| O|  |TAMS 0x0000000602800000| PB 0x0000000602800000| Untracked |  0
|  11|0x0000000602c00000, 0x0000000603000000, 0x0000000603000000|100%| O|  |TAMS 0x0000000602c00000| PB 0x0000000602c00000| Untracked |  0
|  12|0x0000000603000000, 0x0000000603400000, 0x0000000603400000|100%| O|  |TAMS 0x0000000603000000| PB 0x0000000603000000| Untracked |  0
|  13|0x0000000603400000, 0x0000000603800000, 0x0000000603800000|100%| O|  |TAMS 0x0000000603400000| PB 0x0000000603400000| Untracked |  0
|  14|0x0000000603800000, 0x0000000603c00000, 0x0000000603c00000|100%| O|  |TAMS 0x0000000603800000| PB 0x0000000603800000| Untracked |  0
|  15|0x0000000603c00000, 0x0000000604000000, 0x0000000604000000|100%| O|  |TAMS 0x0000000603c00000| PB 0x0000000603c00000| Untracked |  0
|  16|0x0000000604000000, 0x0000000604400000, 0x0000000604400000|100%| O|  |TAMS 0x0000000604000000| PB 0x0000000604000000| Untracked |  0
|  17|0x0000000604400000, 0x0000000604800000, 0x0000000604800000|100%| O|  |TAMS 0x0000000604400000| PB 0x0000000604400000| Untracked |  0
|  18|0x0000000604800000, 0x0000000604c00000, 0x0000000604c00000|100%| O|  |TAMS 0x0000000604800000| PB 0x0000000604800000| Untracked |  0
|  19|0x0000000604c00000, 0x0000000605000000, 0x0000000605000000|100%| O|  |TAMS 0x0000000604c00000| PB 0x0000000604c00000| Untracked |  0
|  20|0x0000000605000000, 0x0000000605400000, 0x0000000605400000|100%| O|  |TAMS 0x0000000605000000| PB 0x0000000605000000| Untracked |  0
|  21|0x0000000605400000, 0x0000000605800000, 0x0000000605800000|100%| O|  |TAMS 0x0000000605400000| PB 0x0000000605400000| Untracked |  0
|  22|0x0000000605800000, 0x0000000605c00000, 0x0000000605c00000|100%| O|  |TAMS 0x0000000605800000| PB 0x0000000605800000| Untracked |  0
|  23|0x0000000605c00000, 0x0000000606000000, 0x0000000606000000|100%| O|  |TAMS 0x0000000605c00000| PB 0x0000000605c00000| Untracked |  0
|  24|0x0000000606000000, 0x0000000606400000, 0x0000000606400000|100%| O|  |TAMS 0x0000000606000000| PB 0x0000000606000000| Untracked |  0
|  25|0x0000000606400000, 0x0000000606800000, 0x0000000606800000|100%| O|  |TAMS 0x0000000606400000| PB 0x0000000606400000| Untracked |  0
|  26|0x0000000606800000, 0x0000000606c00000, 0x0000000606c00000|100%| O|  |TAMS 0x0000000606800000| PB 0x0000000606800000| Untracked |  0
|  27|0x0000000606c00000, 0x0000000607000000, 0x0000000607000000|100%| O|  |TAMS 0x0000000606c00000| PB 0x0000000606c00000| Untracked |  0
|  28|0x0000000607000000, 0x0000000607400000, 0x0000000607400000|100%| O|  |TAMS 0x0000000607000000| PB 0x0000000607000000| Untracked |  0
|  29|0x0000000607400000, 0x0000000607800000, 0x0000000607800000|100%| O|  |TAMS 0x0000000607400000| PB 0x0000000607400000| Untracked |  0
|  30|0x0000000607800000, 0x0000000607c00000, 0x0000000607c00000|100%| O|  |TAMS 0x0000000607800000| PB 0x0000000607800000| Untracked |  0
|  31|0x0000000607c00000, 0x0000000608000000, 0x0000000608000000|100%| O|  |TAMS 0x0000000607c00000| PB 0x0000000607c00000| Untracked |  0
|  32|0x0000000608000000, 0x0000000608400000, 0x0000000608400000|100%| O|  |TAMS 0x0000000608000000| PB 0x0000000608000000| Untracked |  0
|  33|0x0000000608400000, 0x0000000608800000, 0x0000000608800000|100%| O|  |TAMS 0x0000000608400000| PB 0x0000000608400000| Untracked |  0
|  34|0x0000000608800000, 0x000000060881ca40, 0x0000000608c00000|  2%| O|  |TAMS 0x0000000608800000| PB 0x0000000608800000| Untracked |  0
|  35|0x0000000608c00000, 0x0000000609000000, 0x0000000609000000|100%| O|  |TAMS 0x0000000608c00000| PB 0x0000000608c00000| Untracked |  0
|  36|0x0000000609000000, 0x0000000609400000, 0x0000000609400000|100%| O|  |TAMS 0x0000000609000000| PB 0x0000000609000000| Untracked |  0
|  37|0x0000000609400000, 0x0000000609800000, 0x0000000609800000|100%| O|  |TAMS 0x0000000609400000| PB 0x0000000609400000| Untracked |  0
|  38|0x0000000609800000, 0x0000000609c00000, 0x0000000609c00000|100%| O|  |TAMS 0x0000000609800000| PB 0x0000000609800000| Untracked |  0
|  39|0x0000000609c00000, 0x0000000609c00000, 0x000000060a000000|  0%| F|  |TAMS 0x0000000609c00000| PB 0x0000000609c00000| Untracked |  0
|  40|0x000000060a000000, 0x000000060a000000, 0x000000060a400000|  0%| F|  |TAMS 0x000000060a000000| PB 0x000000060a000000| Untracked |  0
|  41|0x000000060a400000, 0x000000060a400000, 0x000000060a800000|  0%| F|  |TAMS 0x000000060a400000| PB 0x000000060a400000| Untracked |  0
|  42|0x000000060a800000, 0x000000060a800000, 0x000000060ac00000|  0%| F|  |TAMS 0x000000060a800000| PB 0x000000060a800000| Untracked |  0
|  43|0x000000060ac00000, 0x000000060ac00000, 0x000000060b000000|  0%| F|  |TAMS 0x000000060ac00000| PB 0x000000060ac00000| Untracked |  0
|  44|0x000000060b000000, 0x000000060b000000, 0x000000060b400000|  0%| F|  |TAMS 0x000000060b000000| PB 0x000000060b000000| Untracked |  0
|  45|0x000000060b400000, 0x000000060b400000, 0x000000060b800000|  0%| F|  |TAMS 0x000000060b400000| PB 0x000000060b400000| Untracked |  0
|  46|0x000000060b800000, 0x000000060b800000, 0x000000060bc00000|  0%| F|  |TAMS 0x000000060b800000| PB 0x000000060b800000| Untracked |  0
|  47|0x000000060bc00000, 0x000000060bc00000, 0x000000060c000000|  0%| F|  |TAMS 0x000000060bc00000| PB 0x000000060bc00000| Untracked |  0
|  48|0x000000060c000000, 0x000000060c000000, 0x000000060c400000|  0%| F|  |TAMS 0x000000060c000000| PB 0x000000060c000000| Untracked |  0
|  49|0x000000060c400000, 0x000000060c400000, 0x000000060c800000|  0%| F|  |TAMS 0x000000060c400000| PB 0x000000060c400000| Untracked |  0
|  50|0x000000060c800000, 0x000000060c800000, 0x000000060cc00000|  0%| F|  |TAMS 0x000000060c800000| PB 0x000000060c800000| Untracked |  0
|  51|0x000000060cc00000, 0x000000060cc00000, 0x000000060d000000|  0%| F|  |TAMS 0x000000060cc00000| PB 0x000000060cc00000| Untracked |  0
|  52|0x000000060d000000, 0x000000060d000000, 0x000000060d400000|  0%| F|  |TAMS 0x000000060d000000| PB 0x000000060d000000| Untracked |  0
|  53|0x000000060d400000, 0x000000060d400000, 0x000000060d800000|  0%| F|  |TAMS 0x000000060d400000| PB 0x000000060d400000| Untracked |  0
|  54|0x000000060d800000, 0x000000060d800000, 0x000000060dc00000|  0%| F|  |TAMS 0x000000060d800000| PB 0x000000060d800000| Untracked |  0
|  55|0x000000060dc00000, 0x000000060dc00000, 0x000000060e000000|  0%| F|  |TAMS 0x000000060dc00000| PB 0x000000060dc00000| Untracked |  0
|  56|0x000000060e000000, 0x000000060e000000, 0x000000060e400000|  0%| F|  |TAMS 0x000000060e000000| PB 0x000000060e000000| Untracked |  0
|  57|0x000000060e400000, 0x000000060e400000, 0x000000060e800000|  0%| F|  |TAMS 0x000000060e400000| PB 0x000000060e400000| Untracked |  0
|  58|0x000000060e800000, 0x000000060e800000, 0x000000060ec00000|  0%| F|  |TAMS 0x000000060e800000| PB 0x000000060e800000| Untracked |  0
|  59|0x000000060ec00000, 0x000000060ec00000, 0x000000060f000000|  0%| F|  |TAMS 0x000000060ec00000| PB 0x000000060ec00000| Untracked |  0
|  60|0x000000060f000000, 0x000000060f000000, 0x000000060f400000|  0%| F|  |TAMS 0x000000060f000000| PB 0x000000060f000000| Untracked |  0
|  61|0x000000060f400000, 0x000000060f400000, 0x000000060f800000|  0%| F|  |TAMS 0x000000060f400000| PB 0x000000060f400000| Untracked |  0
|  62|0x000000060f800000, 0x000000060f800000, 0x000000060fc00000|  0%| F|  |TAMS 0x000000060f800000| PB 0x000000060f800000| Untracked |  0
|  63|0x000000060fc00000, 0x000000060fc00000, 0x0000000610000000|  0%| F|  |TAMS 0x000000060fc00000| PB 0x000000060fc00000| Untracked |  0
|  64|0x0000000610000000, 0x0000000610000000, 0x0000000610400000|  0%| F|  |TAMS 0x0000000610000000| PB 0x0000000610000000| Untracked |  0
|  65|0x0000000610400000, 0x0000000610400000, 0x0000000610800000|  0%| F|  |TAMS 0x0000000610400000| PB 0x0000000610400000| Untracked |  0
|  66|0x0000000610800000, 0x0000000610800000, 0x0000000610c00000|  0%| F|  |TAMS 0x0000000610800000| PB 0x0000000610800000| Untracked |  0
|  67|0x0000000610c00000, 0x0000000610c00000, 0x0000000611000000|  0%| F|  |TAMS 0x0000000610c00000| PB 0x0000000610c00000| Untracked |  0
|  68|0x0000000611000000, 0x0000000611000000, 0x0000000611400000|  0%| F|  |TAMS 0x0000000611000000| PB 0x0000000611000000| Untracked |  0
|  69|0x0000000611400000, 0x0000000611400000, 0x0000000611800000|  0%| F|  |TAMS 0x0000000611400000| PB 0x0000000611400000| Untracked |  0
|  70|0x0000000611800000, 0x0000000611800000, 0x0000000611c00000|  0%| F|  |TAMS 0x0000000611800000| PB 0x0000000611800000| Untracked |  0
|  71|0x0000000611c00000, 0x0000000611c00000, 0x0000000612000000|  0%| F|  |TAMS 0x0000000611c00000| PB 0x0000000611c00000| Untracked |  0
|  72|0x0000000612000000, 0x0000000612000000, 0x0000000612400000|  0%| F|  |TAMS 0x0000000612000000| PB 0x0000000612000000| Untracked |  0
|  73|0x0000000612400000, 0x0000000612400000, 0x0000000612800000|  0%| F|  |TAMS 0x0000000612400000| PB 0x0000000612400000| Untracked |  0
|  74|0x0000000612800000, 0x0000000612800000, 0x0000000612c00000|  0%| F|  |TAMS 0x0000000612800000| PB 0x0000000612800000| Untracked |  0
|  75|0x0000000612c00000, 0x0000000612c00000, 0x0000000613000000|  0%| F|  |TAMS 0x0000000612c00000| PB 0x0000000612c00000| Untracked |  0
|  76|0x0000000613000000, 0x0000000613000000, 0x0000000613400000|  0%| F|  |TAMS 0x0000000613000000| PB 0x0000000613000000| Untracked |  0
|  77|0x0000000613400000, 0x0000000613400000, 0x0000000613800000|  0%| F|  |TAMS 0x0000000613400000| PB 0x0000000613400000| Untracked |  0
|  78|0x0000000613800000, 0x0000000613800000, 0x0000000613c00000|  0%| F|  |TAMS 0x0000000613800000| PB 0x0000000613800000| Untracked |  0
|  79|0x0000000613c00000, 0x0000000613c00000, 0x0000000614000000|  0%| F|  |TAMS 0x0000000613c00000| PB 0x0000000613c00000| Untracked |  0
|  80|0x0000000614000000, 0x0000000614000000, 0x0000000614400000|  0%| F|  |TAMS 0x0000000614000000| PB 0x0000000614000000| Untracked |  0
|  81|0x0000000614400000, 0x0000000614400000, 0x0000000614800000|  0%| F|  |TAMS 0x0000000614400000| PB 0x0000000614400000| Untracked |  0
|  82|0x0000000614800000, 0x0000000614800000, 0x0000000614c00000|  0%| F|  |TAMS 0x0000000614800000| PB 0x0000000614800000| Untracked |  0
|  83|0x0000000614c00000, 0x0000000614c00000, 0x0000000615000000|  0%| F|  |TAMS 0x0000000614c00000| PB 0x0000000614c00000| Untracked |  0
|  84|0x0000000615000000, 0x0000000615000000, 0x0000000615400000|  0%| F|  |TAMS 0x0000000615000000| PB 0x0000000615000000| Untracked |  0
|  85|0x0000000615400000, 0x0000000615400000, 0x0000000615800000|  0%| F|  |TAMS 0x0000000615400000| PB 0x0000000615400000| Untracked |  0
|  86|0x0000000615800000, 0x0000000615800000, 0x0000000615c00000|  0%| F|  |TAMS 0x0000000615800000| PB 0x0000000615800000| Untracked |  0
|  87|0x0000000615c00000, 0x0000000615c00000, 0x0000000616000000|  0%| F|  |TAMS 0x0000000615c00000| PB 0x0000000615c00000| Untracked |  0
|  88|0x0000000616000000, 0x0000000616000000, 0x0000000616400000|  0%| F|  |TAMS 0x0000000616000000| PB 0x0000000616000000| Untracked |  0
|  89|0x0000000616400000, 0x0000000616400000, 0x0000000616800000|  0%| F|  |TAMS 0x0000000616400000| PB 0x0000000616400000| Untracked |  0
|  90|0x0000000616800000, 0x0000000616800000, 0x0000000616c00000|  0%| F|  |TAMS 0x0000000616800000| PB 0x0000000616800000| Untracked |  0
|  91|0x0000000616c00000, 0x0000000616c00000, 0x0000000617000000|  0%| F|  |TAMS 0x0000000616c00000| PB 0x0000000616c00000| Untracked |  0
|  92|0x0000000617000000, 0x0000000617000000, 0x0000000617400000|  0%| F|  |TAMS 0x0000000617000000| PB 0x0000000617000000| Untracked |  0
|  93|0x0000000617400000, 0x0000000617400000, 0x0000000617800000|  0%| F|  |TAMS 0x0000000617400000| PB 0x0000000617400000| Untracked |  0
|  94|0x0000000617800000, 0x0000000617800000, 0x0000000617c00000|  0%| F|  |TAMS 0x0000000617800000| PB 0x0000000617800000| Untracked |  0
|  95|0x0000000617c00000, 0x0000000617c00000, 0x0000000618000000|  0%| F|  |TAMS 0x0000000617c00000| PB 0x0000000617c00000| Untracked |  0
|  96|0x0000000618000000, 0x0000000618000000, 0x0000000618400000|  0%| F|  |TAMS 0x0000000618000000| PB 0x0000000618000000| Untracked |  0
|  97|0x0000000618400000, 0x0000000618400000, 0x0000000618800000|  0%| F|  |TAMS 0x0000000618400000| PB 0x0000000618400000| Untracked |  0
|  98|0x0000000618800000, 0x0000000618b72f30, 0x0000000618c00000| 86%| S|CS|TAMS 0x0000000618800000| PB 0x0000000618800000| Complete |  0
|  99|0x0000000618c00000, 0x0000000619000000, 0x0000000619000000|100%| S|CS|TAMS 0x0000000618c00000| PB 0x0000000618c00000| Complete |  0
| 100|0x0000000619000000, 0x0000000619400000, 0x0000000619400000|100%| S|CS|TAMS 0x0000000619000000| PB 0x0000000619000000| Complete |  0
| 101|0x0000000619400000, 0x0000000619800000, 0x0000000619800000|100%| S|CS|TAMS 0x0000000619400000| PB 0x0000000619400000| Complete |  0
| 102|0x0000000619800000, 0x0000000619c00000, 0x0000000619c00000|100%| S|CS|TAMS 0x0000000619800000| PB 0x0000000619800000| Complete |  0
| 103|0x0000000619c00000, 0x000000061a000000, 0x000000061a000000|100%| S|CS|TAMS 0x0000000619c00000| PB 0x0000000619c00000| Complete |  0
| 104|0x000000061a000000, 0x000000061a400000, 0x000000061a400000|100%| S|CS|TAMS 0x000000061a000000| PB 0x000000061a000000| Complete |  0
| 105|0x000000061a400000, 0x000000061a800000, 0x000000061a800000|100%| S|CS|TAMS 0x000000061a400000| PB 0x000000061a400000| Complete |  0
| 106|0x000000061a800000, 0x000000061a800000, 0x000000061ac00000|  0%| F|  |TAMS 0x000000061a800000| PB 0x000000061a800000| Untracked |  0
| 107|0x000000061ac00000, 0x000000061ac00000, 0x000000061b000000|  0%| F|  |TAMS 0x000000061ac00000| PB 0x000000061ac00000| Untracked |  0
| 108|0x000000061b000000, 0x000000061b000000, 0x000000061b400000|  0%| F|  |TAMS 0x000000061b000000| PB 0x000000061b000000| Untracked |  0
| 109|0x000000061b400000, 0x000000061b400000, 0x000000061b800000|  0%| F|  |TAMS 0x000000061b400000| PB 0x000000061b400000| Untracked |  0
| 110|0x000000061b800000, 0x000000061b800000, 0x000000061bc00000|  0%| F|  |TAMS 0x000000061b800000| PB 0x000000061b800000| Untracked |  0
| 111|0x000000061bc00000, 0x000000061bc00000, 0x000000061c000000|  0%| F|  |TAMS 0x000000061bc00000| PB 0x000000061bc00000| Untracked |  0
| 112|0x000000061c000000, 0x000000061c000000, 0x000000061c400000|  0%| F|  |TAMS 0x000000061c000000| PB 0x000000061c000000| Untracked |  0
| 113|0x000000061c400000, 0x000000061c400000, 0x000000061c800000|  0%| F|  |TAMS 0x000000061c400000| PB 0x000000061c400000| Untracked |  0
| 114|0x000000061c800000, 0x000000061c800000, 0x000000061cc00000|  0%| F|  |TAMS 0x000000061c800000| PB 0x000000061c800000| Untracked |  0
| 115|0x000000061cc00000, 0x000000061cc00000, 0x000000061d000000|  0%| F|  |TAMS 0x000000061cc00000| PB 0x000000061cc00000| Untracked |  0
| 116|0x000000061d000000, 0x000000061d000000, 0x000000061d400000|  0%| F|  |TAMS 0x000000061d000000| PB 0x000000061d000000| Untracked |  0
| 117|0x000000061d400000, 0x000000061d400000, 0x000000061d800000|  0%| F|  |TAMS 0x000000061d400000| PB 0x000000061d400000| Untracked |  0
| 118|0x000000061d800000, 0x000000061d800000, 0x000000061dc00000|  0%| F|  |TAMS 0x000000061d800000| PB 0x000000061d800000| Untracked |  0
| 119|0x000000061dc00000, 0x000000061dc00000, 0x000000061e000000|  0%| F|  |TAMS 0x000000061dc00000| PB 0x000000061dc00000| Untracked |  0
| 120|0x000000061e000000, 0x000000061e000000, 0x000000061e400000|  0%| F|  |TAMS 0x000000061e000000| PB 0x000000061e000000| Untracked |  0
| 121|0x000000061e400000, 0x000000061e400000, 0x000000061e800000|  0%| F|  |TAMS 0x000000061e400000| PB 0x000000061e400000| Untracked |  0
| 122|0x000000061e800000, 0x000000061e800000, 0x000000061ec00000|  0%| F|  |TAMS 0x000000061e800000| PB 0x000000061e800000| Untracked |  0
| 123|0x000000061ec00000, 0x000000061ec00000, 0x000000061f000000|  0%| F|  |TAMS 0x000000061ec00000| PB 0x000000061ec00000| Untracked |  0
| 124|0x000000061f000000, 0x000000061f000000, 0x000000061f400000|  0%| F|  |TAMS 0x000000061f000000| PB 0x000000061f000000| Untracked |  0
| 125|0x000000061f400000, 0x000000061f400000, 0x000000061f800000|  0%| F|  |TAMS 0x000000061f400000| PB 0x000000061f400000| Untracked |  0
| 126|0x000000061f800000, 0x000000061f800000, 0x000000061fc00000|  0%| F|  |TAMS 0x000000061f800000| PB 0x000000061f800000| Untracked |  0
| 127|0x000000061fc00000, 0x000000061fc00000, 0x0000000620000000|  0%| F|  |TAMS 0x000000061fc00000| PB 0x000000061fc00000| Untracked |  0
| 128|0x0000000620000000, 0x0000000620000000, 0x0000000620400000|  0%| F|  |TAMS 0x0000000620000000| PB 0x0000000620000000| Untracked |  0
| 129|0x0000000620400000, 0x0000000620400000, 0x0000000620800000|  0%| F|  |TAMS 0x0000000620400000| PB 0x0000000620400000| Untracked |  0
| 130|0x0000000620800000, 0x0000000620800000, 0x0000000620c00000|  0%| F|  |TAMS 0x0000000620800000| PB 0x0000000620800000| Untracked |  0
| 131|0x0000000620c00000, 0x0000000620c00000, 0x0000000621000000|  0%| F|  |TAMS 0x0000000620c00000| PB 0x0000000620c00000| Untracked |  0
| 132|0x0000000621000000, 0x0000000621000000, 0x0000000621400000|  0%| F|  |TAMS 0x0000000621000000| PB 0x0000000621000000| Untracked |  0
| 133|0x0000000621400000, 0x0000000621400000, 0x0000000621800000|  0%| F|  |TAMS 0x0000000621400000| PB 0x0000000621400000| Untracked |  0
| 134|0x0000000621800000, 0x0000000621800000, 0x0000000621c00000|  0%| F|  |TAMS 0x0000000621800000| PB 0x0000000621800000| Untracked |  0
| 135|0x0000000621c00000, 0x0000000621c00000, 0x0000000622000000|  0%| F|  |TAMS 0x0000000621c00000| PB 0x0000000621c00000| Untracked |  0
| 136|0x0000000622000000, 0x0000000622000000, 0x0000000622400000|  0%| F|  |TAMS 0x0000000622000000| PB 0x0000000622000000| Untracked |  0
| 137|0x0000000622400000, 0x0000000622400000, 0x0000000622800000|  0%| F|  |TAMS 0x0000000622400000| PB 0x0000000622400000| Untracked |  0
| 138|0x0000000622800000, 0x0000000622800000, 0x0000000622c00000|  0%| F|  |TAMS 0x0000000622800000| PB 0x0000000622800000| Untracked |  0
| 139|0x0000000622c00000, 0x0000000622c00000, 0x0000000623000000|  0%| F|  |TAMS 0x0000000622c00000| PB 0x0000000622c00000| Untracked |  0
| 140|0x0000000623000000, 0x0000000623000000, 0x0000000623400000|  0%| F|  |TAMS 0x0000000623000000| PB 0x0000000623000000| Untracked |  0
| 141|0x0000000623400000, 0x0000000623400000, 0x0000000623800000|  0%| F|  |TAMS 0x0000000623400000| PB 0x0000000623400000| Untracked |  0
| 142|0x0000000623800000, 0x0000000623800000, 0x0000000623c00000|  0%| F|  |TAMS 0x0000000623800000| PB 0x0000000623800000| Untracked |  0
| 143|0x0000000623c00000, 0x0000000623c00000, 0x0000000624000000|  0%| F|  |TAMS 0x0000000623c00000| PB 0x0000000623c00000| Untracked |  0
| 144|0x0000000624000000, 0x0000000624000000, 0x0000000624400000|  0%| F|  |TAMS 0x0000000624000000| PB 0x0000000624000000| Untracked |  0
| 145|0x0000000624400000, 0x0000000624400000, 0x0000000624800000|  0%| F|  |TAMS 0x0000000624400000| PB 0x0000000624400000| Untracked |  0
| 146|0x0000000624800000, 0x0000000624800000, 0x0000000624c00000|  0%| F|  |TAMS 0x0000000624800000| PB 0x0000000624800000| Untracked |  0
| 147|0x0000000624c00000, 0x0000000624c00000, 0x0000000625000000|  0%| F|  |TAMS 0x0000000624c00000| PB 0x0000000624c00000| Untracked |  0
| 148|0x0000000625000000, 0x0000000625000000, 0x0000000625400000|  0%| F|  |TAMS 0x0000000625000000| PB 0x0000000625000000| Untracked |  0
| 149|0x0000000625400000, 0x0000000625400000, 0x0000000625800000|  0%| F|  |TAMS 0x0000000625400000| PB 0x0000000625400000| Untracked |  0
| 150|0x0000000625800000, 0x0000000625800000, 0x0000000625c00000|  0%| F|  |TAMS 0x0000000625800000| PB 0x0000000625800000| Untracked |  0
| 151|0x0000000625c00000, 0x0000000625c00000, 0x0000000626000000|  0%| F|  |TAMS 0x0000000625c00000| PB 0x0000000625c00000| Untracked |  0
| 152|0x0000000626000000, 0x0000000626000000, 0x0000000626400000|  0%| F|  |TAMS 0x0000000626000000| PB 0x0000000626000000| Untracked |  0
| 153|0x0000000626400000, 0x0000000626400000, 0x0000000626800000|  0%| F|  |TAMS 0x0000000626400000| PB 0x0000000626400000| Untracked |  0
| 154|0x0000000626800000, 0x0000000626800000, 0x0000000626c00000|  0%| F|  |TAMS 0x0000000626800000| PB 0x0000000626800000| Untracked |  0
| 155|0x0000000626c00000, 0x0000000626c00000, 0x0000000627000000|  0%| F|  |TAMS 0x0000000626c00000| PB 0x0000000626c00000| Untracked |  0
| 156|0x0000000627000000, 0x0000000627000000, 0x0000000627400000|  0%| F|  |TAMS 0x0000000627000000| PB 0x0000000627000000| Untracked |  0
| 157|0x0000000627400000, 0x0000000627400000, 0x0000000627800000|  0%| F|  |TAMS 0x0000000627400000| PB 0x0000000627400000| Untracked |  0
| 158|0x0000000627800000, 0x0000000627800000, 0x0000000627c00000|  0%| F|  |TAMS 0x0000000627800000| PB 0x0000000627800000| Untracked |  0
| 159|0x0000000627c00000, 0x0000000627c00000, 0x0000000628000000|  0%| F|  |TAMS 0x0000000627c00000| PB 0x0000000627c00000| Untracked |  0
| 160|0x0000000628000000, 0x0000000628000000, 0x0000000628400000|  0%| F|  |TAMS 0x0000000628000000| PB 0x0000000628000000| Untracked |  0
| 161|0x0000000628400000, 0x0000000628400000, 0x0000000628800000|  0%| F|  |TAMS 0x0000000628400000| PB 0x0000000628400000| Untracked |  0
| 162|0x0000000628800000, 0x0000000628800000, 0x0000000628c00000|  0%| F|  |TAMS 0x0000000628800000| PB 0x0000000628800000| Untracked |  0
| 163|0x0000000628c00000, 0x0000000628c00000, 0x0000000629000000|  0%| F|  |TAMS 0x0000000628c00000| PB 0x0000000628c00000| Untracked |  0
| 164|0x0000000629000000, 0x0000000629000000, 0x0000000629400000|  0%| F|  |TAMS 0x0000000629000000| PB 0x0000000629000000| Untracked |  0
| 165|0x0000000629400000, 0x0000000629400000, 0x0000000629800000|  0%| F|  |TAMS 0x0000000629400000| PB 0x0000000629400000| Untracked |  0
| 166|0x0000000629800000, 0x0000000629800000, 0x0000000629c00000|  0%| F|  |TAMS 0x0000000629800000| PB 0x0000000629800000| Untracked |  0
| 167|0x0000000629c00000, 0x0000000629c00000, 0x000000062a000000|  0%| F|  |TAMS 0x0000000629c00000| PB 0x0000000629c00000| Untracked |  0
| 168|0x000000062a000000, 0x000000062a000000, 0x000000062a400000|  0%| F|  |TAMS 0x000000062a000000| PB 0x000000062a000000| Untracked |  0
| 169|0x000000062a400000, 0x000000062a400000, 0x000000062a800000|  0%| F|  |TAMS 0x000000062a400000| PB 0x000000062a400000| Untracked |  0
| 170|0x000000062a800000, 0x000000062a800000, 0x000000062ac00000|  0%| F|  |TAMS 0x000000062a800000| PB 0x000000062a800000| Untracked |  0
| 171|0x000000062ac00000, 0x000000062ac00000, 0x000000062b000000|  0%| F|  |TAMS 0x000000062ac00000| PB 0x000000062ac00000| Untracked |  0
| 172|0x000000062b000000, 0x000000062b000000, 0x000000062b400000|  0%| F|  |TAMS 0x000000062b000000| PB 0x000000062b000000| Untracked |  0
| 173|0x000000062b400000, 0x000000062b400000, 0x000000062b800000|  0%| F|  |TAMS 0x000000062b400000| PB 0x000000062b400000| Untracked |  0
| 174|0x000000062b800000, 0x000000062b800000, 0x000000062bc00000|  0%| F|  |TAMS 0x000000062b800000| PB 0x000000062b800000| Untracked |  0
| 175|0x000000062bc00000, 0x000000062bc00000, 0x000000062c000000|  0%| F|  |TAMS 0x000000062bc00000| PB 0x000000062bc00000| Untracked |  0
| 176|0x000000062c000000, 0x000000062c000000, 0x000000062c400000|  0%| F|  |TAMS 0x000000062c000000| PB 0x000000062c000000| Untracked |  0
| 177|0x000000062c400000, 0x000000062c400000, 0x000000062c800000|  0%| F|  |TAMS 0x000000062c400000| PB 0x000000062c400000| Untracked |  0
| 178|0x000000062c800000, 0x000000062c800000, 0x000000062cc00000|  0%| F|  |TAMS 0x000000062c800000| PB 0x000000062c800000| Untracked |  0
| 179|0x000000062cc00000, 0x000000062cc00000, 0x000000062d000000|  0%| F|  |TAMS 0x000000062cc00000| PB 0x000000062cc00000| Untracked |  0
| 180|0x000000062d000000, 0x000000062d000000, 0x000000062d400000|  0%| F|  |TAMS 0x000000062d000000| PB 0x000000062d000000| Untracked |  0
| 181|0x000000062d400000, 0x000000062d400000, 0x000000062d800000|  0%| F|  |TAMS 0x000000062d400000| PB 0x000000062d400000| Untracked |  0
| 182|0x000000062d800000, 0x000000062d800000, 0x000000062dc00000|  0%| F|  |TAMS 0x000000062d800000| PB 0x000000062d800000| Untracked |  0
| 183|0x000000062dc00000, 0x000000062dc00000, 0x000000062e000000|  0%| F|  |TAMS 0x000000062dc00000| PB 0x000000062dc00000| Untracked |  0
| 184|0x000000062e000000, 0x000000062e000000, 0x000000062e400000|  0%| F|  |TAMS 0x000000062e000000| PB 0x000000062e000000| Untracked |  0
| 185|0x000000062e400000, 0x000000062e400000, 0x000000062e800000|  0%| F|  |TAMS 0x000000062e400000| PB 0x000000062e400000| Untracked |  0
| 186|0x000000062e800000, 0x000000062e800000, 0x000000062ec00000|  0%| F|  |TAMS 0x000000062e800000| PB 0x000000062e800000| Untracked |  0
| 187|0x000000062ec00000, 0x000000062ec00000, 0x000000062f000000|  0%| F|  |TAMS 0x000000062ec00000| PB 0x000000062ec00000| Untracked |  0
| 188|0x000000062f000000, 0x000000062f000000, 0x000000062f400000|  0%| F|  |TAMS 0x000000062f000000| PB 0x000000062f000000| Untracked |  0
| 189|0x000000062f400000, 0x000000062f400000, 0x000000062f800000|  0%| F|  |TAMS 0x000000062f400000| PB 0x000000062f400000| Untracked |  0
| 190|0x000000062f800000, 0x000000062f800000, 0x000000062fc00000|  0%| F|  |TAMS 0x000000062f800000| PB 0x000000062f800000| Untracked |  0
| 191|0x000000062fc00000, 0x000000062fc00000, 0x0000000630000000|  0%| F|  |TAMS 0x000000062fc00000| PB 0x000000062fc00000| Untracked |  0
| 192|0x0000000630000000, 0x0000000630000000, 0x0000000630400000|  0%| F|  |TAMS 0x0000000630000000| PB 0x0000000630000000| Untracked |  0
| 193|0x0000000630400000, 0x0000000630400000, 0x0000000630800000|  0%| F|  |TAMS 0x0000000630400000| PB 0x0000000630400000| Untracked |  0
| 194|0x0000000630800000, 0x0000000630800000, 0x0000000630c00000|  0%| F|  |TAMS 0x0000000630800000| PB 0x0000000630800000| Untracked |  0
| 195|0x0000000630c00000, 0x0000000630c00000, 0x0000000631000000|  0%| F|  |TAMS 0x0000000630c00000| PB 0x0000000630c00000| Untracked |  0
| 196|0x0000000631000000, 0x0000000631000000, 0x0000000631400000|  0%| F|  |TAMS 0x0000000631000000| PB 0x0000000631000000| Untracked |  0
| 197|0x0000000631400000, 0x0000000631400000, 0x0000000631800000|  0%| F|  |TAMS 0x0000000631400000| PB 0x0000000631400000| Untracked |  0
| 198|0x0000000631800000, 0x0000000631800000, 0x0000000631c00000|  0%| F|  |TAMS 0x0000000631800000| PB 0x0000000631800000| Untracked |  0
| 199|0x0000000631c00000, 0x0000000631c00000, 0x0000000632000000|  0%| F|  |TAMS 0x0000000631c00000| PB 0x0000000631c00000| Untracked |  0
| 200|0x0000000632000000, 0x0000000632000000, 0x0000000632400000|  0%| F|  |TAMS 0x0000000632000000| PB 0x0000000632000000| Untracked |  0
| 201|0x0000000632400000, 0x0000000632400000, 0x0000000632800000|  0%| F|  |TAMS 0x0000000632400000| PB 0x0000000632400000| Untracked |  0
| 202|0x0000000632800000, 0x0000000632800000, 0x0000000632c00000|  0%| F|  |TAMS 0x0000000632800000| PB 0x0000000632800000| Untracked |  0
| 203|0x0000000632c00000, 0x0000000632c00000, 0x0000000633000000|  0%| F|  |TAMS 0x0000000632c00000| PB 0x0000000632c00000| Untracked |  0
| 204|0x0000000633000000, 0x0000000633000000, 0x0000000633400000|  0%| F|  |TAMS 0x0000000633000000| PB 0x0000000633000000| Untracked |  0
| 205|0x0000000633400000, 0x0000000633400000, 0x0000000633800000|  0%| F|  |TAMS 0x0000000633400000| PB 0x0000000633400000| Untracked |  0
| 206|0x0000000633800000, 0x0000000633800000, 0x0000000633c00000|  0%| F|  |TAMS 0x0000000633800000| PB 0x0000000633800000| Untracked |  0
| 207|0x0000000633c00000, 0x0000000633fc2ce0, 0x0000000634000000| 94%| E|  |TAMS 0x0000000633c00000| PB 0x0000000633c00000| Complete |  4
| 208|0x0000000634000000, 0x0000000634400000, 0x0000000634400000|100%| E|CS|TAMS 0x0000000634000000| PB 0x0000000634000000| Complete |  0
| 209|0x0000000634400000, 0x0000000634800000, 0x0000000634800000|100%| E|CS|TAMS 0x0000000634400000| PB 0x0000000634400000| Complete |  0
| 210|0x0000000634800000, 0x0000000634c00000, 0x0000000634c00000|100%| E|CS|TAMS 0x0000000634800000| PB 0x0000000634800000| Complete |  0
| 211|0x0000000634c00000, 0x0000000635000000, 0x0000000635000000|100%| E|CS|TAMS 0x0000000634c00000| PB 0x0000000634c00000| Complete |  0
| 212|0x0000000635000000, 0x0000000635400000, 0x0000000635400000|100%| E|CS|TAMS 0x0000000635000000| PB 0x0000000635000000| Complete |  0
| 213|0x0000000635400000, 0x0000000635800000, 0x0000000635800000|100%| E|CS|TAMS 0x0000000635400000| PB 0x0000000635400000| Complete |  0
| 214|0x0000000635800000, 0x0000000635c00000, 0x0000000635c00000|100%| E|CS|TAMS 0x0000000635800000| PB 0x0000000635800000| Complete |  0
| 215|0x0000000635c00000, 0x0000000636000000, 0x0000000636000000|100%| E|CS|TAMS 0x0000000635c00000| PB 0x0000000635c00000| Complete |  0
| 216|0x0000000636000000, 0x0000000636400000, 0x0000000636400000|100%| E|CS|TAMS 0x0000000636000000| PB 0x0000000636000000| Complete |  0
| 217|0x0000000636400000, 0x0000000636800000, 0x0000000636800000|100%| E|CS|TAMS 0x0000000636400000| PB 0x0000000636400000| Complete |  0
| 218|0x0000000636800000, 0x0000000636c00000, 0x0000000636c00000|100%| E|CS|TAMS 0x0000000636800000| PB 0x0000000636800000| Complete |  0
| 219|0x0000000636c00000, 0x0000000637000000, 0x0000000637000000|100%| E|CS|TAMS 0x0000000636c00000| PB 0x0000000636c00000| Complete |  0
| 220|0x0000000637000000, 0x0000000637400000, 0x0000000637400000|100%| E|CS|TAMS 0x0000000637000000| PB 0x0000000637000000| Complete |  0
| 221|0x0000000637400000, 0x0000000637800000, 0x0000000637800000|100%| E|CS|TAMS 0x0000000637400000| PB 0x0000000637400000| Complete |  0
| 222|0x0000000637800000, 0x0000000637c00000, 0x0000000637c00000|100%| E|CS|TAMS 0x0000000637800000| PB 0x0000000637800000| Complete |  0
| 223|0x0000000637c00000, 0x0000000638000000, 0x0000000638000000|100%| E|CS|TAMS 0x0000000637c00000| PB 0x0000000637c00000| Complete |  0
| 224|0x0000000638000000, 0x0000000638400000, 0x0000000638400000|100%| E|CS|TAMS 0x0000000638000000| PB 0x0000000638000000| Complete |  0
| 225|0x0000000638400000, 0x0000000638800000, 0x0000000638800000|100%| E|CS|TAMS 0x0000000638400000| PB 0x0000000638400000| Complete |  0
| 226|0x0000000638800000, 0x0000000638c00000, 0x0000000638c00000|100%| E|CS|TAMS 0x0000000638800000| PB 0x0000000638800000| Complete |  0
| 227|0x0000000638c00000, 0x0000000639000000, 0x0000000639000000|100%| E|CS|TAMS 0x0000000638c00000| PB 0x0000000638c00000| Complete |  0
| 228|0x0000000639000000, 0x0000000639400000, 0x0000000639400000|100%| E|CS|TAMS 0x0000000639000000| PB 0x0000000639000000| Complete |  0
| 229|0x0000000639400000, 0x0000000639800000, 0x0000000639800000|100%| E|CS|TAMS 0x0000000639400000| PB 0x0000000639400000| Complete |  0
| 230|0x0000000639800000, 0x0000000639c00000, 0x0000000639c00000|100%| E|CS|TAMS 0x0000000639800000| PB 0x0000000639800000| Complete |  0
| 231|0x0000000639c00000, 0x000000063a000000, 0x000000063a000000|100%| E|CS|TAMS 0x0000000639c00000| PB 0x0000000639c00000| Complete |  0
| 232|0x000000063a000000, 0x000000063a400000, 0x000000063a400000|100%| E|CS|TAMS 0x000000063a000000| PB 0x000000063a000000| Complete |  0
| 233|0x000000063a400000, 0x000000063a800000, 0x000000063a800000|100%| E|CS|TAMS 0x000000063a400000| PB 0x000000063a400000| Complete |  0
| 234|0x000000063a800000, 0x000000063ac00000, 0x000000063ac00000|100%| E|CS|TAMS 0x000000063a800000| PB 0x000000063a800000| Complete |  0
| 235|0x000000063ac00000, 0x000000063b000000, 0x000000063b000000|100%| E|CS|TAMS 0x000000063ac00000| PB 0x000000063ac00000| Complete |  0
| 236|0x000000063b000000, 0x000000063b400000, 0x000000063b400000|100%| E|CS|TAMS 0x000000063b000000| PB 0x000000063b000000| Complete |  0
| 237|0x000000063b400000, 0x000000063b800000, 0x000000063b800000|100%| E|CS|TAMS 0x000000063b400000| PB 0x000000063b400000| Complete |  0
| 238|0x000000063b800000, 0x000000063bc00000, 0x000000063bc00000|100%| E|CS|TAMS 0x000000063b800000| PB 0x000000063b800000| Complete |  0
| 239|0x000000063bc00000, 0x000000063c000000, 0x000000063c000000|100%| E|CS|TAMS 0x000000063bc00000| PB 0x000000063bc00000| Complete |  0
| 240|0x000000063c000000, 0x000000063c400000, 0x000000063c400000|100%| E|CS|TAMS 0x000000063c000000| PB 0x000000063c000000| Complete |  0
| 241|0x000000063c400000, 0x000000063c800000, 0x000000063c800000|100%| E|CS|TAMS 0x000000063c400000| PB 0x000000063c400000| Complete |  0

Card table byte_map: [0x000001b7eca20000,0x000001b7eda20000] _byte_map_base: 0x000001b7e9a20000

Marking Bits: (CMBitMap*) 0x000001b7e6f86830
 Bits: [0x000001b7eda20000, 0x000001b7f5a20000)

Polling page: 0x000001b7e4c30000

Metaspace:
Metaspace        used 136631K, committed 138816K, reserved 1179648K
 class space     used 20249K, committed 21312K, reserved 1048576K

Usage:
  Non-class:    113.65 MB used.
      Class:     19.78 MB used.
       Both:    133.43 MB used.

Virtual space:
  Non-class space:      128.00 MB reserved,     114.75 MB ( 90%) committed,  2 nodes.
      Class space:        1.00 GB reserved,      20.81 MB (  2%) committed,  1 nodes.
             Both:        1.12 GB reserved,     135.56 MB ( 12%) committed. 

Chunk freelists:
   Non-Class:  12.89 MB
       Class:  11.03 MB
        Both:  23.92 MB

MaxMetaspaceSize: 4.00 GB
CompressedClassSpaceSize: 1.00 GB
Initial GC threshold: 21.00 MB
Current GC threshold: 224.00 MB
CDS: off
 - commit_granule_bytes: 65536.
 - commit_granule_words: 8192.
 - virtual_space_node_default_size: 8388608.
 - enlarge_chunks_in_place: 1.
UseCompressedClassPointers 1, UseCompactObjectHeaders 0
Narrow klass pointer bits 32, Max shift 3
Narrow klass base: 0x0000000000000000, Narrow klass shift: 0
Encoding Range: [0x0000000000000000 - 0x0000000100000000), (4294967296 bytes)
Klass Range:    [0x00000000a2000000 - 0x00000000e2000000), (1073741824 bytes)
Klass ID Range:  [2717908992 - 3791650809) (1073741817)
No protection zone.


Internal statistics:

num_allocs_failed_limit: 12.
num_arena_births: 4354.
num_arena_deaths: 2.
num_vsnodes_births: 3.
num_vsnodes_deaths: 0.
num_space_committed: 2169.
num_space_uncommitted: 0.
num_chunks_returned_to_freelist: 16.
num_chunks_taken_from_freelist: 9653.
num_chunk_merges: 12.
num_chunk_splits: 6577.
num_chunks_enlarged: 4413.
num_inconsistent_stats: 0.

CodeHeap 'non-profiled nmethods': size=258176Kb used=11132Kb max_used=11132Kb free=247043Kb
 bounds [0x000001b7903e0000, 0x000001b790ec0000, 0x000001b7a0000000]
CodeHeap 'profiled nmethods': size=258112Kb used=27906Kb max_used=27906Kb free=230205Kb
 bounds [0x000001b780000000, 0x000001b781b50000, 0x000001b78fc10000]
CodeHeap 'non-nmethods': size=8000Kb used=4635Kb max_used=4819Kb free=3364Kb
 bounds [0x000001b78fc10000, 0x000001b7900e0000, 0x000001b7903e0000]
CodeCache: size=524288Kb, used=43673Kb, max_used=43857Kb, free=480612Kb
 total_blobs=19447, nmethods=18454, adapters=891, full_count=0
Compilation: enabled, stopped_count=0, restarted_count=0

Compilation events (20 events):
Event: 20.243 Thread 0x000001b7a05b8e90 21246       3       org.objectweb.asm.AnnotationWriter::visitAnnotation (73 bytes)
Event: 20.243 Thread 0x000001b7a05b8e90 nmethod 21246 0x000001b781b2fc88 code [0x000001b781b2fd80, 0x000001b781b30260]
Event: 20.243 Thread 0x000001b7aac3cdf0 nmethod 21244 0x000001b790e8b988 code [0x000001b790e8ba80, 0x000001b790e8bec0]
Event: 20.247 Thread 0x000001b7aac3cdf0 21247       4       org.objectweb.asm.SymbolTable::addBootstrapMethod (209 bytes)
Event: 20.248 Thread 0x000001b7abbf6b90 nmethod 21082 0x000001b790e8bf08 code [0x000001b790e8c020, 0x000001b790e95f88]
Event: 20.248 Thread 0x000001b7acdbf660 21248       4       org.objectweb.asm.Type::getArgumentTypes (94 bytes)
Event: 20.252 Thread 0x000001b7f9787b00 21249       4       org.apache.commons.compress.archivers.zip.ZipArchiveOutputStream::handleZip64Extra (203 bytes)
Event: 20.252 Thread 0x000001b7f9787b00 nmethod 21249 0x000001b790e96108 code [0x000001b790e96200, 0x000001b790e962a0]
Event: 20.253 Thread 0x000001b7aaca1700 nmethod 21085 0x000001b790e96408 code [0x000001b790e96520, 0x000001b790ea1380]
Event: 20.254 Thread 0x000001b7a3762880 21250       3       org.gradle.internal.classpath.transforms.BaseClasspathElementTransform$$Lambda/0x00000000a3392c70::visit (13 bytes)
Event: 20.254 Thread 0x000001b7a05b8e90 21251       3       org.gradle.internal.classpath.transforms.BaseClasspathElementTransform::lambda$visitEntries$1 (7 bytes)
Event: 20.254 Thread 0x000001b7a05b8e90 nmethod 21251 0x000001b781b30288 code [0x000001b781b30380, 0x000001b781b304b0]
Event: 20.254 Thread 0x000001b7a3762880 nmethod 21250 0x000001b781b30588 code [0x000001b781b30680, 0x000001b781b30830]
Event: 20.255 Thread 0x000001b7abbf6b90 21252       4       jdk.internal.util.ArraysSupport::utf16hashCode (40 bytes)
Event: 20.255 Thread 0x000001b7a3762880 21253       3       org.objectweb.asm.MethodWriter::visitFrame (811 bytes)
Event: 20.255 Thread 0x000001b7a05b8e90 21254       3       org.objectweb.asm.SymbolTable::addConstantNameAndType (137 bytes)
Event: 20.256 Thread 0x000001b7a05b8680 21255       3       org.objectweb.asm.SymbolTable::addConstantMemberReference (147 bytes)
Event: 20.256 Thread 0x000001b7a05b8e90 nmethod 21254 0x000001b781b30888 code [0x000001b781b30980, 0x000001b781b31380]
Event: 20.256 Thread 0x000001b7a05b8680 nmethod 21255 0x000001b781b31408 code [0x000001b781b31500, 0x000001b781b32180]
Event: 20.256 Thread 0x000001b7a05b8680 21256       3       org.gradle.internal.classpath.generated.InterceptorDeclaration_PropertyUpgradesJvmBytecode_LanguageJvm::visitMethodInsn (218 bytes)

GC Heap Usage History (20 events):
Event: 15.156 {heap Before GC invocations=36 (full 0):
 garbage-first heap   total reserved 8388608K, committed 409600K, used 349894K [0x0000000600000000, 0x0000000800000000)
  region size 4096K, 60 young (245760K), 3 survivors (12288K)
}
Event: 15.159 {heap After GC invocations=37 (full 0):
 garbage-first heap   total reserved 8388608K, committed 409600K, used 129059K [0x0000000600000000, 0x0000000800000000)
  region size 4096K, 5 young (20480K), 5 survivors (20480K)
}
Event: 16.684 {heap Before GC invocations=38 (full 0):
 garbage-first heap   total reserved 8388608K, committed 409600K, used 350243K [0x0000000600000000, 0x0000000800000000)
  region size 4096K, 60 young (245760K), 5 survivors (20480K)
}
Event: 16.689 {heap After GC invocations=39 (full 0):
 garbage-first heap   total reserved 8388608K, committed 409600K, used 148219K [0x0000000600000000, 0x0000000800000000)
  region size 4096K, 8 young (32768K), 8 survivors (32768K)
}
Event: 19.235 {heap Before GC invocations=39 (full 0):
 garbage-first heap   total reserved 8388608K, committed 409600K, used 357115K [0x0000000600000000, 0x0000000800000000)
  region size 4096K, 60 young (245760K), 8 survivors (32768K)
}
Event: 19.239 {heap After GC invocations=40 (full 0):
 garbage-first heap   total reserved 8388608K, committed 409600K, used 163065K [0x0000000600000000, 0x0000000800000000)
  region size 4096K, 3 young (12288K), 3 survivors (12288K)
}
Event: 19.282 {heap Before GC invocations=40 (full 0):
 garbage-first heap   total reserved 8388608K, committed 409600K, used 371961K [0x0000000600000000, 0x0000000800000000)
  region size 4096K, 55 young (225280K), 3 survivors (12288K)
}
Event: 19.284 {heap After GC invocations=41 (full 0):
 garbage-first heap   total reserved 8388608K, committed 409600K, used 165579K [0x0000000600000000, 0x0000000800000000)
  region size 4096K, 3 young (12288K), 3 survivors (12288K)
}
Event: 19.447 {heap Before GC invocations=42 (full 0):
 garbage-first heap   total reserved 8388608K, committed 409600K, used 374475K [0x0000000600000000, 0x0000000800000000)
  region size 4096K, 55 young (225280K), 3 survivors (12288K)
}
Event: 19.450 {heap After GC invocations=43 (full 0):
 garbage-first heap   total reserved 8388608K, committed 409600K, used 164623K [0x0000000600000000, 0x0000000800000000)
  region size 4096K, 4 young (16384K), 4 survivors (16384K)
}
Event: 19.561 {heap Before GC invocations=43 (full 0):
 garbage-first heap   total reserved 8388608K, committed 409600K, used 381711K [0x0000000600000000, 0x0000000800000000)
  region size 4096K, 57 young (233472K), 4 survivors (16384K)
}
Event: 19.566 {heap After GC invocations=44 (full 0):
 garbage-first heap   total reserved 8388608K, committed 729088K, used 171636K [0x0000000600000000, 0x0000000800000000)
  region size 4096K, 6 young (24576K), 6 survivors (24576K)
}
Event: 19.852 {heap Before GC invocations=44 (full 0):
 garbage-first heap   total reserved 8388608K, committed 729088K, used 577140K [0x0000000600000000, 0x0000000800000000)
  region size 4096K, 106 young (434176K), 6 survivors (24576K)
}
Event: 19.856 {heap After GC invocations=45 (full 0):
 garbage-first heap   total reserved 8388608K, committed 729088K, used 179163K [0x0000000600000000, 0x0000000800000000)
  region size 4096K, 8 young (32768K), 8 survivors (32768K)
}
Event: 19.943 {heap Before GC invocations=45 (full 0):
 garbage-first heap   total reserved 8388608K, committed 729088K, used 576475K [0x0000000600000000, 0x0000000800000000)
  region size 4096K, 106 young (434176K), 8 survivors (32768K)
}
Event: 19.948 {heap After GC invocations=46 (full 0):
 garbage-first heap   total reserved 8388608K, committed 729088K, used 185634K [0x0000000600000000, 0x0000000800000000)
  region size 4096K, 9 young (36864K), 9 survivors (36864K)
}
Event: 20.021 {heap Before GC invocations=46 (full 0):
 garbage-first heap   total reserved 8388608K, committed 729088K, used 578850K [0x0000000600000000, 0x0000000800000000)
  region size 4096K, 106 young (434176K), 9 survivors (36864K)
}
Event: 20.026 {heap After GC invocations=47 (full 0):
 garbage-first heap   total reserved 8388608K, committed 729088K, used 184266K [0x0000000600000000, 0x0000000800000000)
  region size 4096K, 8 young (32768K), 8 survivors (32768K)
}
Event: 20.098 {heap Before GC invocations=47 (full 0):
 garbage-first heap   total reserved 8388608K, committed 729088K, used 581578K [0x0000000600000000, 0x0000000800000000)
  region size 4096K, 106 young (434176K), 8 survivors (32768K)
}
Event: 20.104 {heap After GC invocations=48 (full 0):
 garbage-first heap   total reserved 8388608K, committed 991232K, used 189677K [0x0000000600000000, 0x0000000800000000)
  region size 4096K, 9 young (36864K), 9 survivors (36864K)
}

Metaspace Usage History (20 events):
Event: 15.156 {metaspace Before GC invocations=36 (full 0):
 Metaspace       used 116993K, committed 119104K, reserved 1179648K
  class space    used 17530K, committed 18496K, reserved 1048576K
}
Event: 15.159 {metaspace After GC invocations=37 (full 0):
 Metaspace       used 116993K, committed 119104K, reserved 1179648K
  class space    used 17530K, committed 18496K, reserved 1048576K
}
Event: 16.684 {metaspace Before GC invocations=38 (full 0):
 Metaspace       used 134672K, committed 136896K, reserved 1179648K
  class space    used 20060K, committed 21120K, reserved 1048576K
}
Event: 16.689 {metaspace After GC invocations=39 (full 0):
 Metaspace       used 134672K, committed 136896K, reserved 1179648K
  class space    used 20060K, committed 21120K, reserved 1048576K
}
Event: 19.235 {metaspace Before GC invocations=39 (full 0):
 Metaspace       used 135378K, committed 137600K, reserved 1179648K
  class space    used 20130K, committed 21184K, reserved 1048576K
}
Event: 19.239 {metaspace After GC invocations=40 (full 0):
 Metaspace       used 135378K, committed 137600K, reserved 1179648K
  class space    used 20130K, committed 21184K, reserved 1048576K
}
Event: 19.282 {metaspace Before GC invocations=40 (full 0):
 Metaspace       used 135394K, committed 137600K, reserved 1179648K
  class space    used 20131K, committed 21184K, reserved 1048576K
}
Event: 19.284 {metaspace After GC invocations=41 (full 0):
 Metaspace       used 135394K, committed 137600K, reserved 1179648K
  class space    used 20131K, committed 21184K, reserved 1048576K
}
Event: 19.447 {metaspace Before GC invocations=42 (full 0):
 Metaspace       used 135382K, committed 137600K, reserved 1179648K
  class space    used 20126K, committed 21184K, reserved 1048576K
}
Event: 19.450 {metaspace After GC invocations=43 (full 0):
 Metaspace       used 135382K, committed 137600K, reserved 1179648K
  class space    used 20126K, committed 21184K, reserved 1048576K
}
Event: 19.561 {metaspace Before GC invocations=43 (full 0):
 Metaspace       used 135474K, committed 137664K, reserved 1179648K
  class space    used 20144K, committed 21184K, reserved 1048576K
}
Event: 19.566 {metaspace After GC invocations=44 (full 0):
 Metaspace       used 135474K, committed 137664K, reserved 1179648K
  class space    used 20144K, committed 21184K, reserved 1048576K
}
Event: 19.852 {metaspace Before GC invocations=44 (full 0):
 Metaspace       used 136388K, committed 138624K, reserved 1179648K
  class space    used 20243K, committed 21312K, reserved 1048576K
}
Event: 19.856 {metaspace After GC invocations=45 (full 0):
 Metaspace       used 136388K, committed 138624K, reserved 1179648K
  class space    used 20243K, committed 21312K, reserved 1048576K
}
Event: 19.943 {metaspace Before GC invocations=45 (full 0):
 Metaspace       used 136552K, committed 138752K, reserved 1179648K
  class space    used 20245K, committed 21312K, reserved 1048576K
}
Event: 19.948 {metaspace After GC invocations=46 (full 0):
 Metaspace       used 136552K, committed 138752K, reserved 1179648K
  class space    used 20245K, committed 21312K, reserved 1048576K
}
Event: 20.021 {metaspace Before GC invocations=46 (full 0):
 Metaspace       used 136590K, committed 138816K, reserved 1179648K
  class space    used 20245K, committed 21312K, reserved 1048576K
}
Event: 20.026 {metaspace After GC invocations=47 (full 0):
 Metaspace       used 136590K, committed 138816K, reserved 1179648K
  class space    used 20245K, committed 21312K, reserved 1048576K
}
Event: 20.098 {metaspace Before GC invocations=47 (full 0):
 Metaspace       used 136618K, committed 138816K, reserved 1179648K
  class space    used 20246K, committed 21312K, reserved 1048576K
}
Event: 20.104 {metaspace After GC invocations=48 (full 0):
 Metaspace       used 136618K, committed 138816K, reserved 1179648K
  class space    used 20246K, committed 21312K, reserved 1048576K
}

Dll operation events (3 events):
Event: 0.005 Loaded shared library C:\Program Files\Android\Android Studio\jbr\bin\java.dll
Event: 0.008 Loaded shared library C:\Program Files\Android\Android Studio\jbr\bin\zip.dll
Event: 0.247 Loaded shared library C:\Program Files\Android\Android Studio\jbr\bin\verify.dll

Deoptimization events (20 events):
Event: 20.251 Thread 0x000001b7a3eeec70 Uncommon trap: trap_request=0xffffff45 fr.pc=0x000001b790e9177c relative=0x000000000000575c
Event: 20.251 Thread 0x000001b7a3eeec70 Uncommon trap: reason=unstable_if action=reinterpret pc=0x000001b790e9177c method=java.util.OptionalInt.orElse(I)I @ 4 c2
Event: 20.251 Thread 0x000001b7a3eeec70 DEOPT PACKING pc=0x000001b790e9177c sp=0x00000089af7fb410
Event: 20.251 Thread 0x000001b7a3eeec70 DEOPT UNPACKING pc=0x000001b78fd37402 sp=0x00000089af7fb288 mode 2
Event: 20.255 Thread 0x000001b7a3ef7140 Uncommon trap: trap_request=0xffffff45 fr.pc=0x000001b790dcc81c relative=0x0000000000000d1c
Event: 20.255 Thread 0x000001b7a3ef7140 Uncommon trap: reason=unstable_if action=reinterpret pc=0x000001b790dcc81c method=org.objectweb.asm.MethodWriter.visitFrame(II[Ljava/lang/Object;I[Ljava/lang/Object;)V @ 771 c2
Event: 20.255 Thread 0x000001b7a3ef7140 DEOPT PACKING pc=0x000001b790dcc81c sp=0x00000089b00fb110
Event: 20.255 Thread 0x000001b7a3ef7140 DEOPT UNPACKING pc=0x000001b78fd37402 sp=0x00000089b00fb0a8 mode 2
Event: 20.255 Thread 0x000001b7a3ef7140 Uncommon trap: trap_request=0xffffff45 fr.pc=0x000001b790e23948 relative=0x00000000000021c8
Event: 20.255 Thread 0x000001b7a3ef7140 Uncommon trap: reason=unstable_if action=reinterpret pc=0x000001b790e23948 method=org.objectweb.asm.SymbolTable.addConstantMemberReference(ILjava/lang/String;Ljava/lang/String;Ljava/lang/String;)Lorg/objectweb/asm/SymbolTable$Entry; @ 63 c2
Event: 20.255 Thread 0x000001b7a3ef7140 DEOPT PACKING pc=0x000001b790e23948 sp=0x00000089b00fb030
Event: 20.255 Thread 0x000001b7a3ef7140 DEOPT UNPACKING pc=0x000001b78fd37402 sp=0x00000089b00fb018 mode 2
Event: 20.255 Thread 0x000001b7a3ef7140 Uncommon trap: trap_request=0xffffff45 fr.pc=0x000001b790e20914 relative=0x0000000000000e94
Event: 20.255 Thread 0x000001b7a3ef7140 Uncommon trap: reason=unstable_if action=reinterpret pc=0x000001b790e20914 method=org.objectweb.asm.SymbolTable.addConstantNameAndType(Ljava/lang/String;Ljava/lang/String;)I @ 54 c2
Event: 20.255 Thread 0x000001b7a3ef7140 DEOPT PACKING pc=0x000001b790e20914 sp=0x00000089b00fafc0
Event: 20.255 Thread 0x000001b7a3ef7140 DEOPT UNPACKING pc=0x000001b78fd37402 sp=0x00000089b00faf78 mode 2
Event: 20.256 Thread 0x000001b7a3c13100 Uncommon trap: trap_request=0xffffff45 fr.pc=0x000001b790d53170 relative=0x0000000000000170
Event: 20.256 Thread 0x000001b7a3c13100 Uncommon trap: reason=unstable_if action=reinterpret pc=0x000001b790d53170 method=org.gradle.internal.classpath.generated.InterceptorDeclaration_PropertyUpgradesJvmBytecode_LanguageJvm.visitMethodInsn(Lorg/gradle/model/internal/asm/MethodVisitorScope;Ljav
Event: 20.256 Thread 0x000001b7a3c13100 DEOPT PACKING pc=0x000001b790d53170 sp=0x00000089b14fb3d0
Event: 20.256 Thread 0x000001b7a3c13100 DEOPT UNPACKING pc=0x000001b78fd37402 sp=0x00000089b14fb348 mode 2

Classes loaded (20 events):
Event: 16.470 Loading class sun/security/ssl/SSLEngineOutputRecord$HandshakeFragment
Event: 16.470 Loading class sun/security/ssl/SSLEngineOutputRecord$HandshakeFragment done
Event: 16.470 Loading class sun/security/ssl/SSLEngineOutputRecord$HandshakeMemo
Event: 16.470 Loading class sun/security/ssl/SSLEngineOutputRecord$RecordMemo
Event: 16.470 Loading class sun/security/ssl/SSLEngineOutputRecord$RecordMemo done
Event: 16.470 Loading class sun/security/ssl/SSLEngineOutputRecord$HandshakeMemo done
Event: 16.503 Loading class sun/security/ssl/PreSharedKeyExtension$SHPreSharedKeySpec
Event: 16.503 Loading class sun/security/ssl/PreSharedKeyExtension$SHPreSharedKeySpec done
Event: 16.614 Loading class sun/security/ssl/ServerNameExtension$SHServerNamesSpec
Event: 16.614 Loading class sun/security/ssl/ServerNameExtension$SHServerNamesSpec done
Event: 19.195 Loading class java/util/zip/ZipFile$ZipEntryIterator
Event: 19.195 Loading class java/util/zip/ZipFile$ZipEntryIterator done
Event: 19.197 Loading class java/util/zip/ZipInputStream
Event: 19.198 Loading class java/util/zip/ZipInputStream done
Event: 19.746 Loading class java/util/Collections$UnmodifiableSortedMap
Event: 19.746 Loading class java/util/Collections$UnmodifiableSortedMap done
Event: 19.749 Loading class java/util/zip/Deflater
Event: 19.749 Loading class java/util/zip/Deflater done
Event: 19.750 Loading class java/util/zip/Deflater$DeflaterZStreamRef
Event: 19.750 Loading class java/util/zip/Deflater$DeflaterZStreamRef done

Classes unloaded (4 events):
Event: 19.318 Thread 0x000001b7f9741dd0 Unloading class 0x00000000a3389000 '_BuildScript_$_run_closure1$_closure3'
Event: 19.318 Thread 0x000001b7f9741dd0 Unloading class 0x00000000a3388968 '_BuildScript_$_run_closure1$_closure2'
Event: 19.318 Thread 0x000001b7f9741dd0 Unloading class 0x00000000a3388540 '_BuildScript_$_run_closure1'
Event: 19.318 Thread 0x000001b7f9741dd0 Unloading class 0x00000000a3388000 '_BuildScript_'

Classes redefined (0 events):
No events

Internal exceptions (20 events):
Event: 20.172 Thread 0x000001b7a3efcf00 Exception <a 'sun/nio/fs/WindowsException'{0x000000062bc1fd60}> (0x000000062bc1fd60) 
thrown [s\src\hotspot\share\prims\jni.cpp, line 535]
Event: 20.172 Thread 0x000001b7a3efcf00 Exception <a 'sun/nio/fs/WindowsException'{0x000000062bc20e38}> (0x000000062bc20e38) 
thrown [s\src\hotspot\share\prims\jni.cpp, line 535]
Event: 20.172 Thread 0x000001b7a3efcf00 Exception <a 'sun/nio/fs/WindowsException'{0x000000062bc221d0}> (0x000000062bc221d0) 
thrown [s\src\hotspot\share\prims\jni.cpp, line 535]
Event: 20.174 Thread 0x000001b7a3efcf00 Exception <a 'sun/nio/fs/WindowsException'{0x000000062b5fe600}> (0x000000062b5fe600) 
thrown [s\src\hotspot\share\prims\jni.cpp, line 535]
Event: 20.183 Thread 0x000001b7a3ef88b0 Exception <a 'sun/nio/fs/WindowsException'{0x0000000629ea3010}> (0x0000000629ea3010) 
thrown [s\src\hotspot\share\prims\jni.cpp, line 535]
Event: 20.184 Thread 0x000001b7a3ef88b0 Exception <a 'sun/nio/fs/WindowsException'{0x0000000629ea8598}> (0x0000000629ea8598) 
thrown [s\src\hotspot\share\prims\jni.cpp, line 535]
Event: 20.187 Thread 0x000001b7a3ef80e0 Exception <a 'sun/nio/fs/WindowsException'{0x0000000629f225a0}> (0x0000000629f225a0) 
thrown [s\src\hotspot\share\prims\jni.cpp, line 535]
Event: 20.188 Thread 0x000001b7a3ef88b0 Exception <a 'sun/nio/fs/WindowsException'{0x000000062849b750}> (0x000000062849b750) 
thrown [s\src\hotspot\share\prims\jni.cpp, line 535]
Event: 20.188 Thread 0x000001b7a3ef80e0 Exception <a 'sun/nio/fs/WindowsException'{0x00000006285eb480}> (0x00000006285eb480) 
thrown [s\src\hotspot\share\prims\jni.cpp, line 535]
Event: 20.188 Thread 0x000001b7a3ef88b0 Exception <a 'sun/nio/fs/WindowsException'{0x00000006284a67e0}> (0x00000006284a67e0) 
thrown [s\src\hotspot\share\prims\jni.cpp, line 535]
Event: 20.188 Thread 0x000001b7a3ef88b0 Exception <a 'sun/nio/fs/WindowsException'{0x00000006284a7690}> (0x00000006284a7690) 
thrown [s\src\hotspot\share\prims\jni.cpp, line 535]
Event: 20.188 Thread 0x000001b7a3ef88b0 Exception <a 'sun/nio/fs/WindowsException'{0x00000006284a8768}> (0x00000006284a8768) 
thrown [s\src\hotspot\share\prims\jni.cpp, line 535]
Event: 20.188 Thread 0x000001b7a3ef88b0 Exception <a 'sun/nio/fs/WindowsException'{0x00000006284a9b00}> (0x00000006284a9b00) 
thrown [s\src\hotspot\share\prims\jni.cpp, line 535]
Event: 20.190 Thread 0x000001b7a3ef88b0 Exception <a 'sun/nio/fs/WindowsException'{0x0000000628333e98}> (0x0000000628333e98) 
thrown [s\src\hotspot\share\prims\jni.cpp, line 535]
Event: 20.190 Thread 0x000001b7a3ef80e0 Exception <a 'sun/nio/fs/WindowsException'{0x0000000627edc260}> (0x0000000627edc260) 
thrown [s\src\hotspot\share\prims\jni.cpp, line 535]
Event: 20.191 Thread 0x000001b7a3ef80e0 Exception <a 'sun/nio/fs/WindowsException'{0x00000006278d4a70}> (0x00000006278d4a70) 
thrown [s\src\hotspot\share\prims\jni.cpp, line 535]
Event: 20.191 Thread 0x000001b7a3ef80e0 Exception <a 'sun/nio/fs/WindowsException'{0x00000006278d5920}> (0x00000006278d5920) 
thrown [s\src\hotspot\share\prims\jni.cpp, line 535]
Event: 20.191 Thread 0x000001b7a3ef80e0 Exception <a 'sun/nio/fs/WindowsException'{0x00000006278d69f8}> (0x00000006278d69f8) 
thrown [s\src\hotspot\share\prims\jni.cpp, line 535]
Event: 20.191 Thread 0x000001b7a3ef80e0 Exception <a 'sun/nio/fs/WindowsException'{0x00000006278d7d90}> (0x00000006278d7d90) 
thrown [s\src\hotspot\share\prims\jni.cpp, line 535]
Event: 20.192 Thread 0x000001b7a3ef80e0 Exception <a 'sun/nio/fs/WindowsException'{0x00000006278f9518}> (0x00000006278f9518) 
thrown [s\src\hotspot\share\prims\jni.cpp, line 535]

VM Operations (20 events):
Event: 19.447 Executing safepoint VM operation: G1CollectForAllocation (G1 Evacuation Pause)
Event: 19.450 Executing safepoint VM operation: G1CollectForAllocation (G1 Evacuation Pause) done
Event: 19.561 Executing safepoint VM operation: G1CollectForAllocation (G1 Evacuation Pause)
Event: 19.566 Executing safepoint VM operation: G1CollectForAllocation (G1 Evacuation Pause) done
Event: 19.748 Executing non-safepoint VM operation: HandshakeAllThreads (Deoptimize)
Event: 19.748 Executing non-safepoint VM operation: HandshakeAllThreads (Deoptimize) done
Event: 19.756 Executing non-safepoint VM operation: HandshakeAllThreads (Deoptimize)
Event: 19.756 Executing non-safepoint VM operation: HandshakeAllThreads (Deoptimize) done
Event: 19.758 Executing non-safepoint VM operation: HandshakeAllThreads (Deoptimize)
Event: 19.758 Executing non-safepoint VM operation: HandshakeAllThreads (Deoptimize) done
Event: 19.761 Executing non-safepoint VM operation: HandshakeAllThreads (Deoptimize)
Event: 19.761 Executing non-safepoint VM operation: HandshakeAllThreads (Deoptimize) done
Event: 19.852 Executing safepoint VM operation: G1CollectForAllocation (G1 Evacuation Pause)
Event: 19.857 Executing safepoint VM operation: G1CollectForAllocation (G1 Evacuation Pause) done
Event: 19.943 Executing safepoint VM operation: G1CollectForAllocation (G1 Evacuation Pause)
Event: 19.948 Executing safepoint VM operation: G1CollectForAllocation (G1 Evacuation Pause) done
Event: 20.021 Executing safepoint VM operation: G1CollectForAllocation (G1 Evacuation Pause)
Event: 20.026 Executing safepoint VM operation: G1CollectForAllocation (G1 Evacuation Pause) done
Event: 20.098 Executing safepoint VM operation: G1CollectForAllocation (G1 Evacuation Pause)
Event: 20.104 Executing safepoint VM operation: G1CollectForAllocation (G1 Evacuation Pause) done

Memory protections (0 events):
No events

Nmethod flushes (20 events):
Event: 19.327 Thread 0x000001b7f9741dd0 flushing  nmethod 0x000001b780f69f08
Event: 19.327 Thread 0x000001b7f9741dd0 flushing  nmethod 0x000001b780f6b188
Event: 19.327 Thread 0x000001b7f9741dd0 flushing  nmethod 0x000001b7813b1288
Event: 19.327 Thread 0x000001b7f9741dd0 flushing  nmethod 0x000001b7814bf308
Event: 19.327 Thread 0x000001b7f9741dd0 flushing  nmethod 0x000001b78153a508
Event: 19.327 Thread 0x000001b7f9741dd0 flushing  nmethod 0x000001b78153ac08
Event: 19.327 Thread 0x000001b7f9741dd0 flushing  nmethod 0x000001b78153b088
Event: 19.327 Thread 0x000001b7f9741dd0 flushing  nmethod 0x000001b79080cf88
Event: 19.327 Thread 0x000001b7f9741dd0 flushing  nmethod 0x000001b7801f9408
Event: 19.327 Thread 0x000001b7f9741dd0 flushing  nmethod 0x000001b7801fef88
Event: 19.327 Thread 0x000001b7f9741dd0 flushing  nmethod 0x000001b780912188
Event: 19.327 Thread 0x000001b7f9741dd0 flushing  nmethod 0x000001b780914388
Event: 19.327 Thread 0x000001b7f9741dd0 flushing  nmethod 0x000001b780914688
Event: 19.327 Thread 0x000001b7f9741dd0 flushing  nmethod 0x000001b780a1ab88
Event: 19.327 Thread 0x000001b7f9741dd0 flushing  nmethod 0x000001b780c69688
Event: 19.327 Thread 0x000001b7f9741dd0 flushing  nmethod 0x000001b780c69e08
Event: 19.327 Thread 0x000001b7f9741dd0 flushing  nmethod 0x000001b780c6a708
Event: 19.327 Thread 0x000001b7f9741dd0 flushing  nmethod 0x000001b780f3f308
Event: 19.327 Thread 0x000001b7f9741dd0 flushing  nmethod 0x000001b780f40c08
Event: 19.327 Thread 0x000001b7f9741dd0 flushing  nmethod 0x000001b780ffe588

Events (20 events):
Event: 18.480 Thread 0x000001b7a05b9eb0 Thread exited: 0x000001b7a05b9eb0
Event: 18.480 Thread 0x000001b7a3762880 Thread exited: 0x000001b7a3762880
Event: 18.600 Thread 0x000001b7a375e800 Thread exited: 0x000001b7a375e800
Event: 19.174 Thread 0x000001b7a42ab190 Thread exited: 0x000001b7a42ab190
Event: 19.174 Thread 0x000001b7f98f0c90 Thread exited: 0x000001b7f98f0c90
Event: 19.199 Thread 0x000001b7f97d7e90 Thread added: 0x000001b7aac3cdf0
Event: 19.208 Thread 0x000001b7f97d7e90 Thread added: 0x000001b7a42ab190
Event: 19.211 Thread 0x000001b7a05b8e90 Thread added: 0x000001b7aaca1700
Event: 19.212 Thread 0x000001b7f97d7e90 Thread added: 0x000001b7adc6f7a0
Event: 19.228 Thread 0x000001b7aaca1700 Thread added: 0x000001b7aa26bfa0
Event: 19.228 Thread 0x000001b7aaca1700 Thread added: 0x000001b7a1632490
Event: 19.263 Thread 0x000001b7adc6f7a0 Thread added: 0x000001b7acdbf660
Event: 19.272 Thread 0x000001b7aaca1700 Thread added: 0x000001b7aa65e640
Event: 19.273 Thread 0x000001b7f97d7e90 Thread added: 0x000001b7a3b895e0
Event: 19.709 Thread 0x000001b7a3b895e0 Thread exited: 0x000001b7a3b895e0
Event: 19.709 Thread 0x000001b7aa65e640 Thread exited: 0x000001b7aa65e640
Event: 19.765 Thread 0x000001b7f97d7e90 Thread added: 0x000001b7a3762880
Event: 19.765 Thread 0x000001b7a05b8680 Thread added: 0x000001b7a3b895e0
Event: 19.814 Thread 0x000001b7aaca1700 Thread added: 0x000001b7abbf6b90
Event: 19.817 Thread 0x000001b7f9787b00 Thread added: 0x000001b7a33e9f50


Dynamic libraries:
0x00007ff6e6770000 - 0x00007ff6e677a000 	C:\Program Files\Android\Android Studio\jbr\bin\java.exe
0x00007ff81d880000 - 0x00007ff81dae6000 	C:\WINDOWS\SYSTEM32\ntdll.dll
0x00007ff81bf20000 - 0x00007ff81bfe9000 	C:\WINDOWS\System32\KERNEL32.DLL
0x00007ff81acd0000 - 0x00007ff81b0cf000 	C:\WINDOWS\System32\KERNELBASE.dll
0x00007ff81ab70000 - 0x00007ff81acbc000 	C:\WINDOWS\System32\ucrtbase.dll
0x00007fffa8ef0000 - 0x00007fffa8f06000 	C:\Program Files\Android\Android Studio\jbr\bin\jli.dll
0x00007ff8025c0000 - 0x00007ff8025db000 	C:\Program Files\Android\Android Studio\jbr\bin\VCRUNTIME140.dll
0x00007ff81bb30000 - 0x00007ff81bcf6000 	C:\WINDOWS\System32\USER32.dll
0x00007ffffd100000 - 0x00007ffffd391000 	C:\WINDOWS\WinSxS\amd64_microsoft.windows.common-controls_6595b64144ccf1df_6.0.26100.8972_none_3e0da176e32f9d4b\COMCTL32.dll
0x00007ff81aa90000 - 0x00007ff81aab7000 	C:\WINDOWS\System32\win32u.dll
0x00007ff81b6b0000 - 0x00007ff81b759000 	C:\WINDOWS\System32\msvcrt.dll
0x00007ff81c530000 - 0x00007ff81c55b000 	C:\WINDOWS\System32\GDI32.dll
0x00007ff81b3c0000 - 0x00007ff81b4e9000 	C:\WINDOWS\System32\gdi32full.dll
0x00007ff81aac0000 - 0x00007ff81ab63000 	C:\WINDOWS\System32\msvcp_win.dll
0x00007ff81c720000 - 0x00007ff81c752000 	C:\WINDOWS\System32\IMM32.DLL
0x00007ff8024d0000 - 0x00007ff8024dc000 	C:\Program Files\Android\Android Studio\jbr\bin\vcruntime140_1.dll
0x00007fff838c0000 - 0x00007fff8394d000 	C:\Program Files\Android\Android Studio\jbr\bin\msvcp140.dll
0x00007ffefde70000 - 0x00007ffefed4a000 	C:\Program Files\Android\Android Studio\jbr\bin\server\jvm.dll
0x00007ff81c000000 - 0x00007ff81c0bc000 	C:\WINDOWS\System32\ADVAPI32.dll
0x00007ff81be70000 - 0x00007ff81bf19000 	C:\WINDOWS\System32\sechost.dll
0x00007ff81c2a0000 - 0x00007ff81c3b8000 	C:\WINDOWS\System32\RPCRT4.dll
0x00007ff81c3c0000 - 0x00007ff81c442000 	C:\WINDOWS\System32\WS2_32.dll
0x00007ff81a730000 - 0x00007ff81a78e000 	C:\WINDOWS\SYSTEM32\POWRPROF.dll
0x00007ff8132b0000 - 0x00007ff8132bb000 	C:\WINDOWS\SYSTEM32\VERSION.dll
0x00007ff80ac90000 - 0x00007ff80acc6000 	C:\WINDOWS\SYSTEM32\WINMM.dll
0x00007ff81a710000 - 0x00007ff81a725000 	C:\WINDOWS\SYSTEM32\UMPDC.dll
0x00007ff819740000 - 0x00007ff81975b000 	C:\WINDOWS\SYSTEM32\kernel.appcore.dll
0x00007ff801dc0000 - 0x00007ff801dca000 	C:\Program Files\Android\Android Studio\jbr\bin\jimage.dll
0x00007ff80c6f0000 - 0x00007ff80c932000 	C:\WINDOWS\SYSTEM32\DBGHELP.DLL
0x00007ff81b7a0000 - 0x00007ff81bb25000 	C:\WINDOWS\System32\combase.dll
0x00007ff81c450000 - 0x00007ff81c529000 	C:\WINDOWS\System32\OLEAUT32.dll
0x00007ffff0840000 - 0x00007ffff087b000 	C:\WINDOWS\SYSTEM32\dbgcore.DLL
0x00007ff81b4f0000 - 0x00007ff81b59c000 	C:\WINDOWS\System32\bcryptPrimitives.dll
0x00007ffff68d0000 - 0x00007ffff68de000 	C:\Program Files\Android\Android Studio\jbr\bin\instrument.dll
0x00007fffec360000 - 0x00007fffec37f000 	C:\Program Files\Android\Android Studio\jbr\bin\java.dll
0x00007ff81c560000 - 0x00007ff81c6f9000 	C:\WINDOWS\System32\ole32.dll
0x00007ff81c940000 - 0x00007ff81d0c8000 	C:\WINDOWS\System32\SHELL32.dll
0x00007fffe14a0000 - 0x00007fffe14b7000 	C:\Program Files\Android\Android Studio\jbr\bin\zip.dll
0x00007ff818520000 - 0x00007ff818dbb000 	C:\WINDOWS\SYSTEM32\windows.storage.dll
0x00007ff81b5b0000 - 0x00007ff81b6a9000 	C:\WINDOWS\System32\SHCORE.dll
0x00007ff81bd00000 - 0x00007ff81bd66000 	C:\WINDOWS\System32\shlwapi.dll
0x00007ff81a9b0000 - 0x00007ff81a9d9000 	C:\WINDOWS\SYSTEM32\profapi.dll
0x00007ff801b40000 - 0x00007ff801b50000 	C:\Program Files\Android\Android Studio\jbr\bin\net.dll
0x00007ff819cd0000 - 0x00007ff819d3c000 	C:\WINDOWS\system32\mswsock.dll
0x00007fffe10d0000 - 0x00007fffe10e6000 	C:\Program Files\Android\Android Studio\jbr\bin\nio.dll
0x00007fffee0d0000 - 0x00007fffee0e0000 	C:\Program Files\Android\Android Studio\jbr\bin\verify.dll
0x00007fff97df0000 - 0x00007fff97e17000 	C:\Users\Lambert 2\.gradle\native\1def1411415f61bf3af743bc5b6707747c0891f09f0c88961ee8f79bc544acac\windows-amd64\native-platform.dll
0x00007fff81610000 - 0x00007fff81687000 	C:\Users\Lambert 2\.gradle\native\0.2.8\x86_64-windows-gnu\gradle-fileevents.dll
0x00007ffff67a0000 - 0x00007ffff67a9000 	C:\Program Files\Android\Android Studio\jbr\bin\management.dll
0x00007ffff6740000 - 0x00007ffff674b000 	C:\Program Files\Android\Android Studio\jbr\bin\management_ext.dll
0x00007ff81b760000 - 0x00007ff81b768000 	C:\WINDOWS\System32\PSAPI.DLL
0x00007ff8190f0000 - 0x00007ff819123000 	C:\WINDOWS\SYSTEM32\IPHLPAPI.DLL
0x00007ff81bff0000 - 0x00007ff81bffa000 	C:\WINDOWS\System32\NSI.dll
0x00007ffffc2f0000 - 0x00007ffffc2f9000 	C:\Program Files\Android\Android Studio\jbr\bin\extnet.dll
0x00007ff81a0f0000 - 0x00007ff81a10b000 	C:\WINDOWS\SYSTEM32\CRYPTSP.dll
0x00007ff8196a0000 - 0x00007ff8196d9000 	C:\WINDOWS\system32\rsaenh.dll
0x00007ff819d80000 - 0x00007ff819db2000 	C:\WINDOWS\SYSTEM32\USERENV.dll
0x00007ff81a980000 - 0x00007ff81a9aa000 	C:\WINDOWS\SYSTEM32\bcrypt.dll
0x00007ff819f30000 - 0x00007ff819f3c000 	C:\WINDOWS\SYSTEM32\CRYPTBASE.dll
0x00007ffff00b0000 - 0x00007ffff00b8000 	C:\WINDOWS\system32\wshunix.dll
0x00007ff819130000 - 0x00007ff819288000 	C:\WINDOWS\SYSTEM32\DNSAPI.dll
0x00007ff819af0000 - 0x00007ff819afd000 	C:\WINDOWS\SYSTEM32\DSPARSE.dll
0x00007ff812830000 - 0x00007ff81283b000 	C:\Windows\System32\rasadhlp.dll
0x00007ff80cba0000 - 0x00007ff80cc26000 	C:\WINDOWS\System32\fwpuclnt.dll

JVMTI agents:
C:\Users\Lambert 2\.gradle\wrapper\dists\gradle-9.1.0-all\7wzd0jkjit61aq2p43wpjgij9\gradle-9.1.0\lib\agents\gradle-instrumentation-agent-9.1.0.jar path:C:\Program Files\Android\Android Studio\jbr\bin\instrument.dll, loaded, initialized, instrumentlib options:none

dbghelp: loaded successfully - version: 4.0.5 - missing functions: none
symbol engine: initialized successfully - sym options: 0x614 - pdb path: .;C:\Program Files\Android\Android Studio\jbr\bin;C:\WINDOWS\SYSTEM32;C:\WINDOWS\WinSxS\amd64_microsoft.windows.common-controls_6595b64144ccf1df_6.0.26100.8972_none_3e0da176e32f9d4b;C:\Program Files\Android\Android Studio\jbr\bin\server;C:\Users\Lambert 2\.gradle\native\1def1411415f61bf3af743bc5b6707747c0891f09f0c88961ee8f79bc544acac\windows-amd64;C:\Users\Lambert 2\.gradle\native\0.2.8\x86_64-windows-gnu

VM Arguments:
jvm_args: --add-opens=java.base/java.lang=ALL-UNNAMED --add-opens=java.base/java.lang.invoke=ALL-UNNAMED --add-opens=java.base/java.util=ALL-UNNAMED --add-opens=java.prefs/java.util.prefs=ALL-UNNAMED --add-exports=jdk.compiler/com.sun.tools.javac.api=ALL-UNNAMED --add-exports=jdk.compiler/com.sun.tools.javac.util=ALL-UNNAMED --add-opens=java.base/java.util=ALL-UNNAMED --add-opens=java.prefs/java.util.prefs=ALL-UNNAMED --add-opens=java.base/java.nio.charset=ALL-UNNAMED --add-opens=java.base/java.net=ALL-UNNAMED --add-opens=java.base/java.util.concurrent=ALL-UNNAMED --add-opens=java.base/java.util.concurrent.atomic=ALL-UNNAMED --add-opens=java.xml/javax.xml.namespace=ALL-UNNAMED --add-opens=java.base/java.time=ALL-UNNAMED --enable-native-access=ALL-UNNAMED -XX:MaxMetaspaceSize=4G -XX:ReservedCodeCacheSize=512m -XX:+HeapDumpOnOutOfMemoryError -Xmx8G -Dfile.encoding=UTF-8 -Duser.country=ES -Duser.language=es -Duser.variant -javaagent:C:\Users\Lambert 2\.gradle\wrapper\dists\gradle-9.1.0-all\7wzd0jkjit61aq2p43wpjgij9\gradle-9.1.0\lib\agents\gradle-instrumentation-agent-9.1.0.jar 
java_command: org.gradle.launcher.daemon.bootstrap.GradleDaemon 9.1.0
java_class_path (initial): C:\Users\Lambert 2\.gradle\wrapper\dists\gradle-9.1.0-all\7wzd0jkjit61aq2p43wpjgij9\gradle-9.1.0\lib\gradle-daemon-main-9.1.0.jar
Launcher Type: SUN_STANDARD

[Global flags]
     intx CICompilerCount                          = 15                                        {product} {ergonomic}
     uint ConcGCThreads                            = 6                                         {product} {ergonomic}
     uint G1ConcRefinementThreads                  = 23                                        {product} {ergonomic}
   size_t G1HeapRegionSize                         = 4194304                                   {product} {ergonomic}
     bool HeapDumpOnOutOfMemoryError               = true                                   {manageable} {command line}
   size_t InitialHeapSize                          = 524288000                                 {product} {ergonomic}
   size_t MarkStackSize                            = 4194304                                   {product} {ergonomic}
   size_t MarkStackSizeMax                         = 536870912                                 {product} {ergonomic}
   size_t MaxHeapSize                              = 8589934592                                {product} {command line}
   size_t MaxMetaspaceSize                         = 4294967296                                {product} {command line}
   size_t MaxNewSize                               = 5150605312                                {product} {ergonomic}
   size_t MinHeapDeltaBytes                        = 4194304                                   {product} {ergonomic}
   size_t MinHeapSize                              = 8388608                                   {product} {ergonomic}
    uintx NonNMethodCodeHeapSize                   = 8192000                                {pd product} {ergonomic}
    uintx NonProfiledCodeHeapSize                  = 264372224                              {pd product} {ergonomic}
    uintx ProfiledCodeHeapSize                     = 264306688                              {pd product} {ergonomic}
    uintx ReservedCodeCacheSize                    = 536870912                              {pd product} {command line, ergonomic}
     bool SegmentedCodeCache                       = true                                      {product} {ergonomic}
   size_t SoftMaxHeapSize                          = 8589934592                             {manageable} {ergonomic}
     bool UseCompressedOops                        = true                           {product lp64_product} {ergonomic}
     bool UseG1GC                                  = true                                      {product} {ergonomic}
     bool UseLargePagesIndividualAllocation        = false                                  {pd product} {ergonomic}

Logging:
Log output configuration:
 #0: stdout all=warning uptime,level,tags foldmultilines=false
 #1: stderr all=off uptime,level,tags foldmultilines=false

Release file:
JAVA_VERSION="25.0.2" 
MODULES="java.base java.compiler java.datatransfer java.xml java.prefs java.desktop java.instrument java.logging java.management java.security.sasl java.naming java.rmi java.management.rmi java.net.http java.scripting java.security.jgss java.transaction.xa java.sql java.sql.rowset java.xml.crypto java.se java.smartcardio jdk.accessibility jdk.internal.jvmstat jdk.attach jdk.charsets jdk.internal.opt jdk.zipfs jdk.compiler jdk.crypto.cryptoki jdk.crypto.ec jdk.dynalink jdk.hotspot.agent jdk.httpserver jdk.internal.ed jdk.internal.le jdk.internal.md jdk.internal.vm.ci jdk.jartool jdk.javadoc jdk.jcmd jdk.jdeps jdk.jdwp.agent jdk.jdi jdk.jfr jdk.jlink jdk.localedata jdk.management jdk.management.agent jdk.management.jfr jdk.naming.dns jdk.naming.rmi jdk.net jdk.sctp jdk.security.auth jdk.security.jgss jdk.unsupported jdk.unsupported.desktop jdk.xml.dom" 
IMPLEMENTOR="JetBrains s.r.o." 
JAVA_RUNTIME_VERSION="25.0.2+-15348964-b329.117" 
LIBC="default" 
OS_ARCH="x86_64" 
OS_NAME="Windows" 
SOURCE=".:git:3cf398e84a39" 

Environment Variables:
JAVA_HOME=C:\Program Files\Android\Android Studio\jbr
CLASSPATH=C:\Users\Lambert 2\Desktop\cicloplus_app\android\\gradle\wrapper\gradle-wrapper.jar
PATH=C:\Program Files\Android\Android Studio\jbr\bin;C:\Python314\Scripts\;C:\Python314\;C:\WINDOWS\system32;C:\WINDOWS;C:\WINDOWS\System32\Wbem;C:\WINDOWS\System32\WindowsPowerShell\v1.0\;C:\WINDOWS\System32\OpenSSH\;C:\Program Files\dotnet\;C:\Program Files\NVIDIA Corporation\NVIDIA App\NvDLISR;C:\Program Files (x86)\NVIDIA Corporation\PhysX\Common;C:\Program Files\nodejs\;C:\ProgramData\chocolatey\bin;C:\Users\Lambert 2\AppData\Local\Programs\Python\Python311\Scripts\;C:\Users\Lambert 2\AppData\Local\Programs\Python\Python311\;C:\Users\Lambert 2\AppData\Local\Microsoft\WindowsApps;C:\Users\Lambert 2\AppData\Local\Programs\Microsoft VS Code\bin;C:\Users\Lambert 2\AppData\Roaming\npm;C:\Users\Lambert 2\Desktop\src\flutter\bin;C:\Users\Lambert 2\Desktop\src\flutter\bin\mingit\cmd
USERNAME=Lambert 2
OS=Windows_NT
PROCESSOR_IDENTIFIER=AMD64 Family 26 Model 68 Stepping 0, AuthenticAMD
TMP=C:\Users\LAMBER~1\AppData\Local\Temp
TEMP=C:\Users\LAMBER~1\AppData\Local\Temp




Compilation memory statistics disabled.

Periodic native trim disabled

JNI global refs:
JNI global refs: 40, weak refs: 0

JNI global refs memory usage: 1467, weak refs: 833

Process memory usage:
Resident Set Size: 1457432K (4% of 32658156K total physical memory with 12500564K free physical memory)

OOME stack traces (most recent first):
Classloader memory used:
Loader org.gradle.internal.classloader.VisitableURLClassLoader                         : 54436 K
Loader bootstrap                                                                       : 34226 K
Loader org.gradle.internal.classloader.VisitableURLClassLoader$InstrumentingVisitableURLClassLoader: 34021 K
Loader org.gradle.initialization.MixInLegacyTypesClassLoader                           : 12945 K
Loader jdk.internal.loader.ClassLoaders$PlatformClassLoader                            : 438 K
Loader jdk.internal.loader.ClassLoaders$AppClassLoader                                 : 228 K
Loader org.gradle.internal.classloader.VisitableURLClassLoader                         : 197 K
Loader org.gradle.groovy.scripts.internal.DefaultScriptCompilationHandler$ScriptClassLoader: 137 K

Classes loaded by more than one classloader:
Class Program                                                                         : loaded 11 times (x 74B)
Class Build_gradle                                                                    : loaded 4 times (x 128B)
Class Build_gradle$2                                                                  : loaded 3 times (x 76B)
Class Settings_gradle                                                                 : loaded 3 times (x 126B)
Class org.jetbrains.kotlin.gradle.internal.ClassLoadersCachingBuildService$Companion$registerIfAbsent$2$1$1: loaded 2 times (x 77B)
Class org.jetbrains.kotlin.gradle.plugin.KotlinGradleBuildServices$Inject             : loaded 2 times (x 102B)
Class org.jetbrains.kotlin.gradle.fus.internal.SynchronizedConfigurationMetrics$Companion: loaded 2 times (x 73B)
Class com.google.common.base.PairwiseEquivalence                                      : loaded 2 times (x 85B)
Class com.google.common.base.Equivalence$Identity                                     : loaded 2 times (x 84B)
Class com.google.common.collect.RegularImmutableMap$KeySet                            : loaded 2 times (x 154B)
Class org.gradle.internal.classloader.FilteringClassLoader                            : loaded 2 times (x 106B)
Class org.jetbrains.kotlin.gradle.plugin.mpp.KotlinVariantWithCoordinates             : loaded 2 times (x 110B)
Class org.jetbrains.kotlin.gradle.tasks.CInteropProcess                               : loaded 2 times (x 346B)
Class org.jetbrains.kotlin.gradle.internal.KotlinDomApiDependencyManagementKt         : loaded 2 times (x 73B)
Class org.jetbrains.kotlin.gradle.plugin.KotlinPluginLifecycleImpl$launch$coroutine$1 : loaded 2 times (x 78B)
Class org.jetbrains.kotlin.gradle.targets.js.npm.NpmDependencyExtensionKt$defaultNpmDependencyDelegate$1: loaded 2 times (x 168B)
Class org.jetbrains.kotlin.gradle.plugin.diagnostics.checkers.MissingNativeStdlibChecker: loaded 2 times (x 76B)
Class org.jetbrains.kotlin.gradle.targets.ConfigureNonPackedKlibConsumingSideEffectKt : loaded 2 times (x 73B)
Class org.jetbrains.kotlin.gradle.targets.native.KotilnNativeConfigureBinariesSideEffectKt: loaded 2 times (x 73B)
Class org.jetbrains.kotlin.gradle.plugin.KotlinPlatformType$DisambiguationRule        : loaded 2 times (x 78B)
Class org.jetbrains.kotlin.gradle.plugin.KotlinPlatformType$Companion                 : loaded 2 times (x 73B)
Class org.jetbrains.kotlin.gradle.plugin.internal.ConfigurationCacheStartParameterAccessorKt: loaded 2 times (x 73B)
Class com.google.common.base.CharMatcher$IsEither                                     : loaded 2 times (x 113B)
Class org.gradle.internal.classloader.ClassLoaderHierarchy                            : loaded 2 times (x 72B)
Class org.jetbrains.kotlin.gradle.plugin.hierarchy.KotlinSourceSetTreeClassifierKt    : loaded 2 times (x 73B)
Class org.jetbrains.kotlin.gradle.report.UsesBuildMetricsService                      : loaded 2 times (x 72B)
Class org.jetbrains.kotlin.gradle.plugin.mpp.compilationImpl.factory.KotlinCompilationImplFactory$KotlinCompilationSourceSetsContainerFactory: loaded 2 times (x 72B)
Class org.jetbrains.kotlin.gradle.utils.MutableObservableSet                          : loaded 2 times (x 72B)
Class org.jetbrains.kotlin.gradle.dsl.KotlinHierarchyDsl                              : loaded 2 times (x 72B)
Class org.jetbrains.kotlin.gradle.utils.ConfigurationCacheOpaqueValueSource           : loaded 2 times (x 81B)
Class org.jetbrains.kotlin.gradle.targets.native.KonanPropertiesBuildService$Companion$registerIfAbsent$2$1: loaded 2 times (x 81B)
Class org.jetbrains.kotlin.gradle.report.BuildReportType                              : loaded 2 times (x 81B)
Class org.jetbrains.kotlin.statistics.metrics.StringAnonymizationPolicy$AllowedListAnonymizer: loaded 2 times (x 81B)
Class com.google.common.collect.ImmutableEnumSet                                      : loaded 2 times (x 148B)
Class com.google.common.util.concurrent.ExecutionError                                : loaded 2 times (x 84B)
Class com.google.common.collect.ImmutableList$1                                       : loaded 2 times (x 99B)
Class org.gradle.api.internal.classpath.ManifestUtil                                  : loaded 2 times (x 73B)
Class org.jetbrains.kotlin.gradle.utils.FutureKt$future$1                             : loaded 2 times (x 97B)
Class org.jetbrains.kotlin.gradle.plugin.mpp.KotlinMetadataCompilation                : loaded 2 times (x 72B)
Class org.jetbrains.kotlin.gradle.plugin.sources.KotlinDependencyScope                : loaded 2 times (x 81B)
Class org.jetbrains.kotlin.gradle.tasks.configuration.AbstractKotlinCompileConfig$1   : loaded 2 times (x 81B)
Class org.jetbrains.kotlin.gradle.plugin.mpp.compilationImpl.KotlinCompilationFriendPathsResolver: loaded 2 times (x 72B)
Class org.jetbrains.kotlin.konan.target.KonanTarget$ANDROID_ARM64                     : loaded 2 times (x 80B)
Class org.jetbrains.kotlin.gradle.artifacts.KotlinNativeHostSpecificMetadataArtifactKt$KotlinNativeHostSpecificMetadataArtifact$1: loaded 2 times (x 76B)
Class org.jetbrains.kotlin.gradle.plugin.mpp.compilationImpl.KotlinCompilationSideEffect$Companion: loaded 2 times (x 73B)
Class org.jetbrains.kotlin.gradle.plugin.mpp.KotlinUsages$KotlinMetadataDisambiguation: loaded 2 times (x 78B)
Class org.jetbrains.kotlin.gradle.plugin.statistics.FlowActionBuildFusService$Companion$registerIfAbsentImpl$1: loaded 2 times (x 77B)
Class org.jetbrains.kotlin.gradle.internal.properties.PropertiesBuildService$IntGradleProperty: loaded 2 times (x 78B)
Class com.google.gson.stream.MalformedJsonException                                   : loaded 2 times (x 84B)
Class com.google.common.collect.RegularImmutableMap                                   : loaded 2 times (x 122B)
Class com.google.common.collect.ImmutableMap$MapViewOfValuesAsSingletonSets           : loaded 2 times (x 128B)
Class org.jetbrains.kotlin.gradle.utils.GradleAttributesContainerUtilsKt$setAttributeProvider$1: loaded 2 times (x 77B)
Class org.jetbrains.kotlin.gradle.tasks.configuration.AbstractKotlinCompileConfig$2   : loaded 2 times (x 81B)
Class org.jetbrains.kotlin.gradle.plugin.mpp.compilationImpl.factory.KotlinCompilationImplFactory$PreConfigure: loaded 2 times (x 72B)
Class org.jetbrains.kotlin.gradle.plugin.KotlinProjectSetupActionKt$KotlinProjectSetupCoroutine$1$1: loaded 2 times (x 97B)
Class org.jetbrains.kotlin.konan.target.KonanTarget$WATCHOS_ARM32                     : loaded 2 times (x 80B)
Class org.jetbrains.kotlin.gradle.targets.js.dsl.KotlinJsTargetDsl                    : loaded 2 times (x 72B)
Class org.jetbrains.kotlin.gradle.plugin.KotlinPluginLifecycleImplKt                  : loaded 2 times (x 73B)
Class org.jetbrains.kotlin.gradle.plugin.diagnostics.checkers.DeprecatedKotlinNativeTargetsChecker$runChecks$1: loaded 2 times (x 89B)
Class org.jetbrains.kotlin.gradle.plugin.KotlinPluginLifecycleImpl$WhenMappings       : loaded 2 times (x 73B)
Class org.jetbrains.kotlin.gradle.dsl.KotlinCommonCompilerToolOptionsHelper           : loaded 2 times (x 73B)
Class org.jetbrains.kotlin.gradle.plugin.KotlinTargetComponent                        : loaded 2 times (x 72B)
Class org.jetbrains.kotlin.gradle.plugin.KotlinGradlePluginExtensionPointInternal     : loaded 2 times (x 78B)
Class org.jetbrains.kotlin.statistics.metrics.StringOverridePolicy$OVERRIDE_VERSION_IF_NOT_SET: loaded 2 times (x 87B)
Class org.jetbrains.kotlin.gradle.plugin.statistics.KotlinBuildStatsBeanService$Companion$initStatsService$1: loaded 2 times (x 81B)
Class org.jetbrains.kotlin.gradle.plugin.VariantImplementationFactories$Companion$getProvider$1: loaded 2 times (x 77B)
Class org.jetbrains.kotlin.gradle.internal.properties.PropertiesBuildService$BooleanGradleProperty: loaded 2 times (x 78B)
Class org.jetbrains.kotlin.gradle.dsl.KotlinProjectExtension                          : loaded 2 times (x 124B)
Class [Lorg.objectweb.asm.Symbol;                                                     : loaded 2 times (x 71B)
Class org.objectweb.asm.ClassVisitor                                                  : loaded 2 times (x 90B)
Class com.google.common.collect.UnmodifiableListIterator                              : loaded 2 times (x 97B)
Class org.jetbrains.kotlin.gradle.plugin.KotlinPluginLifecycle$ProjectConfigurationResult$Failure: loaded 2 times (x 74B)
Class com.google.common.base.Platform$JdkPatternCompiler                              : loaded 2 times (x 77B)
Class org.jetbrains.kotlin.gradle.tasks.DefaultKotlinJavaToolchain$Companion          : loaded 2 times (x 73B)
Class org.jetbrains.kotlin.gradle.tasks.DefaultKotlinJavaToolchain                    : loaded 2 times (x 79B)
Class org.jetbrains.kotlin.gradle.targets.native.toolchain.KotlinNativeBundleBuildService$Parameters: loaded 2 times (x 72B)
Class org.jetbrains.kotlin.gradle.targets.native.toolchain.KotlinNativeBundleBuildService: loaded 2 times (x 78B)
Class org.jetbrains.kotlin.gradle.plugin.KotlinGradleBuildServices                    : loaded 2 times (x 82B)
Class [Lorg.jetbrains.kotlin.statistics.ValueAnonymizer;                              : loaded 2 times (x 71B)
Class org.jetbrains.kotlin.gradle.internal.properties.PropertiesBuildService$MemoizedCallable$value$2: loaded 2 times (x 81B)
Class org.objectweb.asm.MethodTooLargeException                                       : loaded 2 times (x 84B)
Class [Lcom.google.common.cache.CacheBuilder$OneWeigher;                              : loaded 2 times (x 71B)
Class com.google.common.base.Suppliers                                                : loaded 2 times (x 73B)
Class org.gradle.internal.classloader.DefaultClassLoaderFactory                       : loaded 2 times (x 84B)
Class org.jetbrains.kotlin.compilerRunner.CompilerSystemPropertiesService$Parameters_Decorated: loaded 2 times (x 132B)
Class org.jetbrains.kotlin.gradle.dsl.abi.ExperimentalAbiValidation                   : loaded 2 times (x 72B)
Class org.jetbrains.kotlin.gradle.plugin.KotlinTargetWithTests                        : loaded 2 times (x 72B)
Class [Lorg.jetbrains.kotlin.gradle.dsl.KotlinVersion;                                : loaded 2 times (x 71B)
Class org.jetbrains.kotlin.gradle.plugin.diagnostics.checkers.JsEnvironmentChecker    : loaded 2 times (x 78B)
Class org.jetbrains.kotlin.gradle.targets.js.npm.NpmDependencyExtensionKt             : loaded 2 times (x 73B)
Class org.jetbrains.kotlin.gradle.plugin.diagnostics.ToolingDiagnosticRenderingOptions: loaded 2 times (x 74B)
Class org.jetbrains.kotlin.gradle.plugin.diagnostics.UsesKotlinToolingDiagnosticsParameters: loaded 2 times (x 72B)
Class org.jetbrains.kotlin.gradle.plugin.PropertiesProvider$classLoaderCacheTimeoutInSeconds$1: loaded 2 times (x 77B)
Class org.jetbrains.kotlin.gradle.report.BuildMetricsService                          : loaded 2 times (x 88B)
Class org.jetbrains.kotlin.statistics.metrics.NumberAnonymizationPolicy               : loaded 2 times (x 87B)
Class org.jetbrains.kotlin.statistics.metrics.StringAnonymizationPolicy               : loaded 2 times (x 80B)
Class org.gradle.internal.classloader.ClassLoaderVisitor                              : loaded 2 times (x 78B)
Class org.jetbrains.kotlin.gradle.plugin.mpp.compilationImpl.KotlinCompilationLanguageSettingsConfigurator: loaded 2 times (x 76B)
Class org.jetbrains.kotlin.gradle.plugin.KotlinPluginLifecycleKt$await$1              : loaded 2 times (x 89B)
Class [Lorg.jetbrains.kotlin.gradle.plugin.KotlinCompilation;                         : loaded 2 times (x 71B)
Class org.jetbrains.kotlin.gradle.plugin.mpp.KotlinTargetComponentWithPublication     : loaded 2 times (x 72B)
Class org.jetbrains.kotlin.gradle.plugin.mpp.compilationImpl.KotlinCreateNativeCompileTasksSideEffectKt: loaded 2 times (x 73B)
Class org.jetbrains.kotlin.gradle.plugin.KotlinProjectSetupActionKt                   : loaded 2 times (x 73B)
Class org.jetbrains.kotlin.gradle.dsl.KotlinTargetContainerWithJsPresetFunctions      : loaded 2 times (x 72B)
Class org.jetbrains.kotlin.gradle.report.ReportingSettings$Companion                  : loaded 2 times (x 73B)
Class org.jetbrains.kotlin.gradle.report.ConfigureReporingKt                          : loaded 2 times (x 73B)
Class org.jetbrains.kotlin.tooling.core.TypeUtils                                     : loaded 2 times (x 73B)
Class [Lcom.google.common.collect.ImmutableMapEntry;                                  : loaded 2 times (x 71B)
Class org.gradle.api.internal.classpath.EffectiveClassPath                            : loaded 2 times (x 92B)
Class org.jetbrains.kotlin.gradle.plugin.mpp.compilationImpl.DefaultKotlinCompilationConfigurationsContainer: loaded 2 times (x 86B)
Class com.google.common.collect.ImmutableRangeSet                                     : loaded 2 times (x 117B)
Class org.jetbrains.kotlin.gradle.tasks.TasksProviderKt                               : loaded 2 times (x 73B)
Class org.jetbrains.kotlin.konan.target.KonanTarget$ANDROID_ARM32                     : loaded 2 times (x 80B)
Class org.jetbrains.kotlin.gradle.plugin.sources.DefaultKotlinSourceSetFactory        : loaded 2 times (x 82B)
Class org.jetbrains.kotlin.gradle.plugin.diagnostics.ToolingDiagnostic                : loaded 2 times (x 74B)
Class com.google.common.collect.ListMultimap                                          : loaded 2 times (x 72B)
Class com.google.common.collect.ImmutableEnumMap                                      : loaded 2 times (x 128B)
Class org.jetbrains.kotlin.buildtools.api.jvm.ClassSnapshotGranularity                : loaded 2 times (x 81B)
Class org.jetbrains.kotlin.gradle.ExternalKotlinTargetApi                             : loaded 2 times (x 72B)
Class com.google.common.collect.Iterators$EmptyModifiableIterator                     : loaded 2 times (x 88B)
Class org.jetbrains.kotlin.gradle.plugin.diagnostics.checkers.AndroidPluginWithoutAndroidTargetChecker$runChecks$1: loaded 2 times (x 89B)
Class org.jetbrains.kotlin.gradle.plugin.diagnostics.checkers.AndroidSourceSetLayoutV1SourceSetsNotFoundChecker$runChecks$1: loaded 2 times (x 89B)
Class org.jetbrains.kotlin.gradle.plugin.diagnostics.KotlinGradleProjectCheckersRunnerKt$launchKotlinGradleProjectCheckers$1$1: loaded 2 times (x 97B)
Class org.jetbrains.kotlin.gradle.targets.CreateDefaultTestRunSideEffectKt            : loaded 2 times (x 73B)
Class org.jetbrains.kotlin.gradle.utils.ProviderApiUtilsKt$mapOrNull$1                : loaded 2 times (x 77B)
Class org.jetbrains.kotlin.konan.target.KonanTarget                                   : loaded 2 times (x 80B)
Class org.jetbrains.kotlin.gradle.targets.native.toolchain.KotlinNativeBundleBuildService$Companion$registerIfAbsent$1: loaded 2 times (x 77B)
Class org.jetbrains.kotlin.statistics.metrics.BooleanAnonymizationPolicy              : loaded 2 times (x 87B)
Class org.jetbrains.kotlin.statistics.metrics.BooleanOverridePolicy$OVERRIDE          : loaded 2 times (x 87B)
Class org.jetbrains.kotlin.gradle.plugin.PropertiesProvider$kotlinExperimentalTryNext$1: loaded 2 times (x 77B)
Class org.jetbrains.kotlin.gradle.fus.BuildUidService$Companion                       : loaded 2 times (x 73B)
Class org.jetbrains.kotlin.gradle.plugin.VariantImplementationFactoriesConfigurator$Companion$getProvider$1: loaded 2 times (x 76B)
Class com.google.common.collect.Sets$1                                                : loaded 2 times (x 141B)
Class org.objectweb.asm.AnnotationVisitor                                             : loaded 2 times (x 80B)
Class org.gradle.api.internal.DefaultClassPathProvider                                : loaded 2 times (x 78B)
Class org.jetbrains.kotlin.gradle.tasks.configuration.KaptGenerateStubsConfig$Companion$wireJavaAndKotlinOutputs$1: loaded 2 times (x 81B)
Class org.jetbrains.kotlin.gradle.tasks.abi.AbiToolsTask                              : loaded 2 times (x 320B)
Class org.jetbrains.kotlin.gradle.plugin.KotlinPluginLifecycleCoroutineContextElement : loaded 2 times (x 86B)
Class org.jetbrains.kotlin.gradle.dsl.PlatformSourceSetConventionsChecker             : loaded 2 times (x 76B)
Class org.jetbrains.kotlin.gradle.plugin.diagnostics.checkers.KotlinSourceSetTreeDependsOnMismatchChecker: loaded 2 times (x 76B)
Class org.jetbrains.kotlin.gradle.targets.CreateDefaultCompilationsSideEffectKt       : loaded 2 times (x 73B)
Class org.jetbrains.kotlin.gradle.plugin.mpp.SyncLanguageSettingsWithKotlinExtensionSetupActionKt: loaded 2 times (x 73B)
Class org.jetbrains.kotlin.statistics.metrics.NumericalMetrics                        : loaded 2 times (x 81B)
Class org.jetbrains.kotlin.gradle.plugin.VariantImplementationFactories$Companion$getProvider$2$1: loaded 2 times (x 81B)
Class com.google.common.collect.Sets$2                                                : loaded 2 times (x 141B)
Class [Lorg.gradle.api.internal.ClassPathProvider;                                    : loaded 2 times (x 71B)
Class org.gradle.api.internal.ClassPathProvider                                       : loaded 2 times (x 72B)
Class org.jetbrains.kotlin.konan.target.HostManager$targetValues$2                    : loaded 2 times (x 80B)
Class org.jetbrains.kotlin.gradle.plugin.diagnostics.checkers.UnusedSourceSetsChecker$runChecks$1: loaded 2 times (x 89B)
Class org.jetbrains.kotlin.gradle.targets.js.npm.PeerNpmDependencyExtension           : loaded 2 times (x 72B)
Class org.jetbrains.kotlin.gradle.dsl.AndroidMainSourceSetConventionsChecker          : loaded 2 times (x 76B)
Class org.jetbrains.kotlin.gradle.plugin.diagnostics.checkers.WasmJsEnvironmentChecker$1: loaded 2 times (x 80B)
Class org.jetbrains.kotlin.gradle.targets.js.npm.NpmDependencyExtensionKt$AddNpmDependencyExtensionProjectSetupAction$1: loaded 2 times (x 76B)
Class [Lorg.jetbrains.kotlin.konan.target.Family;                                     : loaded 2 times (x 71B)
Class org.jetbrains.kotlin.gradle.plugin.statistics.BuildFinishBuildService$Parameters$Inject: loaded 2 times (x 116B)
Class org.jetbrains.kotlin.gradle.plugin.statistics.FlowActionBuildFusService         : loaded 2 times (x 86B)
Class org.jetbrains.kotlin.build.report.metrics.GradleBuildPerformanceMetric          : loaded 2 times (x 74B)
Class org.jetbrains.kotlin.gradle.internal.properties.PropertiesBuildService$NullableBooleanGradleProperty: loaded 2 times (x 78B)
Class [Lorg.objectweb.asm.AnnotationVisitor;                                          : loaded 2 times (x 71B)
Class com.google.common.collect.Sets$3                                                : loaded 2 times (x 141B)
Class com.google.common.cache.LocalCache$LocalLoadingCache                            : loaded 2 times (x 136B)
Class org.gradle.internal.service.UnknownServiceException                             : loaded 2 times (x 85B)
Class org.jetbrains.kotlin.gradle.plugin.diagnostics.checkers.ComposePluginSuggestApplyChecker$runChecks$1: loaded 2 times (x 89B)
Class org.jetbrains.kotlin.konan.target.KonanTarget$TVOS_ARM64                        : loaded 2 times (x 80B)
Class org.jetbrains.kotlin.gradle.targets.js.npm.DefaultPeerNpmDependencyExtension    : loaded 2 times (x 142B)
Class org.jetbrains.kotlin.gradle.targets.android.internal.InternalKotlinTargetPreset : loaded 2 times (x 72B)
Class org.jetbrains.kotlin.gradle.plugin.KotlinPluginLifecycleKt                      : loaded 2 times (x 73B)
Class org.jetbrains.kotlin.gradle.plugin.diagnostics.checkers.WasmJsEnvironmentChecker$2: loaded 2 times (x 80B)
Class org.jetbrains.kotlin.gradle.plugin.mpp.AbstractKotlinTarget                     : loaded 2 times (x 152B)
Class org.jetbrains.kotlin.gradle.internal.properties.NativePropertiesLoader$kotlinNativeVersion$1: loaded 2 times (x 77B)
Class org.jetbrains.kotlin.gradle.plugin.VariantImplementationFactoriesConfigurator$Inject: loaded 2 times (x 98B)
Class org.jetbrains.kotlin.gradle.dsl.KotlinSingleTargetExtension                     : loaded 2 times (x 126B)
Class com.google.common.collect.Sets$4                                                : loaded 2 times (x 141B)
Class org.objectweb.asm.ModuleVisitor                                                 : loaded 2 times (x 83B)
Class com.google.common.cache.LocalCache$Strength$1                                   : loaded 2 times (x 83B)
Class org.jetbrains.kotlin.gradle.plugin.mpp.compilationImpl.KotlinCompilationTaskNamesContainer: loaded 2 times (x 74B)
Class org.jetbrains.kotlin.gradle.plugin.mpp.compilationImpl.factory.KotlinCompilationImplFactory$KotlinCompilerOptionsFactory: loaded 2 times (x 72B)
Class org.jetbrains.kotlin.gradle.internal.properties.PropertiesBuildServiceKt$propertyWithDeprecatedName$1: loaded 2 times (x 77B)
Class org.jetbrains.kotlin.gradle.targets.js.npm.NpmDependencyExtension               : loaded 2 times (x 72B)
Class org.jetbrains.kotlin.gradle.plugin.LanguageSettingsBuilder                      : loaded 2 times (x 72B)
Class org.jetbrains.kotlin.gradle.plugin.diagnostics.checkers.WasmWasiEnvironmentChecker: loaded 2 times (x 78B)
Class org.jetbrains.kotlin.gradle.plugin.diagnostics.checkers.WasmJsEnvironmentChecker$3: loaded 2 times (x 80B)
Class org.jetbrains.kotlin.gradle.targets.ConfigureBuildSideEffectKt                  : loaded 2 times (x 73B)
Class org.jetbrains.kotlin.gradle.plugin.statistics.BuildFusService$Companion$registerIfAbsentImpl$generalConfigurationMetricsProvider$1: loaded 2 times (x 77B)
Class [Lorg.jetbrains.kotlin.statistics.metrics.StringMetrics;                        : loaded 2 times (x 71B)
Class org.jetbrains.kotlin.gradle.plugin.BuildEventsListenerRegistryHolder$Companion  : loaded 2 times (x 73B)
Class org.jetbrains.kotlin.gradle.internal.properties.PropertiesBuildService$Inject   : loaded 2 times (x 98B)
Class com.google.common.util.concurrent.SettableFuture                                : loaded 2 times (x 116B)
Class com.google.common.cache.LocalCache$Strength$2                                   : loaded 2 times (x 83B)
Class org.jetbrains.kotlin.gradle.plugin.KotlinPluginLifecycle$ProjectConfigurationResult$Success: loaded 2 times (x 73B)
Class org.jetbrains.kotlin.gradle.internal.StdlibDependencyManagementKt$configureStdlibVersionAlignment$1: loaded 2 times (x 77B)
Class org.jetbrains.kotlin.gradle.plugin.diagnostics.checkers.OverriddenKotlinNativeHomeChecker$allKonanMainSubdirectoriesExist$1$1: loaded 2 times (x 77B)
Class org.jetbrains.kotlin.gradle.dsl.PlatformSourceSetConventionsChecker$CheckedPlatformInfo: loaded 2 times (x 74B)
Class org.jetbrains.kotlin.gradle.plugin.diagnostics.checkers.WasmJsEnvironmentChecker$4: loaded 2 times (x 80B)
Class org.jetbrains.kotlin.gradle.plugin.mpp.KotlinUsages$KotlinCinteropDisambiguation: loaded 2 times (x 78B)
Class org.jetbrains.kotlin.gradle.plugin.KotlinPluginInMultipleProjectsHolder         : loaded 2 times (x 74B)
Class org.jetbrains.kotlin.gradle.report.BuildReportType$Companion                    : loaded 2 times (x 73B)
Class com.google.common.cache.LocalCache$Strength$3                                   : loaded 2 times (x 83B)
Class com.google.common.collect.MapDifference                                         : loaded 2 times (x 72B)
Class org.jetbrains.kotlin.gradle.plugin.mpp.compilationImpl.DefaultKotlinCompilationFriendPathsResolver$CompositeFriendArtifactResolver: loaded 2 times (x 77B)
Class org.jetbrains.kotlin.gradle.plugin.sources.FragmentConsistencyChecks$optInAnnotationsCheck$1: loaded 2 times (x 81B)
Class org.jetbrains.kotlin.gradle.plugin.mpp.AbstractKotlinCompilationToRunnableFiles : loaded 2 times (x 202B)
Class org.jetbrains.kotlin.gradle.artifacts.KotlinMetadataArtifactKt$KotlinMetadataArtifact$1: loaded 2 times (x 76B)
Class org.jetbrains.kotlin.gradle.plugin.mpp.KotlinUsages$KotlinMetadataCompatibility : loaded 2 times (x 78B)
Class [Lorg.jetbrains.kotlin.gradle.dsl.JvmTarget;                                    : loaded 2 times (x 71B)
Class org.jetbrains.kotlin.gradle.utils.ConfigurationsKt$maybeCreateResolvable$1      : loaded 2 times (x 80B)
Class org.jetbrains.kotlin.gradle.plugin.StatisticsBuildFlowManager$Companion         : loaded 2 times (x 73B)
Class org.jetbrains.kotlin.statistics.metrics.StringMetrics$Companion                 : loaded 2 times (x 73B)
Class org.jetbrains.kotlin.gradle.internal.properties.PropertiesBuildService$property$1$1: loaded 2 times (x 77B)
Class org.jetbrains.kotlin.tooling.core.Extras$Type                                   : loaded 2 times (x 74B)
Class org.objectweb.asm.FieldWriter                                                   : loaded 2 times (x 79B)
Class com.google.common.cache.CacheBuilder$NullListener                               : loaded 2 times (x 84B)
Class org.gradle.internal.classpath.TransformedClassPath                              : loaded 2 times (x 98B)
Class org.gradle.internal.classloader.InstrumentingClassLoader                        : loaded 2 times (x 72B)
Class com.google.common.collect.ImmutableRangeSet$AsSet                               : loaded 2 times (x 302B)
Class org.jetbrains.kotlin.gradle.plugin.sources.FragmentConsistencyChecks$optInAnnotationsCheck$2: loaded 2 times (x 80B)
Class org.jetbrains.kotlin.gradle.targets.NativeForwardImplementationToApiElementsSideEffectKt$special$$inlined$KotlinTargetSideEffect$1: loaded 2 times (x 76B)
Class org.jetbrains.kotlin.gradle.plugin.statistics.BuildFusServiceKt                 : loaded 2 times (x 73B)
Class org.jetbrains.kotlin.gradle.plugin.BuildFinishedListenerService$Companion       : loaded 2 times (x 73B)
Class org.jetbrains.kotlin.gradle.plugin.BuildFinishedListenerService                 : loaded 2 times (x 82B)
Class com.google.common.cache.CacheLoader$FunctionToCacheLoader                       : loaded 2 times (x 77B)
Class com.google.common.collect.Iterators$ArrayItr                                    : loaded 2 times (x 99B)
Class com.google.common.collect.ImmutableCollection$Builder                           : loaded 2 times (x 78B)
Class org.jetbrains.kotlin.gradle.tasks.configuration.TaskConfigAction                : loaded 2 times (x 74B)
Class com.google.common.base.Joiner                                                   : loaded 2 times (x 81B)
Class org.jetbrains.kotlin.gradle.plugin.diagnostics.checkers.OverriddenKotlinNativeHomeChecker$allKonanMainSubdirectoriesExist$1: loaded 2 times (x 77B)
Class org.jetbrains.kotlin.gradle.plugin.AbstractKotlinPlugin$Companion               : loaded 2 times (x 73B)
Class org.jetbrains.kotlin.gradle.plugin.KotlinSourceSetTree                          : loaded 2 times (x 74B)
Class org.jetbrains.kotlin.gradle.plugin.KotlinPluginLifecycle$Stage                  : loaded 2 times (x 81B)
Class [Lorg.jetbrains.kotlin.gradle.plugin.diagnostics.checkers.GradleDeprecatedPropertyChecker$DeprecatedProperty;: loaded 2 times (x 71B)
Class org.jetbrains.kotlin.gradle.plugin.mpp.compilationImpl.KotlinCreateResourcesTaskSideEffectKt$KotlinCreateResourcesTaskSideEffect$1: loaded 2 times (x 76B)
Class org.jetbrains.kotlin.gradle.targets.jvm.KotlinJvmTargetTestFixturesSideEffectKt : loaded 2 times (x 73B)
Class org.jetbrains.kotlin.gradle.plugin.sources.KotlinSourceSetFactory               : loaded 2 times (x 82B)
Class org.jetbrains.kotlin.gradle.targets.native.toolchain.KotlinNativeBundleBuildService$Parameters_Decorated: loaded 2 times (x 141B)
Class org.jetbrains.kotlin.gradle.internal.ClassLoadersCachingBuildService$Companion  : loaded 2 times (x 73B)
Class org.jetbrains.kotlin.gradle.internal.IdeaKt$isInIdeaSync$1                      : loaded 2 times (x 76B)
Class com.google.common.base.MoreObjects                                              : loaded 2 times (x 73B)
Class org.jetbrains.kotlin.gradle.utils.ProviderApiUtilsKt$mapOrNull$1$1              : loaded 2 times (x 77B)
Class org.jetbrains.kotlin.gradle.plugin.hierarchy.KotlinSourceSetTreeClassifier$Default: loaded 2 times (x 73B)
Class org.jetbrains.kotlin.gradle.tasks.configuration.AbstractKotlinCompileConfig     : loaded 2 times (x 74B)
Class org.jetbrains.kotlin.gradle.plugin.mpp.InternalKotlinCompilationKt              : loaded 2 times (x 73B)
Class org.jetbrains.kotlin.gradle.plugin.mpp.compilationImpl.KotlinCompilationImpl$attributes$2: loaded 2 times (x 81B)
Class org.jetbrains.kotlin.gradle.plugin.diagnostics.checkers.OverriddenKotlinNativeHomeChecker$StdlibExistenceCheckerValueSource: loaded 2 times (x 80B)
Class org.jetbrains.kotlin.gradle.plugin.StatisticsBuildFlowManager$subscribeForBuildResultAndConfigurationTimeMetrics$1$1: loaded 2 times (x 76B)
Class org.jetbrains.kotlin.gradle.plugin.statistics.BuildFinishBuildService$Parameters: loaded 2 times (x 72B)
Class org.jetbrains.kotlin.gradle.utils.IsolatedKotlinClasspathClassCastException     : loaded 2 times (x 84B)
Class com.google.common.collect.Platform                                              : loaded 2 times (x 73B)
Class [Lorg.objectweb.asm.Type;                                                       : loaded 2 times (x 71B)
Class com.google.common.collect.UnmodifiableIterator                                  : loaded 2 times (x 82B)
Class org.gradle.internal.service.ServiceLocator                                      : loaded 2 times (x 72B)
Class org.jetbrains.kotlin.gradle.utils.GradleAttributesContainerUtilsKt$copyAttributeTo$1: loaded 2 times (x 81B)
Class org.jetbrains.kotlin.gradle.plugin.hierarchy.KotlinSourceSetTreeClassifierKt$classify$1: loaded 2 times (x 89B)
Class com.google.common.collect.SingletonImmutableBiMap                               : loaded 2 times (x 145B)
Class [Lorg.jetbrains.kotlin.konan.target.KonanTarget;                                : loaded 2 times (x 71B)
Class org.jetbrains.kotlin.gradle.plugin.diagnostics.checkers.WasmSourceSetsNotFoundChecker: loaded 2 times (x 76B)
Class org.jetbrains.kotlin.gradle.plugin.diagnostics.checkers.AndroidSourceSetLayoutV1SourceSetsNotFoundChecker$androidSourceSetRegex$2: loaded 2 times (x 80B)
Class org.jetbrains.kotlin.gradle.plugin.statistics.KotlinBuildStatsLoggerService$Companion: loaded 2 times (x 73B)
Class com.google.common.base.Ascii                                                    : loaded 2 times (x 73B)
Class com.google.common.cache.LocalCache$1                                            : loaded 2 times (x 91B)
Class com.google.common.collect.Iterators$SingletonIterator                           : loaded 2 times (x 83B)
Class com.google.common.collect.AbstractMapEntry                                      : loaded 2 times (x 83B)
Class org.jetbrains.kotlin.gradle.plugin.KotlinCompilationWithResources               : loaded 2 times (x 72B)
Class com.google.common.collect.Sets$ImprovedAbstractSet                              : loaded 2 times (x 137B)
Class com.google.common.collect.ImmutableList$Builder                                 : loaded 2 times (x 79B)
Class org.jetbrains.kotlin.gradle.plugin.KotlinTargetPreset                           : loaded 2 times (x 72B)
Class org.jetbrains.kotlin.gradle.plugin.diagnostics.checkers.KotlinTargetAlreadyDeclaredChecker: loaded 2 times (x 76B)
Class org.jetbrains.kotlin.gradle.plugin.mpp.compilationImpl.KotlinCompilationProcessorSideEffectKt: loaded 2 times (x 73B)
Class org.jetbrains.kotlin.gradle.utils.FileUtilsKt$localProperties$1                 : loaded 2 times (x 77B)
Class org.jetbrains.kotlin.gradle.dsl.HasConfigurableKotlinCompilerOptions            : loaded 2 times (x 72B)
Class com.google.common.collect.AbstractMultimap                                      : loaded 2 times (x 125B)
Class com.google.common.cache.LocalCache$2                                            : loaded 2 times (x 144B)
Class org.jetbrains.kotlin.gradle.plugin.statistics.KotlinProjectConfigurationMetrics : loaded 2 times (x 73B)
Class org.jetbrains.kotlin.gradle.plugin.KotlinCompilationInfo$TCS                    : loaded 2 times (x 91B)
Class com.google.common.collect.ImmutableRangeSet$1                                   : loaded 2 times (x 212B)
Class org.jetbrains.kotlin.gradle.plugin.mpp.HasBinaries                              : loaded 2 times (x 72B)
Class org.jetbrains.kotlin.gradle.dsl.KotlinCommonOptions                             : loaded 2 times (x 72B)
Class org.jetbrains.kotlin.gradle.plugin.diagnostics.checkers.KmpPartiallyResolvedDependenciesChecker: loaded 2 times (x 76B)
Class org.jetbrains.kotlin.gradle.plugin.mpp.compilationImpl.KotlinCreateSourcesJarTaskSideEffectKt: loaded 2 times (x 73B)
Class org.jetbrains.kotlin.gradle.dsl.KotlinJvmProjectExtension                       : loaded 2 times (x 149B)
Class org.jetbrains.kotlin.gradle.plugin.KotlinGradlePluginExtensionPointInternalKt   : loaded 2 times (x 73B)
Class org.jetbrains.kotlin.gradle.targets.native.toolchain.UsesKotlinNativeBundleBuildService: loaded 2 times (x 72B)
Class org.jetbrains.kotlin.gradle.plugin.KotlinCompilerArgumentsProducer              : loaded 2 times (x 72B)
Class org.jetbrains.kotlin.build.report.metrics.ValueType                             : loaded 2 times (x 81B)
Class com.google.common.collect.RegularImmutableAsList                                : loaded 2 times (x 219B)
Class org.jetbrains.kotlin.gradle.internal.tasks.ProducesKlib                         : loaded 2 times (x 72B)
Class org.jetbrains.kotlin.gradle.tasks.configuration.BaseKotlinCompileConfig$1$classpathConfiguration$1: loaded 2 times (x 77B)
Class com.google.common.collect.Range                                                 : loaded 2 times (x 89B)
Class org.jetbrains.kotlin.gradle.targets.js.npm.NpmDependencyExtensionDelegate       : loaded 2 times (x 168B)
Class org.jetbrains.kotlin.gradle.plugin.sources.FragmentConsistencyChecker           : loaded 2 times (x 74B)
Class org.jetbrains.kotlin.gradle.dsl.DefaultToolchainSupport_Decorated               : loaded 2 times (x 122B)
Class org.jetbrains.kotlin.gradle.internal.properties.NativePropertiesLoader$jvmArgs$1: loaded 2 times (x 77B)
Class org.jetbrains.kotlin.gradle.report.BuildMetricsService$Companion                : loaded 2 times (x 73B)
Class org.jetbrains.kotlin.gradle.tasks.KotlinCompileTool                             : loaded 2 times (x 72B)
Class org.jetbrains.kotlin.gradle.plugin.VariantImplementationFactories$Parameters_Decorated: loaded 2 times (x 132B)
Class org.jetbrains.kotlin.gradle.plugin.statistics.BuildFinishBuildService$Parameters_Decorated: loaded 2 times (x 144B)
Class org.jetbrains.kotlin.gradle.plugin.PropertiesProvider$PropertyNames             : loaded 2 times (x 73B)
Class org.jetbrains.kotlin.gradle.utils.SingleAction$PerformedActions                 : loaded 2 times (x 74B)
Class org.jetbrains.kotlin.gradle.utils.GradleUtilsKt                                 : loaded 2 times (x 73B)
Class org.jetbrains.kotlin.gradle.plugin.HasProject                                   : loaded 2 times (x 72B)
Class com.google.common.util.concurrent.AbstractFuture$Trusted                        : loaded 2 times (x 72B)
Class com.google.common.collect.Iterators                                             : loaded 2 times (x 73B)
Class org.jetbrains.kotlin.gradle.tasks.configuration.BaseKotlinCompileConfig         : loaded 2 times (x 74B)
Class org.jetbrains.kotlin.gradle.plugin.mpp.compilationImpl.factory.KotlinCompilationImplFactory$KotlinCompilationTaskNamesContainerFactory: loaded 2 times (x 72B)
Class org.jetbrains.kotlin.gradle.internal.KotlinDependenciesManagementKt$CustomizeKotlinDependenciesSetupAction$1$coreLibrariesVersion$1: loaded 2 times (x 81B)
Class org.jetbrains.kotlin.gradle.plugin.diagnostics.checkers.AndroidPublicationNotConfiguredChecker$runChecks$1: loaded 2 times (x 89B)
Class org.jetbrains.kotlin.gradle.plugin.diagnostics.checkers.CInteropInputChecker$runChecks$1: loaded 2 times (x 89B)
Class org.jetbrains.kotlin.gradle.ExperimentalKotlinGradlePluginApi                   : loaded 2 times (x 72B)
Class org.jetbrains.kotlin.gradle.plugin.diagnostics.ToolingDiagnosticRenderingOptionsKt$isAttachedToTerminal$1: loaded 2 times (x 76B)
Class org.jetbrains.kotlin.gradle.internal.properties.NativePropertiesLoader          : loaded 2 times (x 85B)
Class org.jetbrains.kotlin.statistics.metrics.NumberAnonymizationPolicy$SAFE          : loaded 2 times (x 87B)
Class org.jetbrains.kotlin.gradle.plugin.statistics.BuildFusService                   : loaded 2 times (x 86B)
Class org.jetbrains.kotlin.gradle.dsl.KotlinAndroidProjectExtension                   : loaded 2 times (x 141B)
Class com.google.common.collect.Lists$StringAsImmutableList                           : loaded 2 times (x 209B)
Class com.google.common.util.concurrent.UncheckedExecutionException                   : loaded 2 times (x 84B)
Class org.jetbrains.kotlin.gradle.plugin.diagnostics.checkers.CInteropInputChecker$runChecks$2: loaded 2 times (x 77B)
Class org.jetbrains.kotlin.gradle.tasks.configuration.KaptGenerateStubsConfig$Companion: loaded 2 times (x 73B)
Class org.jetbrains.kotlin.gradle.internal.KotlinTestDependencyManagementKt$maybeAddTestDependencyCapability$1: loaded 2 times (x 77B)
Class org.jetbrains.kotlin.gradle.dsl.abi.AbiValidationLegacyDumpExtension            : loaded 2 times (x 72B)
Class org.jetbrains.kotlin.gradle.plugin.diagnostics.CheckKotlinGradlePluginConfigurationErrorsKt: loaded 2 times (x 73B)
Class org.jetbrains.kotlin.gradle.targets.js.npm.NpmDependencyExtensionKt$AddNpmDependencyExtensionProjectSetupAction$1$WhenMappings: loaded 2 times (x 73B)
Class org.jetbrains.kotlin.gradle.plugin.mpp.KotlinJvmAndroidCompilation              : loaded 2 times (x 204B)
Class org.jetbrains.kotlin.gradle.targets.CreateDefaultCompilationsSideEffectKt$CreateDefaultCompilationsSideEffect$1: loaded 2 times (x 76B)
Class org.jetbrains.kotlin.gradle.targets.native.internal.AddKotlinPlatformIntegersSupportLibraryKt$AddKotlinPlatformIntegersSupportLibrary$1: loaded 2 times (x 97B)
Class org.jetbrains.kotlin.gradle.plugin.mpp.ApplyUserDefinedAttributesKt             : loaded 2 times (x 73B)
Class org.jetbrains.kotlin.gradle.utils.FutureImpl                                    : loaded 2 times (x 82B)
Class org.jetbrains.kotlin.gradle.plugin.diagnostics.ToolingDiagnosticRenderingOptionsKt$isAttachedToTerminal$2: loaded 2 times (x 76B)
Class org.jetbrains.kotlin.gradle.internal.properties.NativePropertiesLoader$isToolchainEnabled$1: loaded 2 times (x 77B)
Class [Lorg.jetbrains.kotlin.statistics.metrics.NumericalMetrics;                     : loaded 2 times (x 71B)
Class org.gradle.internal.InternalTransformer                                         : loaded 2 times (x 72B)
Class org.jetbrains.kotlin.gradle.tasks.CompileUsingKotlinDaemonWithNormalization     : loaded 2 times (x 72B)
Class org.jetbrains.kotlin.gradle.plugin.mpp.compilationImpl.factory.KotlinCompilationImplFactory$PostConfigure$Companion: loaded 2 times (x 73B)
Class com.google.common.collect.AbstractMapBasedMultimap$KeySet$1                     : loaded 2 times (x 84B)
Class org.jetbrains.kotlin.gradle.internal.KotlinDomApiDependencyManagementKt$configureKotlinDomApiDefaultDependency$1: loaded 2 times (x 81B)
Class org.jetbrains.kotlin.gradle.targets.js.npm.DefaultDevNpmDependencyExtension     : loaded 2 times (x 146B)
Class [Lorg.jetbrains.kotlin.gradle.plugin.HasKotlinDependencies;                     : loaded 2 times (x 71B)
Class org.jetbrains.kotlin.gradle.tasks.DefaultKotlinJavaToolchain$Companion$wireJvmTargetToToolchain$1: loaded 2 times (x 77B)
Class org.jetbrains.kotlin.gradle.plugin.diagnostics.checkers.JsLikeEnvironmentChecker: loaded 2 times (x 78B)
Class org.jetbrains.kotlin.gradle.plugin.KotlinPlatformType                           : loaded 2 times (x 84B)
Class org.jetbrains.kotlin.gradle.plugin.KotlinGradleBuildServices$Companion          : loaded 2 times (x 73B)
Class org.jetbrains.kotlin.gradle.internal.properties.PropertiesBuildServiceKt        : loaded 2 times (x 73B)
Class org.objectweb.asm.ClassWriter                                                   : loaded 2 times (x 107B)
Class com.google.common.cache.CacheLoader$UnsupportedLoadingOperationException        : loaded 2 times (x 84B)
Class com.google.common.base.CharMatcher$And                                          : loaded 2 times (x 114B)
Class org.gradle.internal.classloader.ClasspathUtil$1                                 : loaded 2 times (x 78B)
Class com.google.common.collect.AbstractMapBasedMultimap$Itr                          : loaded 2 times (x 85B)
Class org.jetbrains.kotlin.gradle.dsl.KotlinJvmCompilerOptionsHelper                  : loaded 2 times (x 73B)
Class org.jetbrains.kotlin.gradle.tasks.DefaultKotlinJavaToolchain$Companion$wireJvmTargetToToolchain$2: loaded 2 times (x 77B)
Class org.jetbrains.kotlin.gradle.plugin.ProjectLocalConfigurations$ProjectLocalDisambiguation: loaded 2 times (x 78B)
Class org.jetbrains.kotlin.gradle.plugin.diagnostics.ToolingDiagnosticRenderingOptions$Companion: loaded 2 times (x 73B)
Class org.jetbrains.kotlin.gradle.plugin.diagnostics.DiagnosticGroup$KotlinDiagnosticGroup: loaded 2 times (x 83B)
Class org.jetbrains.kotlin.gradle.internal.properties.PropertiesBuildService$NullableStringGradleProperty: loaded 2 times (x 78B)
Class org.jetbrains.kotlin.gradle.targets.native.KonanPropertiesBuildService          : loaded 2 times (x 78B)
Class org.jetbrains.kotlin.gradle.plugin.KotlinGradleBuildServices$detectKotlinPluginLoadedInMultipleProjects$onRegister$1$1: loaded 2 times (x 77B)
Class org.jetbrains.kotlin.gradle.plugin.internal.ConfigurationCacheStartParameterAccessor$Factory: loaded 2 times (x 72B)
Class org.objectweb.asm.FieldVisitor                                                  : loaded 2 times (x 79B)
Class com.google.common.collect.IndexedImmutableSet                                   : loaded 2 times (x 154B)
Class com.google.common.collect.ImmutableMap$1                                        : loaded 2 times (x 83B)
Class com.google.common.collect.BiMap                                                 : loaded 2 times (x 72B)
Class org.gradle.api.internal.classpath.DefaultModuleRegistry$DefaultModule           : loaded 2 times (x 88B)
Class org.jetbrains.kotlin.gradle.plugin.mpp.compilationImpl.KotlinCompilationSourceSetInclusion$DefaultAddSourcesToCompileTask$addSources$1: loaded 2 times (x 81B)
Class org.jetbrains.kotlin.gradle.plugin.diagnostics.checkers.WasmSourceSetsNotFoundChecker$wasmSourceSetRegex$2: loaded 2 times (x 80B)
Class org.jetbrains.kotlin.gradle.plugin.mpp.compilationImpl.KotlinCompilationSideEffect: loaded 2 times (x 72B)
Class org.jetbrains.kotlin.gradle.plugin.KotlinGradlePluginExtensionPoint             : loaded 2 times (x 72B)
Class org.jetbrains.kotlin.tooling.core.ExtrasUtilsKt                                 : loaded 2 times (x 73B)
Class org.jetbrains.kotlin.buildtools.api.ExperimentalBuildToolsApi                   : loaded 2 times (x 72B)
Class org.jetbrains.kotlin.gradle.targets.native.KonanPropertiesBuildService$Companion$registerIfAbsent$2$1$1: loaded 2 times (x 77B)
Class org.jetbrains.kotlin.gradle.internal.IsInIdeaSyncValueSource$Inject             : loaded 2 times (x 111B)
Class org.jetbrains.kotlin.gradle.utils.ResourceUtilsKt                               : loaded 2 times (x 73B)
Class org.jetbrains.kotlin.gradle.plugin.KotlinPluginWrapperKt$kotlinPluginVersionFromResources$1: loaded 2 times (x 80B)
Class com.google.common.primitives.Ints                                               : loaded 2 times (x 73B)
Class com.google.common.collect.AbstractIterator                                      : loaded 2 times (x 84B)
Class org.jetbrains.kotlin.gradle.plugin.mpp.KotlinTargetSoftwareComponentImplKt$KotlinTargetSoftwareComponent$1$1$1: loaded 2 times (x 77B)
Class org.jetbrains.kotlin.gradle.tasks.configuration.KaptGenerateStubsConfig$Companion$configureLibraries$1: loaded 2 times (x 81B)
Class org.jetbrains.kotlin.gradle.plugin.mpp.compilationImpl.KotlinCompilationSourceSetInclusion$DefaultAddSourcesToCompileTask$addSources$2: loaded 2 times (x 81B)
Class org.jetbrains.kotlin.gradle.tasks.AbstractKotlinCompile                         : loaded 2 times (x 461B)
Class org.jetbrains.kotlin.gradle.plugin.KotlinCompilationOutput                      : loaded 2 times (x 72B)
Class com.google.common.collect.ObjectArrays                                          : loaded 2 times (x 73B)
Class org.jetbrains.kotlin.gradle.plugin.diagnostics.CheckKotlinGradlePluginConfigurationErrorsKt$addDependsOnFromTasksThatShouldFailWhenErrorsReported$1: loaded 2 times (x 77B)
Class org.jetbrains.kotlin.konan.target.KonanTarget$TVOS_X64                          : loaded 2 times (x 80B)
Class org.jetbrains.kotlin.gradle.plugin.diagnostics.KotlinToolingDiagnosticsSetupActionKt: loaded 2 times (x 73B)
Class org.jetbrains.kotlin.gradle.targets.native.KonanPropertiesBuildService$Parameters_Decorated: loaded 2 times (x 132B)
Class org.jetbrains.kotlin.gradle.plugin.KotlinGradleBuildServices$Parameters$Inject  : loaded 2 times (x 108B)
Class org.jetbrains.kotlin.gradle.fus.BuildUidService$Inject                          : loaded 2 times (x 102B)
Class org.jetbrains.kotlin.gradle.plugin.KotlinPluginWrapperKt$kotlinPluginVersionFromResources$1$1: loaded 2 times (x 73B)
Class com.google.common.math.MathPreconditions                                        : loaded 2 times (x 73B)
Class com.google.common.collect.Multiset                                              : loaded 2 times (x 72B)
Class com.google.common.collect.ArrayListMultimapGwtSerializationDependencies         : loaded 2 times (x 173B)
Class com.google.common.collect.AbstractIndexedListIterator                           : loaded 2 times (x 98B)
Class org.jetbrains.kotlin.gradle.plugin.attributes.KlibPackaging$Companion           : loaded 2 times (x 73B)
Class org.jetbrains.kotlin.tooling.core.Extras$Entry                                  : loaded 2 times (x 74B)
Class org.jetbrains.kotlin.gradle.plugin.sources.InternalKotlinSourceSetKt            : loaded 2 times (x 73B)
Class org.jetbrains.kotlin.gradle.utils.WhenEvaluatedKt$whenEvaluated$3               : loaded 2 times (x 81B)
Class org.jetbrains.kotlin.gradle.internal.Kapt3GradleSubplugin$Kapt3SubpluginContext : loaded 2 times (x 74B)
Class org.jetbrains.kotlin.gradle.artifacts.KotlinTargetArtifact                      : loaded 2 times (x 72B)
Class org.jetbrains.kotlin.gradle.dsl.KotlinJvmCompilerOptionsDefault_Decorated       : loaded 2 times (x 165B)
Class org.jetbrains.kotlin.gradle.plugin.HasKotlinDependencies                        : loaded 2 times (x 72B)
Class org.jetbrains.kotlin.gradle.internal.ClassLoadersCachingBuildService$Parameters_Decorated: loaded 2 times (x 132B)
Class org.jetbrains.kotlin.gradle.targets.native.toolchain.KotlinNativeBundleBuildService$Companion: loaded 2 times (x 73B)
Class org.jetbrains.kotlin.gradle.plugin.StatisticsBuildFlowManager$subscribeForBuildResultAndConfigurationTimeMetrics$1: loaded 2 times (x 77B)
Class org.jetbrains.kotlin.gradle.plugin.statistics.MetricContainer                   : loaded 2 times (x 74B)
Class org.jetbrains.kotlin.gradle.plugin.statistics.old.Pre232IdeaKotlinBuildStatsMXBean: loaded 2 times (x 72B)
Class org.jetbrains.kotlin.gradle.plugin.statistics.KotlinBuildStatsServicesRegistry  : loaded 2 times (x 80B)
Class org.jetbrains.kotlin.gradle.plugin.BuildEventsListenerRegistryHolder_Decorated  : loaded 2 times (x 117B)
Class org.jetbrains.kotlin.gradle.plugin.VariantImplementationFactoriesConfigurator   : loaded 2 times (x 78B)
Class com.google.common.collect.ImmutableMapEntrySet                                  : loaded 2 times (x 154B)
Class org.gradle.api.internal.classpath.Module                                        : loaded 2 times (x 72B)
Class org.jetbrains.kotlin.gradle.plugin.mpp.compilationImpl.KotlinCompilationSourceSetInclusion$Companion$includedSourceSets$2: loaded 2 times (x 80B)
Class org.jetbrains.kotlin.gradle.utils.WhenEvaluatedKt$whenEvaluated$4               : loaded 2 times (x 77B)
Class org.jetbrains.kotlin.gradle.plugin.diagnostics.KotlinToolingDiagnosticsSetupActionKt$KotlinToolingDiagnosticsSetupAction$1$1: loaded 2 times (x 77B)
Class org.jetbrains.kotlin.gradle.targets.js.npm.NpmDirectoryDependencyWithExternalsExtension: loaded 2 times (x 72B)
Class org.jetbrains.kotlin.gradle.plugin.KotlinProjectSetupAction                     : loaded 2 times (x 72B)
Class org.jetbrains.kotlin.gradle.plugin.KotlinGradleFinishBuildHandler$Companion     : loaded 2 times (x 73B)
Class org.jetbrains.kotlin.gradle.internal.IsInIdeaSyncValueSource                    : loaded 2 times (x 80B)
Class com.google.common.cache.Weigher                                                 : loaded 2 times (x 72B)
Class org.gradle.api.internal.classpath.UnknownModuleException                        : loaded 2 times (x 84B)
Class org.jetbrains.kotlin.gradle.plugin.mpp.InternalKotlinTargetComponentKt          : loaded 2 times (x 73B)
Class org.jetbrains.kotlin.gradle.plugin.mpp.InternalKotlinTarget$DefaultImpls        : loaded 2 times (x 73B)
Class org.jetbrains.kotlin.gradle.plugin.statistics.KotlinBuildStatisticsUtilsKt$collectAppliedPluginsStatistics$1: loaded 2 times (x 77B)
Class org.jetbrains.kotlin.gradle.plugin.KotlinPluginLifecycleImpl$executeCurrentStageAndScheduleNext$3: loaded 2 times (x 77B)
Class org.jetbrains.kotlin.gradle.plugin.mpp.compilationImpl.KotlinCompilationRegisterInSourceSetsConfigurator$configure$1: loaded 2 times (x 81B)
Class org.jetbrains.kotlin.gradle.plugin.diagnostics.KotlinToolingDiagnosticsSetupActionKt$KotlinToolingDiagnosticsSetupAction$1$2: loaded 2 times (x 97B)
Class org.jetbrains.kotlin.gradle.targets.js.npm.NpmDependencyWithExternalsExtension  : loaded 2 times (x 72B)
Class org.jetbrains.kotlin.gradle.plugin.mpp.KotlinUsageContext                       : loaded 2 times (x 72B)
Class org.jetbrains.kotlin.gradle.plugin.KotlinTargetsContainer                       : loaded 2 times (x 72B)
Class org.jetbrains.kotlin.gradle.plugin.diagnostics.KotlinToolingDiagnosticsCollector$Parameter$Inject: loaded 2 times (x 108B)
Class org.jetbrains.kotlin.compilerRunner.GradleCliCommonizerKt                       : loaded 2 times (x 73B)
Class org.jetbrains.kotlin.gradle.utils.ConfigurationsKt                              : loaded 2 times (x 73B)
Class org.jetbrains.kotlin.gradle.plugin.StatisticsBuildFlowManager                   : loaded 2 times (x 74B)
Class org.jetbrains.kotlin.gradle.plugin.statistics.BuildFusService$Parameters        : loaded 2 times (x 72B)
Class org.jetbrains.kotlin.gradle.plugin.diagnostics.DefaultProblemsReporter$Factory  : loaded 2 times (x 78B)
Class org.jetbrains.kotlin.gradle.plugin.PluginWrappersKt                             : loaded 2 times (x 73B)
Class com.google.common.base.Stopwatch                                                : loaded 2 times (x 74B)
Class com.google.common.cache.LocalCache$Strength                                     : loaded 2 times (x 83B)
Class com.google.common.cache.Cache                                                   : loaded 2 times (x 72B)
Class com.google.gson.stream.JsonReader$1                                             : loaded 2 times (x 74B)
Class org.jetbrains.kotlin.gradle.plugin.statistics.KotlinBuildStatisticsUtilsKt$collectAppliedPluginsStatistics$2: loaded 2 times (x 77B)
Class org.jetbrains.kotlin.gradle.plugin.mpp.InternalKotlinTargetKt                   : loaded 2 times (x 73B)
Class org.jetbrains.kotlin.gradle.plugin.diagnostics.KotlinToolingDiagnosticsSetupActionKt$KotlinToolingDiagnosticsSetupAction$1$3: loaded 2 times (x 77B)
Class org.jetbrains.kotlin.gradle.targets.js.dsl.KotlinTargetWithNodeJsDsl            : loaded 2 times (x 72B)
Class org.jetbrains.kotlin.gradle.plugin.sources.DefaultKotlinSourceSetKt$defaultSourceSetLanguageSettingsChecker$1: loaded 2 times (x 80B)
Class org.jetbrains.kotlin.gradle.plugin.sources.InternalKotlinSourceSet              : loaded 2 times (x 72B)
Class org.jetbrains.kotlin.gradle.plugin.KotlinJvmPlugin                              : loaded 2 times (x 81B)
Class org.jetbrains.kotlin.gradle.plugin.mpp.SyncLanguageSettingsWithKotlinExtensionSetupActionKt$SyncLanguageSettingsWithKotlinExtensionSetupAction$1: loaded 2 times (x 97B)
Class org.jetbrains.kotlin.gradle.dsl.KotlinGradlePluginPublicDsl                     : loaded 2 times (x 72B)
Class org.jetbrains.kotlin.gradle.internal.properties.NativeProperties                : loaded 2 times (x 72B)
Class org.jetbrains.kotlin.gradle.fus.internal.SynchronizedConfigurationMetrics       : loaded 2 times (x 74B)
Class org.jetbrains.kotlin.statistics.BuildSessionLogger                              : loaded 2 times (x 79B)
Class org.jetbrains.kotlin.gradle.plugin.internal.ConfigurationCacheStartParameterAccessor: loaded 2 times (x 72B)
Class org.jetbrains.kotlin.gradle.internal.diagnostics.GradleCompatibilityCheck$DefaultCurrentGradleVersionProvider: loaded 2 times (x 76B)
Class org.jetbrains.kotlin.gradle.dsl.KotlinBaseExtension                             : loaded 2 times (x 72B)
Class com.google.common.util.concurrent.AbstractFuture$Cancellation                   : loaded 2 times (x 74B)
Class com.google.common.collect.ImmutableMap$Builder                                  : loaded 2 times (x 84B)
Class org.jetbrains.kotlin.gradle.utils.FutureKt$future$2$1                           : loaded 2 times (x 97B)
Class org.jetbrains.kotlin.gradle.plugin.diagnostics.DefaultProblemsReporter$logger$2 : loaded 2 times (x 81B)
Class org.jetbrains.kotlin.gradle.plugin.diagnostics.DefaultProblemsReporter          : loaded 2 times (x 78B)
Class [Lorg.jetbrains.kotlin.gradle.plugin.statistics.plugins.ObservablePlugins;      : loaded 2 times (x 71B)
Class org.jetbrains.kotlin.gradle.plugin.internal.BuildIdService$Companion$registerIfAbsent$1$1: loaded 2 times (x 77B)
Class org.jetbrains.kotlin.gradle.targets.js.dsl.KotlinWasmTargetDsl                  : loaded 2 times (x 72B)
Class org.jetbrains.kotlin.gradle.plugin.diagnostics.checkers.DisabledCinteropCommonizationInHmppProjectChecker$runChecks$1: loaded 2 times (x 89B)
Class org.jetbrains.kotlin.gradle.plugin.sources.ConsistencyCheck                     : loaded 2 times (x 74B)
Class org.jetbrains.kotlin.gradle.plugin.sources.DefaultKotlinSourceSetKt$defaultSourceSetLanguageSettingsChecker$2: loaded 2 times (x 80B)
Class org.jetbrains.kotlin.gradle.dsl.KotlinCommonToolOptions                         : loaded 2 times (x 72B)
Class org.jetbrains.kotlin.gradle.plugin.AbstractKotlinPlugin                         : loaded 2 times (x 80B)
Class org.jetbrains.kotlin.gradle.tasks.DefaultKotlinJavaToolchain$Companion$wireJvmTargetToJvm$1: loaded 2 times (x 77B)
Class org.jetbrains.kotlin.gradle.plugin.diagnostics.checkers.ComposePluginSuggestApplyChecker: loaded 2 times (x 76B)
Class org.jetbrains.kotlin.konan.target.KonanTarget$IOS_ARM64                         : loaded 2 times (x 80B)
Class org.jetbrains.kotlin.gradle.dsl.KotlinMultiplatformExtension                    : loaded 2 times (x 609B)
Class org.jetbrains.kotlin.gradle.plugin.diagnostics.KotlinToolingDiagnosticsCollectorKt$kotlinToolingDiagnosticsCollectorProvider$1$execute$$inlined$variantImplementationFactoryProvider$1: loaded 2 times (x 76B)
Class org.jetbrains.kotlin.gradle.plugin.BuildFinishAndConfigurationTimeMetricsFlowAction: loaded 2 times (x 76B)
Class org.jetbrains.kotlin.gradle.plugin.PropertiesProvider$booleanProvider$1         : loaded 2 times (x 76B)
Class com.google.common.cache.RemovalListener                                         : loaded 2 times (x 72B)
Class org.gradle.api.internal.DefaultClassPathRegistry                                : loaded 2 times (x 78B)
Class org.jetbrains.kotlin.gradle.plugin.mpp.KotlinTargetSoftwareComponentImplKt$KotlinTargetSoftwareComponent$1$1$configuration$1: loaded 2 times (x 81B)
Class org.jetbrains.kotlin.gradle.targets.js.npm.DefaultPeerNpmDependencyExtension$delegate$1: loaded 2 times (x 168B)
Class org.jetbrains.kotlin.gradle.targets.js.npm.NpmDependency                        : loaded 2 times (x 88B)
Class org.jetbrains.kotlin.gradle.targets.js.npm.DefaultNpmDependencyExtension        : loaded 2 times (x 153B)
Class org.jetbrains.kotlin.gradle.targets.js.npm.NpmDependency$Scope                  : loaded 2 times (x 81B)
Class org.jetbrains.kotlin.gradle.plugin.sources.FragmentConsistencyChecks$unstableFeaturesCheck$1: loaded 2 times (x 81B)
Class org.jetbrains.kotlin.gradle.plugin.sources.DefaultKotlinSourceSet               : loaded 2 times (x 141B)
Class org.jetbrains.kotlin.gradle.plugin.diagnostics.checkers.AndroidSourceSetLayoutV1SourceSetsNotFoundChecker: loaded 2 times (x 76B)
Class org.jetbrains.kotlin.gradle.plugin.diagnostics.KotlinToolingDiagnosticsCollector$Parameter_Decorated: loaded 2 times (x 132B)
Class org.jetbrains.kotlin.gradle.utils.ConfigurationsKt$sam$org_gradle_api_Action$0  : loaded 2 times (x 77B)
Class org.jetbrains.kotlin.gradle.plugin.diagnostics.ProblemsReporter                 : loaded 2 times (x 72B)
Class org.jetbrains.kotlin.gradle.plugin.VariantImplementationFactories$Parameters    : loaded 2 times (x 72B)
Class org.jetbrains.kotlin.gradle.plugin.internal.JavaExecTaskParametersCompatibility$Factory: loaded 2 times (x 72B)
Class com.google.common.primitives.IntsMethodsForWeb                                  : loaded 2 times (x 73B)
Class com.google.common.collect.Multimap                                              : loaded 2 times (x 72B)
Class org.gradle.api.internal.ClassPathRegistry                                       : loaded 2 times (x 72B)
Class org.gradle.internal.classpath.DefaultClassPath$ImmutableUniqueList              : loaded 2 times (x 201B)
Class build_3ubenu9uf340utamnseyqkfmv$_run_closure1$_closure3                         : loaded 2 times (x 140B)
Class org.jetbrains.kotlin.gradle.plugin.KotlinCompilation$DefaultImpls               : loaded 2 times (x 73B)
Class org.jetbrains.kotlin.gradle.utils.ProviderApiUtilsKt$providerWithLazyConvention$1: loaded 2 times (x 76B)
Class org.jetbrains.kotlin.gradle.plugin.sources.FragmentConsistencyChecks$unstableFeaturesCheck$2: loaded 2 times (x 80B)
Class org.jetbrains.kotlin.gradle.plugin.KotlinPluginLifecycleImpl                    : loaded 2 times (x 82B)
Class org.jetbrains.kotlin.gradle.targets.native.KonanPropertiesBuildService$Companion$registerIfAbsent$1: loaded 2 times (x 77B)
Class org.jetbrains.kotlin.gradle.artifacts.KotlinNativeKlibArtifactKt$KotlinNativeKlibArtifact$1: loaded 2 times (x 76B)
Class org.jetbrains.kotlin.gradle.dsl.KotlinCommonCompilerOptionsDefault              : loaded 2 times (x 96B)
Class org.jetbrains.kotlin.gradle.dsl.KotlinCommonCompilerToolOptionsDefault          : loaded 2 times (x 86B)
Class org.jetbrains.kotlin.konan.target.KonanTarget$Companion$predefinedTargets$2     : loaded 2 times (x 80B)
Class org.jetbrains.kotlin.gradle.plugin.diagnostics.DiagnosticGroup$Kgp              : loaded 2 times (x 84B)
Class org.jetbrains.kotlin.gradle.tasks.publishing.HelpersKt$addPomValidationHelpers$1: loaded 2 times (x 77B)
Class org.jetbrains.kotlin.gradle.internal.properties.NativePropertiesLoader$isUseXcodeMessageStyleEnabled$1: loaded 2 times (x 77B)
Class org.jetbrains.kotlin.gradle.internal.ClassLoadersCachingBuildService$Companion$registerIfAbsent$2$1: loaded 2 times (x 81B)
Class org.jetbrains.kotlin.gradle.plugin.statistics.KotlinBuildStatisticsUtilsKt$collectGeneralConfigurationTimeMetrics$statisticOverhead$1$2: loaded 2 times (x 77B)
Class org.jetbrains.kotlin.gradle.plugin.StatisticsBuildFlowManager_Decorated         : loaded 2 times (x 117B)
Class org.jetbrains.kotlin.gradle.report.BuildReportMode$Companion                    : loaded 2 times (x 73B)
Class org.jetbrains.kotlin.gradle.plugin.VariantImplementationFactories$VariantImplementationFactory: loaded 2 times (x 72B)
Class org.jetbrains.kotlin.gradle.plugin.diagnostics.checkers.AndroidPublicationNotConfiguredChecker: loaded 2 times (x 76B)
Class org.jetbrains.kotlin.gradle.utils.GradleAttributesContainerUtilsKt              : loaded 2 times (x 73B)
Class org.jetbrains.kotlin.gradle.plugin.mpp.ApplyUserDefinedAttributesKt$UserDefinedAttributesSetupAction$1$1: loaded 2 times (x 81B)
Class org.jetbrains.kotlin.compilerRunner.CompilerSystemPropertiesService             : loaded 2 times (x 82B)
Class org.jetbrains.kotlin.gradle.plugin.mpp.compilationImpl.KotlinCompilationImpl$1  : loaded 2 times (x 81B)
Class org.jetbrains.kotlin.gradle.targets.js.npm.SemVer$Companion                     : loaded 2 times (x 73B)
Class org.jetbrains.kotlin.konan.target.KonanTarget$LINUX_ARM64                       : loaded 2 times (x 80B)
Class org.jetbrains.kotlin.gradle.targets.native.SetupEmbedAndSignAppleFrameworkTaskSideEffectKt$special$$inlined$KotlinTargetSideEffect$1: loaded 2 times (x 76B)
Class org.jetbrains.kotlin.gradle.plugin.mpp.KotlinUsages$KotlinCinteropCompatibility : loaded 2 times (x 79B)
Class org.jetbrains.kotlin.gradle.plugin.mpp.KotlinUsages$KotlinUsagesCompatibility   : loaded 2 times (x 78B)
Class org.jetbrains.kotlin.gradle.dsl.ExplicitApiMode                                 : loaded 2 times (x 81B)
Class org.jetbrains.kotlin.konan.target.KonanTarget$LINUX_X64                         : loaded 2 times (x 80B)
Class [Lorg.jetbrains.kotlin.konan.target.Architecture;                               : loaded 2 times (x 71B)
Class org.jetbrains.kotlin.gradle.tasks.publishing.HelpersKt$addSigningValidationHelpers$1: loaded 2 times (x 77B)
Class org.jetbrains.kotlin.gradle.plugin.VariantImplementationFactories$Companion     : loaded 2 times (x 73B)
Class org.jetbrains.kotlin.gradle.plugin.internal.CustomPropertiesFileValueSource$Parameters_Decorated: loaded 2 times (x 132B)
Class org.jetbrains.kotlin.gradle.dsl.KotlinTopLevelExtensionConfig                   : loaded 2 times (x 72B)
Class com.google.common.cache.CacheBuilder                                            : loaded 2 times (x 74B)
Class com.google.common.collect.SingletonImmutableList                                : loaded 2 times (x 209B)
Class Settings_gradle$1                                                               : loaded 2 times (x 76B)
Class org.gradle.internal.classpath.ClassPath                                         : loaded 2 times (x 72B)
Class org.jetbrains.kotlin.gradle.plugin.mpp.compilationImpl.KotlinCompilationImpl$2  : loaded 2 times (x 81B)
Class com.google.common.base.JdkPattern                                               : loaded 2 times (x 77B)
Class org.jetbrains.kotlin.gradle.dsl.PlatformSourceSetConventionsChecker$runChecks$1 : loaded 2 times (x 89B)
Class org.jetbrains.kotlin.gradle.plugin.mpp.compilationImpl.KotlinCompilationProcessorSideEffectKt$KotlinCompilationProcessorSideEffect$1: loaded 2 times (x 76B)
Class org.jetbrains.kotlin.gradle.dsl.KotlinJvmCompilerOptionsDefault                 : loaded 2 times (x 108B)
Class org.jetbrains.kotlin.gradle.internal.UsesClassLoadersCachingBuildService        : loaded 2 times (x 72B)
Class com.google.common.collect.ImmutableList$ReverseImmutableList                    : loaded 2 times (x 211B)
Class org.jetbrains.kotlin.gradle.plugin.KotlinCompilationInfoKt                      : loaded 2 times (x 73B)
Class org.jetbrains.kotlin.gradle.tasks.KotlinCompile                                 : loaded 2 times (x 505B)
Class org.jetbrains.kotlin.gradle.internal.StdlibDependencyManagementKt               : loaded 2 times (x 73B)
Class org.jetbrains.kotlin.gradle.dsl.PlatformSourceSetConventionsChecker$runChecks$2 : loaded 2 times (x 80B)
Class org.jetbrains.kotlin.gradle.utils.ObservableSet                                 : loaded 2 times (x 72B)
Class org.jetbrains.kotlin.gradle.plugin.mpp.HierarchyAttributeContainer              : loaded 2 times (x 86B)
Class org.jetbrains.kotlin.gradle.tasks.UsesKotlinJavaToolchain                       : loaded 2 times (x 72B)
Class org.jetbrains.kotlin.konan.target.KonanTarget$MINGW_X64                         : loaded 2 times (x 80B)
Class org.jetbrains.kotlin.gradle.plugin.diagnostics.KotlinToolingDiagnosticsCollectorKt: loaded 2 times (x 73B)
Class org.jetbrains.kotlin.gradle.plugin.DefaultKotlinBasePlugin$apply$1              : loaded 2 times (x 77B)
Class org.jetbrains.kotlin.statistics.metrics.StringOverridePolicy$OVERRIDE           : loaded 2 times (x 87B)
Class org.jetbrains.kotlin.gradle.internal.properties.PropertiesBuildService$Params_Decorated: loaded 2 times (x 132B)
Class org.objectweb.asm.SymbolTable$Entry                                             : loaded 2 times (x 75B)
Class com.google.gson.internal.JsonReaderInternalAccess                               : loaded 2 times (x 74B)
Class Native_plugin_loader_gradle                                                     : loaded 2 times (x 128B)
Class org.jetbrains.kotlin.gradle.plugin.mpp.KotlinTargetComponentWithCoordinatesAndPublication: loaded 2 times (x 72B)
Class org.jetbrains.kotlin.gradle.incremental.UsesIncrementalModuleInfoBuildService   : loaded 2 times (x 72B)
Class org.jetbrains.kotlin.gradle.dsl.PlatformSourceSetConventionsChecker$runChecks$3 : loaded 2 times (x 80B)
Class org.jetbrains.kotlin.konan.target.KonanTarget$ANDROID_X86                       : loaded 2 times (x 80B)
Class org.jetbrains.kotlin.gradle.plugin.RegisterKotlinPluginExtensionsKt             : loaded 2 times (x 73B)
Class org.jetbrains.kotlin.gradle.utils.CompilerOptionsKt$configureExperimentalTryNext$1$1: loaded 2 times (x 80B)
Class org.jetbrains.kotlin.gradle.utils.CompilerOptionsKt                             : loaded 2 times (x 73B)
Class org.jetbrains.kotlin.gradle.plugin.PropertiesProvider$Companion                 : loaded 2 times (x 73B)
Class org.jetbrains.kotlin.gradle.utils.SingleAction                                  : loaded 2 times (x 75B)
Class org.objectweb.asm.Edge                                                          : loaded 2 times (x 74B)
Class com.google.common.base.Suppliers$SupplierOfInstance                             : loaded 2 times (x 81B)
Class com.google.common.collect.Iterators$1                                           : loaded 2 times (x 83B)
Class org.jetbrains.kotlin.gradle.internal.utils.CollectionsKt                        : loaded 2 times (x 73B)
Class org.jetbrains.kotlin.gradle.plugin.diagnostics.KotlinToolingDiagnosticsSetupActionKt$KotlinToolingDiagnosticsSetupAction$1$2$diagnostics$1: loaded 2 times (x 77B)
Class org.jetbrains.kotlin.tooling.core.ExtrasPropertyKt$extrasLazyProperty$1         : loaded 2 times (x 96B)
Class org.jetbrains.kotlin.gradle.dsl.abi.AbiFilterSetSpec                            : loaded 2 times (x 72B)
Class org.jetbrains.kotlin.gradle.dsl.PlatformSourceSetConventionsChecker$runChecks$4 : loaded 2 times (x 80B)
Class org.jetbrains.kotlin.gradle.plugin.diagnostics.checkers.JsLikeEnvironmentChecker$runChecks$1: loaded 2 times (x 89B)
Class org.jetbrains.kotlin.gradle.plugin.diagnostics.UsesKotlinToolingDiagnostics     : loaded 2 times (x 72B)
Class org.jetbrains.kotlin.gradle.plugin.diagnostics.checkers.KonanHomeConflictDeclarationChecker: loaded 2 times (x 76B)
Class org.jetbrains.kotlin.gradle.plugin.diagnostics.KotlinToolingDiagnostics$WasmJsEnvironmentNotChosenExplicitly: loaded 2 times (x 75B)
Class org.jetbrains.kotlin.statistics.metrics.BooleanAnonymizationPolicy$SAFE         : loaded 2 times (x 87B)
Class com.google.common.cache.LocalCache$ComputingValueReference                      : loaded 2 times (x 98B)
Class com.google.common.collect.SingletonImmutableSet                                 : loaded 2 times (x 148B)
Class com.google.common.collect.ImmutableMap$IteratorBasedImmutableMap                : loaded 2 times (x 128B)
Class org.jetbrains.kotlin.gradle.plugin.mpp.compilationImpl.DefaultKotlinCompilationSourceSetsContainer$allKotlinSourceSetsImpl$1$1: loaded 2 times (x 82B)
Class org.jetbrains.kotlin.gradle.plugin.mpp.compilationImpl.DefaultKotlinCompilationSourceSetsContainer: loaded 2 times (x 80B)
Class org.jetbrains.kotlin.konan.target.KonanTarget$TVOS_SIMULATOR_ARM64              : loaded 2 times (x 80B)
Class org.jetbrains.kotlin.gradle.plugin.KotlinPluginLifecycle$Stage$Companion        : loaded 2 times (x 73B)
Class org.jetbrains.kotlin.gradle.plugin.diagnostics.checkers.DeprecatedKotlinNativeTargetsChecker: loaded 2 times (x 76B)
Class org.jetbrains.kotlin.gradle.targets.jvm.KotlinJvmCompilationWireJavaSourcesSideEffectKt$KotlinJvmCompilationWireJavaSourcesSideEffect$1: loaded 2 times (x 76B)
Class org.jetbrains.kotlin.gradle.targets.native.ConfigureFrameworkExportSideEffectKt$special$$inlined$KotlinTargetSideEffect$1: loaded 2 times (x 76B)
Class org.jetbrains.kotlin.tooling.core.AbstractExtras                                : loaded 2 times (x 143B)
Class org.jetbrains.kotlin.konan.target.KonanTarget$Companion                         : loaded 2 times (x 73B)
Class org.jetbrains.kotlin.gradle.fus.BuildUidService$Companion$registerIfAbsent$1    : loaded 2 times (x 76B)
Class org.jetbrains.kotlin.gradle.internal.diagnostics.AgpCompatibilityCheck$AndroidGradlePluginVersionProvider: loaded 2 times (x 72B)
Class com.google.common.cache.LocalCache$Segment                                      : loaded 2 times (x 155B)
Class Native_plugin_loader_gradle$NativePluginLoader$Companion                        : loaded 2 times (x 73B)
Class org.jetbrains.kotlin.gradle.internal.StdlibDependencyManagementKt$addStdlibDependency$1$1: loaded 2 times (x 81B)
Class org.jetbrains.kotlin.gradle.tasks.configuration.BaseKotlinCompileConfig$2$1     : loaded 2 times (x 77B)
Class org.jetbrains.kotlin.gradle.plugin.diagnostics.TransformActionUsingKotlinToolingDiagnostics: loaded 2 times (x 72B)
Class com.google.common.collect.SortedIterable                                        : loaded 2 times (x 72B)
Class org.jetbrains.kotlin.gradle.dsl.abi.AbiValidationVariantSpec$Companion          : loaded 2 times (x 73B)
Class org.jetbrains.kotlin.gradle.dsl.abi.AbiValidationVariantSpec                    : loaded 2 times (x 72B)
Class org.jetbrains.kotlin.gradle.dsl.PlatformSourceSetConventionsChecker$runChecks$6 : loaded 2 times (x 89B)
Class org.jetbrains.kotlin.gradle.plugin.sources.DefaultKotlinSourceSet_Decorated     : loaded 2 times (x 187B)
Class org.jetbrains.kotlin.gradle.plugin.mpp.KotlinCompilationsKt                     : loaded 2 times (x 73B)
Class org.jetbrains.kotlin.gradle.targets.native.KonanPropertiesBuildService$Companion: loaded 2 times (x 73B)
Class org.jetbrains.kotlin.statistics.metrics.StringOverridePolicy                    : loaded 2 times (x 87B)
Class org.jetbrains.kotlin.gradle.plugin.statistics.DefaultKotlinBuildStatsBeanService: loaded 2 times (x 94B)
Class org.jetbrains.kotlin.gradle.utils.GradleUtilsKt$registerClassLoaderScopedBuildService$1: loaded 2 times (x 76B)
Class org.jetbrains.kotlin.gradle.internal.diagnostics.AgpCompatibilityCheck$AndroidGradlePluginVersionProvider$Default: loaded 2 times (x 76B)
Class com.google.common.collect.AbstractListMultimap                                  : loaded 2 times (x 173B)
Class [Lorg.objectweb.asm.SymbolTable$Entry;                                          : loaded 2 times (x 71B)
Class com.google.common.cache.CacheLoader                                             : loaded 2 times (x 76B)
Class com.google.common.collect.Iterators$4                                           : loaded 2 times (x 84B)
Class com.google.common.collect.ImmutableBiMap                                        : loaded 2 times (x 145B)
Class org.gradle.internal.installation.GradleInstallation$1                           : loaded 2 times (x 77B)
Class org.gradle.api.internal.classpath.ModuleRegistry                                : loaded 2 times (x 72B)
Class org.jetbrains.kotlin.gradle.plugin.KotlinPluginLifecycle$ProjectConfigurationResult: loaded 2 times (x 73B)
Class org.jetbrains.kotlin.gradle.internal.KotlinDependenciesManagementKt$configureDefaultVersionsResolutionStrategy$1: loaded 2 times (x 77B)
Class org.jetbrains.kotlin.gradle.internal.StdlibDependencyManagementKt$configureStdlibDefaultDependency$1: loaded 2 times (x 81B)
Class org.jetbrains.kotlin.gradle.plugin.mpp.compilationImpl.KotlinCreateResourcesTaskSideEffectKt: loaded 2 times (x 73B)
Class org.jetbrains.kotlin.gradle.plugin.mpp.KotlinUsages                             : loaded 2 times (x 73B)
Class org.jetbrains.kotlin.gradle.utils.ConfigurationCacheOpaqueValue                 : loaded 2 times (x 74B)
Class org.jetbrains.kotlin.gradle.internal.properties.NativePropertiesLoader$Companion: loaded 2 times (x 73B)
Class org.jetbrains.kotlin.gradle.plugin.statistics.KotlinBuildStatsBeanService$Companion: loaded 2 times (x 73B)
Class org.jetbrains.kotlin.gradle.plugin.statistics.BuildFusService$Companion         : loaded 2 times (x 73B)
Class com.google.common.collect.ImmutableSet$JdkBackedSetBuilderImpl                  : loaded 2 times (x 78B)
Class com.google.common.util.concurrent.internal.InternalFutureFailureAccess          : loaded 2 times (x 74B)
Class com.google.common.collect.Iterators$5                                           : loaded 2 times (x 84B)
Class build_3ubenu9uf340utamnseyqkfmv$_run_closure1                                   : loaded 2 times (x 140B)
Class org.jetbrains.kotlin.gradle.plugin.HasCompilerOptions                           : loaded 2 times (x 72B)
Class org.jetbrains.kotlin.gradle.plugin.mpp.compilationImpl.DefaultKotlinCompilationFriendPathsResolver$FriendArtifactResolver: loaded 2 times (x 72B)
Class org.jetbrains.kotlin.gradle.dsl.abi.AbiFilterSetSpec_Decorated                  : loaded 2 times (x 135B)
Class org.jetbrains.kotlin.konan.target.KonanTarget$WATCHOS_SIMULATOR_ARM64           : loaded 2 times (x 80B)
Class org.jetbrains.kotlin.gradle.targets.js.ir.KotlinJsIrTarget                      : loaded 2 times (x 256B)
Class org.jetbrains.kotlin.gradle.plugin.mpp.DefaultKotlinUsageContext                : loaded 2 times (x 95B)
Class org.jetbrains.kotlin.gradle.plugin.KotlinPluginLifecycleImpl$start$3            : loaded 2 times (x 81B)
Class org.jetbrains.kotlin.gradle.dsl.KotlinJvmExtension                              : loaded 2 times (x 72B)
Class org.jetbrains.kotlin.gradle.plugin.KotlinMultiplatformPluginWrapper             : loaded 2 times (x 88B)
Class [Lorg.jetbrains.kotlin.statistics.metrics.BooleanMetrics;                       : loaded 2 times (x 71B)
Class org.jetbrains.kotlin.gradle.fus.internal.CiUtilKt                               : loaded 2 times (x 73B)
Class org.jetbrains.kotlin.gradle.internal.properties.PropertiesBuildService$Companion: loaded 2 times (x 73B)
Class com.google.common.cache.LocalCache$LocalManualCache$1                           : loaded 2 times (x 77B)
Class com.google.common.base.CharMatcher$ForPredicate                                 : loaded 2 times (x 114B)
Class org.jetbrains.kotlin.gradle.plugin.mpp.compilationImpl.KotlinCompilationConfigurationsContainer: loaded 2 times (x 72B)
Class org.jetbrains.kotlin.gradle.internal.StdlibDependencyManagementKt$addStdlibDependency$1: loaded 2 times (x 77B)
Class [Lorg.jetbrains.kotlin.gradle.plugin.KotlinPluginLifecycle$CoroutineStart;      : loaded 2 times (x 71B)
Class org.jetbrains.kotlin.gradle.dsl.IosSourceSetConventionChecker                   : loaded 2 times (x 76B)
Class org.jetbrains.kotlin.gradle.plugin.diagnostics.KotlinGradleProjectChecker       : loaded 2 times (x 72B)
Class org.jetbrains.kotlin.gradle.plugin.sources.KotlinSourceSetFactory$Companion     : loaded 2 times (x 73B)
Class org.jetbrains.kotlin.gradle.dsl.KotlinMultiplatformSourceSetConventions         : loaded 2 times (x 72B)
Class org.jetbrains.kotlin.statistics.metrics.NumberOverridePolicy$SUM                : loaded 2 times (x 87B)
Class com.google.common.base.CharMatcher$AnyOf                                        : loaded 2 times (x 114B)
Class com.google.common.collect.ImmutableCollection                                   : loaded 2 times (x 127B)
Class org.gradle.api.internal.classpath.DefaultModuleRegistry                         : loaded 2 times (x 88B)
Class org.jetbrains.kotlin.gradle.plugin.mpp.compilationImpl.factory.CompositePostConfigure: loaded 2 times (x 77B)
Class org.jetbrains.kotlin.gradle.plugin.diagnostics.KotlinToolingDiagnosticsSetupActionKt$KotlinToolingDiagnosticsSetupAction$1$reporterProvider$1: loaded 2 times (x 76B)
Class org.jetbrains.kotlin.gradle.targets.native.internal.CInteropConfigurationsKt    : loaded 2 times (x 73B)
Class org.jetbrains.kotlin.gradle.plugin.statistics.BuildFusService$Parameters$Inject : loaded 2 times (x 114B)
Class org.jetbrains.kotlin.statistics.metrics.StatisticsValuesConsumer                : loaded 2 times (x 72B)
Class org.jetbrains.kotlin.gradle.plugin.AndroidGradlePluginVersion$Companion         : loaded 2 times (x 73B)
Class com.google.common.collect.Lists                                                 : loaded 2 times (x 73B)
Class com.google.common.util.concurrent.ListenableFuture                              : loaded 2 times (x 72B)
Class com.google.common.cache.ReferenceEntry                                          : loaded 2 times (x 72B)
Class com.google.common.base.Converter                                                : loaded 2 times (x 92B)
Class com.google.common.collect.ImmutableSet$CachingAsList                            : loaded 2 times (x 150B)
Class org.jetbrains.kotlin.gradle.tasks.KotlinCompilerExecutionStrategy$Companion     : loaded 2 times (x 73B)
Class org.jetbrains.kotlin.gradle.plugin.diagnostics.KotlinToolingDiagnosticsSetupActionKt$KotlinToolingDiagnosticsSetupAction$1$reporterProvider$2: loaded 2 times (x 77B)
Class [Lorg.jetbrains.kotlin.tooling.core.HasMutableExtras;                           : loaded 2 times (x 71B)
Class org.jetbrains.kotlin.gradle.plugin.diagnostics.checkers.GradleDeprecatedPropertyChecker: loaded 2 times (x 76B)
Class org.jetbrains.kotlin.gradle.artifacts.KotlinJsKlibArtifactKt$KotlinJsKlibArtifact$1: loaded 2 times (x 76B)
Class org.jetbrains.kotlin.gradle.targets.CreateTargetConfigurationsSideEffectKt      : loaded 2 times (x 73B)
Class org.jetbrains.kotlin.gradle.plugin.mpp.ApplyUserDefinedAttributesKt$UserDefinedAttributesSetupAction$1: loaded 2 times (x 97B)
Class org.jetbrains.kotlin.gradle.plugin.mpp.KotlinAndroidTarget                      : loaded 2 times (x 161B)
Class org.jetbrains.kotlin.gradle.plugin.DefaultKotlinBasePlugin$addKotlinCompilerConfiguration$1: loaded 2 times (x 77B)
Class org.jetbrains.kotlin.gradle.plugin.statistics.NonSynchronizedMetricsContainer   : loaded 2 times (x 84B)
Class org.jetbrains.kotlin.gradle.plugin.internal.DefaultCompatibilityConventionRegistrar: loaded 2 times (x 76B)
Class org.jetbrains.kotlin.gradle.plugin.PropertiesProvider                           : loaded 2 times (x 75B)
Class com.google.common.collect.AbstractMapBasedMultimap                              : loaded 2 times (x 140B)
Class com.google.common.util.concurrent.AbstractFuture                                : loaded 2 times (x 108B)
Class com.google.common.base.FunctionalEquivalence                                    : loaded 2 times (x 85B)
Class com.google.gson.Strictness                                                      : loaded 2 times (x 81B)
Class com.google.common.collect.Iterators$9                                           : loaded 2 times (x 83B)
Class com.google.common.collect.ImmutableAsList                                       : loaded 2 times (x 211B)
Class org.jetbrains.kotlin.gradle.plugin.mpp.MppSourcesJarKt$sourcesJarTask$1         : loaded 2 times (x 97B)
Class org.jetbrains.kotlin.gradle.plugin.mpp.compilationImpl.factory.KotlinCompilationImplFactory$KotlinCompilationOutputFactory: loaded 2 times (x 72B)
Class org.jetbrains.kotlin.gradle.plugin.KotlinCompilationToRunnableFiles             : loaded 2 times (x 72B)
Class org.jetbrains.kotlin.gradle.tooling.BuildKotlinToolingMetadataTaskKt            : loaded 2 times (x 73B)
Class org.jetbrains.kotlin.gradle.plugin.ProjectLocalConfigurations$setupAttributesMatchingStrategy$1$1: loaded 2 times (x 76B)
Class org.jetbrains.kotlin.konan.target.TargetSupportException                        : loaded 2 times (x 84B)
Class org.jetbrains.kotlin.gradle.internal.IsInIdeaEnvironmentValueSource             : loaded 2 times (x 82B)
Class org.jetbrains.kotlin.gradle.targets.native.toolchain.KotlinNativeBundleBuildService$Companion$registerIfAbsent$2$1$1: loaded 2 times (x 77B)
Class org.jetbrains.kotlin.statistics.BuildSessionLogger$Companion                    : loaded 2 times (x 73B)
Class org.jetbrains.kotlin.gradle.plugin.diagnostics.ProblemsReporter$Factory         : loaded 2 times (x 72B)
Class org.objectweb.asm.RecordComponentVisitor                                        : loaded 2 times (x 79B)
Class com.google.common.cache.CacheLoader$SupplierToCacheLoader                       : loaded 2 times (x 77B)
Class org.jetbrains.kotlin.gradle.plugin.mpp.MppSourcesJarKt                          : loaded 2 times (x 73B)
Class org.jetbrains.kotlin.compilerRunner.CompilerSystemPropertiesService$Companion$registerIfAbsent$2$1$1: loaded 2 times (x 77B)
Class org.jetbrains.kotlin.gradle.plugin.KotlinCompilationInfo                        : loaded 2 times (x 90B)
Class org.jetbrains.kotlin.tooling.core.ExtrasPropertyKt                              : loaded 2 times (x 73B)
Class org.jetbrains.kotlin.gradle.tasks.BaseKotlinCompile                             : loaded 2 times (x 72B)
Class org.jetbrains.kotlin.gradle.plugin.internal.UsesBuildIdProviderService          : loaded 2 times (x 72B)
Class org.jetbrains.kotlin.gradle.plugin.mpp.compilationImpl.KotlinCompilationSourceSetInclusion$include$1: loaded 2 times (x 81B)
Class org.jetbrains.kotlin.gradle.plugin.mpp.compilationImpl.factory.KotlinCompilationImplFactory$KotlinCompilationDependencyConfigurationsFactory: loaded 2 times (x 72B)
Class org.jetbrains.kotlin.gradle.tasks.abi.KotlinLegacyAbiCheckTask                  : loaded 2 times (x 72B)
Class org.jetbrains.kotlin.gradle.plugin.KotlinPluginLifecycleCoroutineContextElement$Key: loaded 2 times (x 73B)
Class org.jetbrains.kotlin.gradle.plugin.diagnostics.KotlinToolingDiagnosticsSetupActionKt$KotlinToolingDiagnosticsSetupAction$1: loaded 2 times (x 76B)
Class org.jetbrains.kotlin.gradle.dsl.KotlinProjectExtensionKt                        : loaded 2 times (x 73B)
Class org.jetbrains.kotlin.gradle.internal.ClassLoadersCachingBuildService$Companion$registerIfAbsent$1: loaded 2 times (x 77B)
Class org.jetbrains.kotlin.gradle.plugin.UsesKotlinGradleBuildServices                : loaded 2 times (x 72B)
Class org.jetbrains.kotlin.gradle.plugin.KotlinGradleBuildServices$Parameters_Decorated: loaded 2 times (x 132B)
Class org.jetbrains.kotlin.gradle.plugin.DefaultKotlinBasePlugin$addKotlinCompilerConfiguration$3: loaded 2 times (x 77B)
Class [Lorg.jetbrains.kotlin.statistics.metrics.IMetricContainerFactory;              : loaded 2 times (x 71B)
Class org.jetbrains.kotlin.gradle.internal.IdeaKt                                     : loaded 2 times (x 73B)
Class org.gradle.internal.service.ServiceLookupException                              : loaded 2 times (x 84B)
Class org.jetbrains.kotlin.gradle.plugin.hierarchy.KotlinSourceSetTreeClassifierKt$sourceSetTreeClassifier$2: loaded 2 times (x 80B)
Class com.google.common.collect.ImmutableSortedSet                                    : loaded 2 times (x 302B)
Class org.jetbrains.kotlin.gradle.targets.js.npm.NpmDirectoryDependencyExtension      : loaded 2 times (x 72B)
Class org.jetbrains.kotlin.gradle.plugin.mpp.KotlinUsageContext$MavenScope            : loaded 2 times (x 81B)
Class org.jetbrains.kotlin.gradle.targets.native.KotilnNativeConfigureBinariesSideEffectKt$special$$inlined$KotlinTargetSideEffect$1: loaded 2 times (x 76B)
Class org.jetbrains.kotlin.gradle.plugin.KotlinProjectSetupAction$Companion           : loaded 2 times (x 73B)
Class org.jetbrains.kotlin.konan.target.HostManager                                   : loaded 2 times (x 74B)
Class [Lcom.google.common.cache.LocalCache$EntryFactory;                              : loaded 2 times (x 71B)
Class org.gradle.internal.classloader.ClassLoaderFactory                              : loaded 2 times (x 72B)
Class org.jetbrains.kotlin.gradle.plugin.diagnostics.ProblemsReporterKt               : loaded 2 times (x 73B)
Class org.jetbrains.kotlin.gradle.plugin.SubpluginEnvironment                         : loaded 2 times (x 74B)
Class org.jetbrains.kotlin.gradle.internal.StdlibDependencyManagementKt$addStdlibDependency$1$1$1: loaded 2 times (x 77B)
Class com.google.common.base.CommonPattern                                            : loaded 2 times (x 76B)
Class org.jetbrains.kotlin.gradle.plugin.sources.AbstractKotlinSourceSet              : loaded 2 times (x 141B)
Class org.jetbrains.kotlin.gradle.tooling.BuildKotlinToolingMetadataTaskKt$RegisterBuildKotlinToolingMetadataTask$1: loaded 2 times (x 76B)
Class org.jetbrains.kotlin.gradle.plugin.diagnostics.IsAttachedToTerminalValueSource$Inject: loaded 2 times (x 102B)
Class org.jetbrains.kotlin.compilerRunner.GradleCliCommonizerKt$maybeCreateCommonizerClasspathConfiguration$1$1: loaded 2 times (x 77B)
Class [Lorg.jetbrains.kotlin.build.report.metrics.ValueType;                          : loaded 2 times (x 71B)
Class org.jetbrains.kotlin.gradle.internal.diagnostics.AgpCompatibilityCheck          : loaded 2 times (x 73B)
Class com.google.common.cache.LocalCache$LocalManualCache                             : loaded 2 times (x 101B)
Class com.google.common.base.CharMatcher$IsNot                                        : loaded 2 times (x 113B)
Class org.gradle.internal.service.CachingServiceLocator                               : loaded 2 times (x 84B)
Class org.jetbrains.kotlin.gradle.plugin.KotlinTargetConfiguratorKt$WhenMappings      : loaded 2 times (x 73B)
Class com.google.common.collect.AbstractMapBasedMultimap$KeySet                       : loaded 2 times (x 139B)
Class com.google.common.collect.RegularImmutableSortedSet                             : loaded 2 times (x 302B)
Class org.jetbrains.kotlin.gradle.plugin.diagnostics.checkers.OverriddenKotlinNativeHomeChecker$StdlibExistenceCheckerValueSource$Params_Decorated: loaded 2 times (x 132B)
Class org.jetbrains.kotlin.project.model.LanguageSettings                             : loaded 2 times (x 72B)
Class org.jetbrains.kotlin.gradle.plugin.KotlinPluginLifecycleKt$kotlinPluginLifecycle$2: loaded 2 times (x 80B)
Class org.jetbrains.kotlin.gradle.targets.native.KonanPropertiesBuildService$Parameters: loaded 2 times (x 72B)
Class org.jetbrains.kotlin.gradle.plugin.statistics.BuildFusService$Companion$registerIfAbsent$1$1: loaded 2 times (x 81B)
Class org.jetbrains.kotlin.gradle.plugin.internal.CompatibilityConventionRegistrar$Factory: loaded 2 times (x 72B)
Class com.google.common.math.IntMath                                                  : loaded 2 times (x 73B)
Class org.jetbrains.kotlin.gradle.tasks.configuration.BaseKotlinCompileConfig$1$jvmToolchain$1: loaded 2 times (x 76B)
Class org.jetbrains.kotlin.gradle.plugin.mpp.InternalKotlinCompilation$DefaultImpls   : loaded 2 times (x 73B)
Class org.jetbrains.kotlin.gradle.plugin.mpp.compilationImpl.KotlinCompilationSourceSetInclusion$DefaultAddSourcesToCompileTask: loaded 2 times (x 76B)
Class org.jetbrains.kotlin.gradle.internal.KotlinTestDependencyManagementKt$configureKotlinTestDependency$2: loaded 2 times (x 81B)
Class org.jetbrains.kotlin.gradle.dsl.PlatformSourceSetConventionsChecker$runChecks$$inlined$CheckedPlatformInfo$default$1: loaded 2 times (x 80B)
Class [Lorg.jetbrains.kotlin.gradle.plugin.KotlinPluginLifecycle$Stage;               : loaded 2 times (x 71B)
Class org.jetbrains.kotlin.gradle.artifacts.KotlinTargetArtifact$Companion            : loaded 2 times (x 73B)
Class org.jetbrains.kotlin.gradle.plugin.mpp.compilationImpl.KotlinCreateLifecycleTasksSideEffectKt$KotlinCreateLifecycleTasksSideEffect$1: loaded 2 times (x 76B)
Class org.jetbrains.kotlin.gradle.dsl.KotlinGradlePluginDsl                           : loaded 2 times (x 72B)
Class org.jetbrains.kotlin.tooling.core.MutableExtras                                 : loaded 2 times (x 72B)
Class org.jetbrains.kotlin.gradle.plugin.KotlinGradleBuildServices$detectKotlinPluginLoadedInMultipleProjects$onRegister$1: loaded 2 times (x 81B)
Class org.jetbrains.kotlin.gradle.plugin.BuildFinishAndConfigurationTimeMetricsFlowAction$Parameters_Decorated: loaded 2 times (x 138B)
Class org.jetbrains.kotlin.gradle.plugin.BuildFinishAndConfigurationTimeMetricsFlowAction$Parameters: loaded 2 times (x 72B)
Class org.objectweb.asm.commons.InstructionAdapter                                    : loaded 2 times (x 190B)
Class com.google.common.collect.ImmutableMapEntry                                     : loaded 2 times (x 87B)
Class org.jetbrains.kotlin.gradle.tasks.CompileUsingKotlinDaemon                      : loaded 2 times (x 72B)
Class org.jetbrains.kotlin.gradle.plugin.mpp.KotlinWithJavaTarget                     : loaded 2 times (x 162B)
Class org.jetbrains.kotlin.gradle.utils.StoredPropertyKt$extrasStoredProperty$1       : loaded 2 times (x 80B)
Class org.jetbrains.kotlin.gradle.plugin.mpp.compilationImpl.KotlinCreateNativeCompileTasksSideEffectKt$special$$inlined$KotlinCompilationSideEffect$1: loaded 2 times (x 76B)
Class org.jetbrains.kotlin.gradle.targets.KotlinTargetSideEffect$Companion            : loaded 2 times (x 73B)
Class org.jetbrains.kotlin.gradle.dsl.KotlinSingleJavaTargetExtension                 : loaded 2 times (x 126B)
Class org.jetbrains.kotlin.gradle.plugin.KotlinPluginLifecycle$IllegalLifecycleException: loaded 2 times (x 84B)
Class org.jetbrains.kotlin.gradle.internal.properties.NativePropertiesLoader$userProvidedNativeHome$1: loaded 2 times (x 77B)
Class org.jetbrains.kotlin.gradle.plugin.KotlinGradleFinishBuildHandler               : loaded 2 times (x 74B)
Class org.jetbrains.kotlin.statistics.metrics.StringOverridePolicy$CONCAT             : loaded 2 times (x 87B)
Class org.jetbrains.kotlin.gradle.dsl.KotlinTopLevelExtension                         : loaded 2 times (x 72B)
Class com.google.common.base.Equivalence                                              : loaded 2 times (x 84B)
Class com.google.common.base.Function                                                 : loaded 2 times (x 72B)
Class com.google.common.collect.ImmutableMapEntry$NonTerminalImmutableMapEntry        : loaded 2 times (x 87B)
Class org.jetbrains.kotlin.gradle.plugin.ProjectLocalConfigurationsKt                 : loaded 2 times (x 73B)
Class org.jetbrains.kotlin.gradle.plugin.mpp.compilationImpl.factory.KotlinCompilationImplFactory: loaded 2 times (x 74B)
Class org.jetbrains.kotlin.gradle.internal.KotlinDomApiDependencyManagementKt$addKotlinDomApiDependency$1: loaded 2 times (x 77B)
Class org.jetbrains.kotlin.gradle.plugin.diagnostics.checkers.KotlinTargetAlreadyDeclaredChecker$runChecks$1: loaded 2 times (x 89B)
Class org.jetbrains.kotlin.gradle.plugin.mpp.KotlinTargetWithBinaries                 : loaded 2 times (x 159B)
Class [Lorg.jetbrains.kotlin.gradle.plugin.KotlinSourceSet;                           : loaded 2 times (x 71B)
Class org.jetbrains.kotlin.gradle.plugin.diagnostics.checkers.JsEnvironmentChecker$1  : loaded 2 times (x 80B)
Class org.jetbrains.kotlin.gradle.plugin.diagnostics.KotlinToolingDiagnostics$JsLikeEnvironmentNotChosenExplicitly: loaded 2 times (x 75B)
Class org.jetbrains.kotlin.gradle.utils.StoredLazyProperty$getValue$1                 : loaded 2 times (x 81B)
Class org.jetbrains.kotlin.statistics.metrics.IMetricContainerFactory                 : loaded 2 times (x 72B)
Class org.jetbrains.kotlin.statistics.MetricValueValidationFailed                     : loaded 2 times (x 84B)
Class org.jetbrains.kotlin.gradle.plugin.PropertiesProvider$localProperties$2         : loaded 2 times (x 81B)
Class com.google.common.cache.CacheBuilder$OneWeigher                                 : loaded 2 times (x 84B)
Class com.google.common.collect.RegularImmutableList                                  : loaded 2 times (x 215B)
Class org.jetbrains.kotlin.gradle.tasks.configuration.KaptGenerateStubsConfig         : loaded 2 times (x 74B)
Class org.jetbrains.kotlin.gradle.targets.js.npm.SemVer                               : loaded 2 times (x 77B)
Class org.jetbrains.kotlin.gradle.internal.properties.NativePropertiesLoader$konanDataDirProperty$1$1: loaded 2 times (x 76B)
Class org.jetbrains.kotlin.gradle.plugin.diagnostics.checkers.JsEnvironmentChecker$2  : loaded 2 times (x 80B)
Class org.jetbrains.kotlin.gradle.utils.WhenPluginEnabledKt$whenPluginsEnabled$1      : loaded 2 times (x 77B)
Class org.jetbrains.kotlin.gradle.tasks.AbstractKotlinCompileTool                     : loaded 2 times (x 366B)
Class org.jetbrains.kotlin.gradle.internal.report.BuildScanApi                        : loaded 2 times (x 72B)
Class org.jetbrains.kotlin.gradle.plugin.statistics.FlowActionBuildFusService$Companion$registerIfAbsentImpl$1$1: loaded 2 times (x 76B)
Class [Lorg.jetbrains.kotlin.gradle.report.BuildReportType;                           : loaded 2 times (x 71B)
Class org.jetbrains.kotlin.gradle.plugin.statistics.KotlinBuildStatsConfiguration     : loaded 2 times (x 74B)
Class org.jetbrains.kotlin.gradle.internal.properties.PropertiesBuildService$localProperties$2: loaded 2 times (x 81B)
Class org.gradle.internal.classloader.ClasspathUtil                                   : loaded 2 times (x 73B)
Class org.jetbrains.kotlin.gradle.dsl.KotlinCompile                                   : loaded 2 times (x 72B)
Class org.jetbrains.kotlin.gradle.plugin.mpp.compilationImpl.DefaultKotlinCompilationFriendPathsResolver$DefaultFriendArtifactResolver: loaded 2 times (x 76B)
Class org.jetbrains.kotlin.gradle.plugin.diagnostics.checkers.InternalGradlePropertiesUsageChecker$runChecks$1: loaded 2 times (x 89B)
Class org.jetbrains.kotlin.gradle.utils.StringUtilsKt$lowerCamelCaseName$1            : loaded 2 times (x 127B)
Class org.jetbrains.kotlin.gradle.plugin.diagnostics.checkers.JsEnvironmentChecker$3  : loaded 2 times (x 80B)
Class org.jetbrains.kotlin.gradle.dsl.JvmTarget$Companion                             : loaded 2 times (x 73B)
Class org.jetbrains.kotlin.gradle.internal.properties.NativePropertiesLoader$downloadFromMaven$1: loaded 2 times (x 77B)
Class org.jetbrains.kotlin.gradle.plugin.statistics.BuildFinishBuildService$Inject    : loaded 2 times (x 106B)
Class org.jetbrains.kotlin.gradle.plugin.internal.DefaultConfigurationCacheStartParameterAccessor_Decorated: loaded 2 times (x 123B)
Class org.jetbrains.kotlin.gradle.plugin.internal.DefaultConfigurationCacheStartParameterAccessor: loaded 2 times (x 79B)
Class org.jetbrains.kotlin.tooling.core.HasExtras                                     : loaded 2 times (x 72B)
Class com.google.common.util.concurrent.Uninterruptibles                              : loaded 2 times (x 73B)
Class org.jetbrains.kotlin.gradle.fus.internal.SynchronizedConfigurationMetrics$add$1 : loaded 2 times (x 81B)
Class org.jetbrains.kotlin.gradle.plugin.sources.DefaultLanguageSettingsBuilder$freeCompilerArgsProvider$1: loaded 2 times (x 97B)
Class org.jetbrains.kotlin.gradle.targets.js.npm.DevNpmDependencyExtension            : loaded 2 times (x 72B)
Class org.jetbrains.kotlin.gradle.plugin.diagnostics.checkers.PreHmppDependenciesUsageChecker: loaded 2 times (x 76B)
Class org.jetbrains.kotlin.gradle.targets.CreateArtifactsSideEffectKt                 : loaded 2 times (x 73B)
Class org.jetbrains.kotlin.gradle.plugin.AbstractKotlinMultiplatformPluginWrapper     : loaded 2 times (x 88B)
Class org.jetbrains.kotlin.konan.target.HostManager$Companion                         : loaded 2 times (x 73B)
Class org.jetbrains.kotlin.gradle.utils.GradleConfigurationUtilsKt$addGradlePluginMetadataAttributes$1: loaded 2 times (x 77B)
Class org.jetbrains.kotlin.gradle.plugin.internal.DefaultProjectIsolationStartParameterAccessor: loaded 2 times (x 79B)
Class org.jetbrains.kotlin.gradle.dsl.KotlinAndroidExtension                          : loaded 2 times (x 72B)
Class com.google.common.util.concurrent.LazyLogger                                    : loaded 2 times (x 74B)
Class com.google.common.collect.Maps                                                  : loaded 2 times (x 73B)
Class org.gradle.api.specs.Spec                                                       : loaded 2 times (x 72B)
Class org.jetbrains.kotlin.gradle.plugin.SubpluginEnvironment$Companion               : loaded 2 times (x 73B)
Class org.jetbrains.kotlin.gradle.plugin.mpp.ApplyUserDefinedAttributesKt$UserDefinedAttributesSetupAction$1$1$3: loaded 2 times (x 77B)
Class org.jetbrains.kotlin.gradle.tasks.configuration.BaseKotlinCompileConfig$Companion: loaded 2 times (x 73B)
Class org.jetbrains.kotlin.gradle.plugin.mpp.compilationImpl.KotlinCompilationImpl$Params: loaded 2 times (x 74B)
Class org.jetbrains.kotlin.gradle.tooling.BuildKotlinToolingMetadataTask              : loaded 2 times (x 316B)
Class org.jetbrains.kotlin.gradle.plugin.internal.CompatibilityConventionRegistrarKt  : loaded 2 times (x 73B)
Class org.jetbrains.kotlin.konan.target.UtilsKt                                       : loaded 2 times (x 73B)
Class org.jetbrains.kotlin.gradle.artifacts.KotlinJvmJarArtifactKt                    : loaded 2 times (x 73B)
Class org.jetbrains.kotlin.gradle.plugin.mpp.compilationImpl.CreateCInteropTasksSideEffectKt$special$$inlined$KotlinCompilationSideEffect$1: loaded 2 times (x 76B)
Class org.jetbrains.kotlin.gradle.plugin.statistics.FinalizeConfigurationFusMetricActionKt: loaded 2 times (x 73B)
Class org.jetbrains.kotlin.gradle.targets.native.toolchain.KotlinNativeBundleBuildService$Companion$registerIfAbsent$2$1: loaded 2 times (x 81B)
Class org.jetbrains.kotlin.gradle.plugin.statistics.KotlinBuildStatsBeanService       : loaded 2 times (x 89B)
Class org.jetbrains.kotlin.gradle.plugin.internal.MavenPublicationComponentAccessor$Factory: loaded 2 times (x 72B)
Class [Lcom.google.common.collect.ImmutableEntry;                                     : loaded 2 times (x 71B)
Class org.jetbrains.kotlin.tooling.core.ExtrasLazyProperty                            : loaded 2 times (x 72B)
Class org.jetbrains.kotlin.gradle.internal.properties.NativeProperties$Companion      : loaded 2 times (x 73B)
Class org.jetbrains.kotlin.gradle.utils.StringUtilsKt                                 : loaded 2 times (x 73B)
Class org.jetbrains.kotlin.gradle.targets.ConfigureBuildSideEffectKt$ConfigureBuildSideEffect$1: loaded 2 times (x 76B)
Class org.jetbrains.kotlin.gradle.utils.CompletableFuture                             : loaded 2 times (x 72B)
Class org.jetbrains.kotlin.gradle.plugin.diagnostics.DiagnosticGroup$Kgp$Misconfiguration: loaded 2 times (x 84B)
Class org.jetbrains.kotlin.build.report.metrics.BuildPerformanceMetric                : loaded 2 times (x 74B)
Class [Lorg.jetbrains.kotlin.statistics.metrics.StringOverridePolicy;                 : loaded 2 times (x 71B)
Class org.jetbrains.kotlin.gradle.plugin.internal.JavaExecTaskParametersCompatibility : loaded 2 times (x 72B)
Class com.google.common.cache.LocalCache$LoadingValueReference                        : loaded 2 times (x 98B)
Class Build_gradle$1                                                                  : loaded 2 times (x 77B)
Class org.jetbrains.kotlin.gradle.plugin.statistics.ConfigurationMetricsBuildFusParameters: loaded 2 times (x 72B)
Class org.jetbrains.kotlin.gradle.tasks.configuration.AbstractKotlinCompileConfigKt$explicitApiMode$1: loaded 2 times (x 77B)
Class com.google.common.base.Platform                                                 : loaded 2 times (x 73B)
Class org.jetbrains.kotlin.gradle.plugin.diagnostics.checkers.OverriddenKotlinNativeHomeChecker$StdlibExistenceCheckerValueSource$Params$Inject: loaded 2 times (x 108B)
Class org.jetbrains.kotlin.gradle.plugin.diagnostics.checkers.CommonMainOrTestWithDependsOnChecker: loaded 2 times (x 76B)
Class org.jetbrains.kotlin.gradle.artifacts.KotlinNativeHostSpecificMetadataArtifactKt: loaded 2 times (x 73B)
Class org.jetbrains.kotlin.gradle.plugin.mpp.compilationImpl.KotlinCreateLifecycleTasksSideEffectKt: loaded 2 times (x 73B)
Class org.jetbrains.kotlin.gradle.plugin.KotlinTarget                                 : loaded 2 times (x 72B)
Class org.jetbrains.kotlin.gradle.utils.ConfigurationsKt$createResolvable$1           : loaded 2 times (x 80B)
Class [Lorg.jetbrains.kotlin.statistics.metrics.BooleanAnonymizationPolicy;           : loaded 2 times (x 71B)
Class org.jetbrains.kotlin.gradle.utils.Completable$await$1                           : loaded 2 times (x 89B)
Class org.jetbrains.kotlin.compilerRunner.CompilerSystemPropertiesService$Parameters  : loaded 2 times (x 72B)
Class org.jetbrains.kotlin.gradle.plugin.mpp.compilationImpl.KotlinCompilationSourceSetsContainer: loaded 2 times (x 72B)
Class org.jetbrains.kotlin.gradle.artifacts.KotlinNativeKlibArtifactKt                : loaded 2 times (x 73B)
Class org.jetbrains.kotlin.gradle.plugin.ProjectLocalConfigurations                   : loaded 2 times (x 73B)
Class org.jetbrains.kotlin.gradle.plugin.mpp.KotlinUsages$KotlinUsagesDisambiguation  : loaded 2 times (x 78B)
Class org.jetbrains.kotlin.gradle.plugin.diagnostics.KotlinToolingDiagnosticsCollector$Parameter: loaded 2 times (x 72B)
Class org.jetbrains.kotlin.gradle.plugin.diagnostics.KotlinToolingDiagnosticsCollectorKt$kotlinToolingDiagnosticsCollectorProvider$1: loaded 2 times (x 77B)
Class org.jetbrains.kotlin.tooling.core.Extras$Key$Companion                          : loaded 2 times (x 73B)
Class org.jetbrains.kotlin.tooling.core.Extras$Key                                    : loaded 2 times (x 74B)
Class [Lorg.objectweb.asm.AnnotationWriter;                                           : loaded 2 times (x 71B)
Class com.google.common.collect.Maps$8                                                : loaded 2 times (x 84B)
Class build_3ubenu9uf340utamnseyqkfmv                                                 : loaded 2 times (x 175B)
Class com.google.common.collect.ImmutableRangeSet$Builder                             : loaded 2 times (x 79B)
Class [Lcom.google.common.collect.Iterators$EmptyModifiableIterator;                  : loaded 2 times (x 71B)
Class org.jetbrains.kotlin.gradle.plugin.diagnostics.CheckKotlinGradlePluginConfigurationErrors: loaded 2 times (x 318B)
Class org.jetbrains.kotlin.gradle.plugin.sources.DefaultKotlinSourceSetKt             : loaded 2 times (x 73B)
Class org.jetbrains.kotlin.gradle.dsl.KotlinJvmOptions                                : loaded 2 times (x 72B)
Class org.jetbrains.kotlin.gradle.plugin.mpp.HierarchyAttributeContainer$1            : loaded 2 times (x 80B)
Class org.jetbrains.kotlin.gradle.plugin.KotlinPluginLifecycle                        : loaded 2 times (x 72B)
Class org.jetbrains.kotlin.gradle.plugin.KotlinJsPluginWrapper                        : loaded 2 times (x 88B)
Class org.jetbrains.kotlin.gradle.dsl.ToolchainSupport                                : loaded 2 times (x 72B)
Class org.jetbrains.kotlin.tooling.core.Extras                                        : loaded 2 times (x 72B)
Class org.jetbrains.kotlin.gradle.plugin.mpp.InternalKotlinTarget                     : loaded 2 times (x 72B)
Class org.jetbrains.kotlin.statistics.metrics.NumberAnonymizationPolicy$RANDOM_10_PERCENT: loaded 2 times (x 87B)
Class org.jetbrains.kotlin.statistics.metrics.StringMetrics                           : loaded 2 times (x 81B)
Class com.google.common.collect.Sets$SetView                                          : loaded 2 times (x 140B)
Class com.google.common.cache.LocalCache$StrongValueReference                         : loaded 2 times (x 92B)
Class org.jetbrains.kotlin.gradle.plugin.mpp.KotlinTargetSoftwareComponentImpl        : loaded 2 times (x 92B)
Class org.jetbrains.kotlin.gradle.plugin.mpp.DefaultKotlinUsageContext$PublishOnlyIf  : loaded 2 times (x 72B)
Class [Lcom.google.gson.stream.JsonToken;                                             : loaded 2 times (x 71B)
Class org.jetbrains.kotlin.gradle.dsl.KotlinCommonCompilerOptionsHelper               : loaded 2 times (x 73B)
Class org.jetbrains.kotlin.gradle.plugin.KotlinJvmPlugin$Companion                    : loaded 2 times (x 73B)
Class org.jetbrains.kotlin.gradle.artifacts.KotlinMetadataArtifactKt                  : loaded 2 times (x 73B)
Class org.jetbrains.kotlin.gradle.targets.CreateArtifactsSideEffectKt$CreateArtifactsSideEffect$1: loaded 2 times (x 76B)
Class org.jetbrains.kotlin.gradle.plugin.diagnostics.KotlinToolingDiagnostics         : loaded 2 times (x 73B)
Class org.jetbrains.kotlin.gradle.internal.properties.PropertiesBuildService$property$1$valueFromGradleAndLocalProperties$1: loaded 2 times (x 77B)
Class org.jetbrains.kotlin.gradle.plugin.KotlinPluginWrapperKt$kotlinToolingVersion$2 : loaded 2 times (x 80B)
Class org.objectweb.asm.Type                                                          : loaded 2 times (x 74B)
Class org.gradle.internal.classloader.VisitableURLClassLoader$InstrumentingVisitableURLClassLoader: loaded 2 times (x 124B)
Class org.jetbrains.kotlin.gradle.plugin.mpp.DefaultKotlinUsageContext$1              : loaded 2 times (x 76B)
Class [Lorg.jetbrains.kotlin.gradle.tasks.KotlinCompilerExecutionStrategy;            : loaded 2 times (x 71B)
Class org.jetbrains.kotlin.gradle.plugin.mpp.compilationImpl.KotlinCompilationImpl$associateWith$2: loaded 2 times (x 81B)
Class org.jetbrains.kotlin.gradle.plugin.hierarchy.KotlinSourceSetTreeClassifier      : loaded 2 times (x 72B)
Class org.jetbrains.kotlin.gradle.plugin.mpp.compilationImpl.KotlinCompilationAssociator: loaded 2 times (x 72B)
Class org.jetbrains.kotlin.gradle.utils.WhenEvaluatedKt$whenEvaluated$afterAndroidDispatchQueue$1$1$1: loaded 2 times (x 77B)
Class org.jetbrains.kotlin.gradle.plugin.mpp.KotlinNativeTarget                       : loaded 2 times (x 169B)
Class org.jetbrains.kotlin.gradle.plugin.diagnostics.checkers.KotlinSourceSetTreeDependsOnMismatchChecker$runChecks$1: loaded 2 times (x 89B)
Class org.jetbrains.kotlin.gradle.plugin.diagnostics.checkers.PreHmppDependenciesUsageChecker$runChecks$1: loaded 2 times (x 89B)
Class org.jetbrains.kotlin.gradle.utils.ProjectExtensionsKt                           : loaded 2 times (x 73B)
Class org.jetbrains.kotlin.gradle.plugin.KotlinSourceSetTree$Companion                : loaded 2 times (x 73B)
Class org.jetbrains.kotlin.konan.target.UtilsKt$evaluatePresetName$1                  : loaded 2 times (x 80B)
Class org.jetbrains.kotlin.gradle.plugin.diagnostics.KotlinGradleProjectChecker$Companion: loaded 2 times (x 73B)
Class org.jetbrains.kotlin.gradle.plugin.KotlinGradleBuildServices$Parameters         : loaded 2 times (x 72B)
Class org.jetbrains.kotlin.gradle.plugin.statistics.BuildFusService$Companion$registerIfAbsent$1$1$1: loaded 2 times (x 77B)
Class org.jetbrains.kotlin.statistics.fileloggers.MetricsContainer$Companion          : loaded 2 times (x 73B)
Class com.google.common.math.IntMath$1                                                : loaded 2 times (x 73B)
Class org.objectweb.asm.ByteVector                                                    : loaded 2 times (x 81B)
Class [Lcom.google.common.cache.CacheBuilder$NullListener;                            : loaded 2 times (x 71B)
Class org.gradle.internal.classloader.VisitableURLClassLoader$Spec                    : loaded 2 times (x 76B)
Class org.gradle.internal.classpath.DefaultClassPath                                  : loaded 2 times (x 92B)
Class org.jetbrains.kotlin.gradle.plugin.mpp.KotlinSoftwareComponentKt                : loaded 2 times (x 73B)
Class org.jetbrains.kotlin.gradle.plugin.mpp.compilationImpl.KotlinCompilationSourceSetInclusion$AddSourcesToCompileTask: loaded 2 times (x 72B)
Class [Lorg.jetbrains.kotlin.gradle.plugin.HasProject;                                : loaded 2 times (x 71B)
Class org.jetbrains.kotlin.gradle.utils.MutableObservableSetImpl                      : loaded 2 times (x 165B)
Class org.jetbrains.kotlin.gradle.tasks.KotlinTasksProvider                           : loaded 2 times (x 74B)
Class org.jetbrains.kotlin.gradle.dsl.DefaultToolchainSupport$wireToolchainToTasks$1  : loaded 2 times (x 77B)
Class org.jetbrains.kotlin.gradle.dsl.KotlinCommonCompilerOptions                     : loaded 2 times (x 72B)
Class org.jetbrains.kotlin.gradle.plugin.KotlinJsCompilerTypeHolder                   : loaded 2 times (x 72B)
Class org.jetbrains.kotlin.konan.target.Architecture                                  : loaded 2 times (x 81B)
Class org.jetbrains.kotlin.gradle.internal.properties.PropertiesBuildService$MemoizedCallable: loaded 2 times (x 77B)
Class org.jetbrains.kotlin.gradle.plugin.internal.DefaultMavenPublicationComponentAccessorFactory: loaded 2 times (x 78B)
Class org.objectweb.asm.Symbol                                                        : loaded 2 times (x 75B)
Class org.jetbrains.kotlin.gradle.plugin.cocoapods.KotlinCocoapodsPlugin$Companion    : loaded 2 times (x 73B)
Class org.jetbrains.kotlin.gradle.plugin.mpp.compilationImpl.KotlinCompilationImpl    : loaded 2 times (x 147B)
Class [Lorg.jetbrains.kotlin.gradle.plugin.mpp.compilationImpl.factory.KotlinCompilationImplFactory$PostConfigure;: loaded 2 times (x 71B)
Class org.jetbrains.kotlin.gradle.plugin.KotlinSourceSet$Companion                    : loaded 2 times (x 73B)
Class org.jetbrains.kotlin.konan.target.KonanTarget$MACOS_X64                         : loaded 2 times (x 80B)
Class org.jetbrains.kotlin.konan.util.Named                                           : loaded 2 times (x 72B)
Class [Lorg.jetbrains.kotlin.gradle.report.BuildReportMode;                           : loaded 2 times (x 71B)
Class org.jetbrains.kotlin.statistics.metrics.BooleanOverridePolicy                   : loaded 2 times (x 87B)
Class org.jetbrains.kotlin.gradle.plugin.AbstractKotlinAndroidPluginWrapper           : loaded 2 times (x 88B)
Class com.google.common.base.CharMatcher$BitSetMatcher                                : loaded 2 times (x 114B)
Class [Lcom.google.gson.Strictness;                                                   : loaded 2 times (x 71B)
Class com.google.common.collect.RegularImmutableMap$Values                            : loaded 2 times (x 209B)
Class com.google.common.collect.ImmutableSet                                          : loaded 2 times (x 147B)
Class org.gradle.internal.classloader.ClassLoaderSpec                                 : loaded 2 times (x 73B)
Class org.jetbrains.kotlin.gradle.plugin.mpp.KotlinCompilationsKt$moduleNameForCompilation$1: loaded 2 times (x 77B)
Class org.jetbrains.kotlin.gradle.plugin.sources.KotlinDependencyScopeKt              : loaded 2 times (x 73B)
Class org.jetbrains.kotlin.gradle.plugin.diagnostics.TransformActionUsingKotlinToolingDiagnostics$Parameters: loaded 2 times (x 72B)
Class org.jetbrains.kotlin.compilerRunner.CompilerSystemPropertiesService$Companion$registerIfAbsent$2$1: loaded 2 times (x 81B)
Class org.jetbrains.kotlin.gradle.plugin.mpp.KotlinCompilationsKt$addSourcesToKotlinCompileTask$1: loaded 2 times (x 77B)
Class org.jetbrains.kotlin.gradle.internal.KotlinDependenciesManagementKt$configureDefaultVersionsResolutionStrategy$1$1: loaded 2 times (x 77B)
Class org.jetbrains.kotlin.gradle.utils.KotlinExtensionUtilsKt$forAllTargets$1        : loaded 2 times (x 97B)
Class org.jetbrains.kotlin.gradle.plugin.diagnostics.CheckKotlinGradlePluginConfigurationErrorsKt$locateOrRegisterCheckKotlinGradlePluginErrorsTask$taskProvider$1: loaded 2 times (x 77B)
Class org.jetbrains.kotlin.gradle.plugin.diagnostics.checkers.KmpPartiallyResolvedDependenciesChecker$runChecks$1: loaded 2 times (x 89B)
Class org.jetbrains.kotlin.gradle.plugin.diagnostics.checkers.OverriddenKotlinNativeHomeChecker$StdlibExistenceCheckerValueSource$Params: loaded 2 times (x 72B)
Class org.jetbrains.kotlin.gradle.dsl.PlatformSourceSetConventionsChecker$nativeTargetPresets$1$1: loaded 2 times (x 81B)
Class org.jetbrains.kotlin.gradle.tooling.BuildKotlinToolingMetadataTaskKt$buildKotlinToolingMetadataTask$1: loaded 2 times (x 80B)
Class org.jetbrains.kotlin.gradle.internal.Kapt3GradleSubplugin$Companion             : loaded 2 times (x 73B)
Class org.jetbrains.kotlin.gradle.plugin.mpp.compilationImpl.KotlinCreateCompilationArchiveTaskKt$KotlinRegisterCompilationArchiveTasksExtension$1: loaded 2 times (x 76B)
Class [Lorg.jetbrains.kotlin.statistics.metrics.NumberOverridePolicy;                 : loaded 2 times (x 71B)
Class org.jetbrains.kotlin.gradle.internal.properties.PropertiesBuildService$GradleProperty: loaded 2 times (x 72B)
Class org.jetbrains.kotlin.gradle.plugin.statistics.BuildFinishBuildService$Companion : loaded 2 times (x 73B)
Class org.jetbrains.kotlin.gradle.utils.StoredPropertyKt$projectStoredProperty$1      : loaded 2 times (x 80B)
Class org.objectweb.asm.AnnotationWriter                                              : loaded 2 times (x 80B)
Class com.google.common.cache.CacheStats                                              : loaded 2 times (x 73B)
Class org.jetbrains.kotlin.gradle.plugin.mpp.SyncLanguageSettingsWithKotlinExtensionSetupActionKt$SyncLanguageSettingsWithKotlinExtensionSetupAction$1$1: loaded 2 times (x 77B)
Class org.jetbrains.kotlin.gradle.tasks.configuration.TaskConfigAction$configureTask$1: loaded 2 times (x 81B)
Class org.jetbrains.kotlin.gradle.dsl.abi.AbiValidationExtension                      : loaded 2 times (x 72B)
Class org.jetbrains.kotlin.gradle.plugin.diagnostics.checkers.DuplicateSourceSetChecker$runChecks$1: loaded 2 times (x 89B)
Class org.jetbrains.kotlin.gradle.dsl.JvmTarget                                       : loaded 2 times (x 81B)
Class org.jetbrains.kotlin.gradle.plugin.diagnostics.ToolingDiagnostic$Severity       : loaded 2 times (x 81B)
Class org.jetbrains.kotlin.gradle.internal.ClassLoadersCachingBuildService            : loaded 2 times (x 78B)
Class org.jetbrains.kotlin.gradle.plugin.VariantImplementationFactories$Inject        : loaded 2 times (x 108B)
Class org.jetbrains.kotlin.gradle.plugin.internal.DefaultJavaExecTaskParametersCompatibility$Factory: loaded 2 times (x 78B)
Class org.jetbrains.kotlin.gradle.plugin.VariantImplementationFactoriesConfigurator$Companion: loaded 2 times (x 73B)
Class org.objectweb.asm.RecordComponentWriter                                         : loaded 2 times (x 79B)
Class com.google.common.util.concurrent.AbstractFuture$Listener                       : loaded 2 times (x 74B)
Class com.google.common.base.CharMatcher$Or                                           : loaded 2 times (x 114B)
Class Settings_gradle$1$1                                                             : loaded 2 times (x 76B)
Class org.jetbrains.kotlin.gradle.plugin.mpp.SyncLanguageSettingsWithKotlinExtensionSetupActionKt$SyncLanguageSettingsWithKotlinExtensionSetupAction$1$2: loaded 2 times (x 77B)
Class org.jetbrains.kotlin.gradle.plugin.internal.BuildIdService$Companion            : loaded 2 times (x 73B)
Class org.jetbrains.kotlin.gradle.plugin.diagnostics.checkers.OverriddenKotlinNativeHomeChecker$StdlibExistenceCheckerValueSource$Companion: loaded 2 times (x 73B)
Class org.jetbrains.kotlin.gradle.targets.js.dsl.KotlinWasmSubTargetContainerDsl      : loaded 2 times (x 72B)
Class org.jetbrains.kotlin.gradle.plugin.diagnostics.checkers.WasmWasiEnvironmentChecker$1: loaded 2 times (x 80B)
Class org.jetbrains.kotlin.gradle.plugin.diagnostics.checkers.DisabledCinteropCommonizationInHmppProjectChecker: loaded 2 times (x 76B)
Class org.jetbrains.kotlin.gradle.plugin.diagnostics.checkers.NoKotlinTargetsDeclaredChecker: loaded 2 times (x 76B)
Class org.jetbrains.kotlin.gradle.targets.jvm.KotlinJvmTargetTestFixturesSideEffectKt$ConfigureJavaTestFixturesSideEffect$1: loaded 2 times (x 76B)
Class org.jetbrains.kotlin.gradle.utils.StoredPropertyStorage                         : loaded 2 times (x 74B)
Class org.jetbrains.kotlin.gradle.plugin.KotlinSourceSetContainer                     : loaded 2 times (x 72B)
Class org.objectweb.asm.Attribute                                                     : loaded 2 times (x 79B)
Class com.google.common.base.Supplier                                                 : loaded 2 times (x 72B)
Class org.gradle.internal.classloader.VisitableURLClassLoader                         : loaded 2 times (x 118B)
Class org.jetbrains.kotlin.gradle.plugin.diagnostics.KotlinToolingDiagnostics$WasmWasiEnvironmentNotChosenExplicitly: loaded 2 times (x 75B)
Class org.jetbrains.kotlin.gradle.plugin.statistics.plugins.ObservablePlugins         : loaded 2 times (x 81B)
Class org.jetbrains.kotlin.gradle.plugin.sources.InternalKotlinSourceSetKt$awaitPlatformCompilations$1: loaded 2 times (x 89B)
Class [Lorg.jetbrains.kotlin.gradle.plugin.sources.KotlinDependencyScope;             : loaded 2 times (x 71B)
Class org.jetbrains.kotlin.gradle.tasks.configuration.BaseKotlinCompileConfig$configureCommonParameters$1: loaded 2 times (x 76B)
Class org.jetbrains.kotlin.gradle.plugin.mpp.compilationImpl.factory.ConfigurationNaming: loaded 2 times (x 72B)
Class org.jetbrains.kotlin.gradle.plugin.mpp.compilationImpl.DefaultKotlinCompilationPostConfigureKt: loaded 2 times (x 73B)
Class org.jetbrains.kotlin.konan.target.KonanTarget$WATCHOS_X64                       : loaded 2 times (x 80B)
Class org.jetbrains.kotlin.gradle.plugin.diagnostics.KotlinGradleProjectCheckersRunnerKt: loaded 2 times (x 73B)
Class [Lorg.jetbrains.kotlin.tooling.core.HasExtras;                                  : loaded 2 times (x 71B)
Class org.jetbrains.kotlin.gradle.plugin.diagnostics.checkers.IncorrectCompileOnlyDependenciesChecker: loaded 2 times (x 76B)
Class org.jetbrains.kotlin.gradle.plugin.diagnostics.checkers.WasmWasiEnvironmentChecker$2: loaded 2 times (x 80B)
Class org.jetbrains.kotlin.gradle.dsl.DefaultToolchainSupport$wireToolchainToTasks$1$1: loaded 2 times (x 77B)
Class org.jetbrains.kotlin.gradle.internal.IdeaKt$isInIdeaEnvironment$1               : loaded 2 times (x 76B)
Class org.jetbrains.kotlin.gradle.plugin.statistics.FusUtilKt                         : loaded 2 times (x 73B)
Class org.jetbrains.kotlin.gradle.utils.SingleActionPerProject                        : loaded 2 times (x 75B)
Class org.jetbrains.kotlin.gradle.plugin.DefaultKotlinBasePlugin                      : loaded 2 times (x 84B)
Class org.gradle.internal.Cast                                                        : loaded 2 times (x 73B)
Class org.gradle.api.Action                                                           : loaded 2 times (x 72B)
Class [Lorg.jetbrains.kotlin.gradle.plugin.mpp.KotlinUsageContext$MavenScope;         : loaded 2 times (x 71B)
Class org.jetbrains.kotlin.gradle.tasks.configuration.BaseKotlinCompileConfig$configureCommonParameters$2: loaded 2 times (x 77B)
Class org.jetbrains.kotlin.gradle.plugin.mpp.compilationImpl.KotlinCompilationCompilerOptionsFromTargetConfigurator: loaded 2 times (x 76B)
Class [Lorg.jetbrains.kotlin.gradle.plugin.mpp.compilationImpl.DefaultKotlinCompilationFriendPathsResolver$FriendArtifactResolver;: loaded 2 times (x 71B)
Class com.google.common.base.Strings                                                  : loaded 2 times (x 73B)
Class org.jetbrains.kotlin.gradle.utils.FailuresKt$ideaSyncClasspathModeUtil$1        : loaded 2 times (x 74B)
Class org.jetbrains.kotlin.gradle.artifacts.KotlinJsKlibArtifactKt                    : loaded 2 times (x 73B)
Class org.jetbrains.kotlin.gradle.dsl.KotlinTargetContainerWithWasmPresetFunctions    : loaded 2 times (x 72B)
Class org.jetbrains.kotlin.gradle.internal.IdeaKt$isInIdeaEnvironment$2               : loaded 2 times (x 76B)
Class org.jetbrains.kotlin.gradle.plugin.diagnostics.KotlinToolingDiagnosticsCollector$Inject: loaded 2 times (x 98B)
Class org.jetbrains.kotlin.gradle.plugin.GradleUtilsKt                                : loaded 2 times (x 73B)
Class org.jetbrains.kotlin.gradle.internal.properties.PropertiesBuildService          : loaded 2 times (x 78B)
Class org.jetbrains.kotlin.gradle.plugin.BuildFinishedListenerService$Companion$registerIfAbsent$1$1$1: loaded 2 times (x 77B)
Class com.google.common.collect.Sets                                                  : loaded 2 times (x 73B)
Class org.objectweb.asm.Handler                                                       : loaded 2 times (x 74B)
Class com.google.common.base.Ticker                                                   : loaded 2 times (x 74B)
Class com.google.common.base.CharMatcher$FastMatcher                                  : loaded 2 times (x 113B)
Class org.jetbrains.kotlin.gradle.plugin.KotlinTarget$DefaultImpls                    : loaded 2 times (x 73B)
Class org.jetbrains.kotlin.gradle.plugin.mpp.compilationImpl.KotlinCreateCompilationArchiveTaskKt: loaded 2 times (x 73B)
Class org.jetbrains.kotlin.tooling.core.MutableExtrasImpl                             : loaded 2 times (x 167B)
Class org.jetbrains.kotlin.gradle.plugin.diagnostics.KotlinToolingDiagnosticsCollector: loaded 2 times (x 78B)
Class org.jetbrains.kotlin.gradle.plugin.statistics.KotlinBuildStatsMXBean            : loaded 2 times (x 72B)
Class org.jetbrains.kotlin.gradle.utils.FileUtilsKt                                   : loaded 2 times (x 73B)
Class [Lcom.google.common.cache.LocalCache$Segment;                                   : loaded 2 times (x 71B)
Class [Lcom.google.common.cache.LocalCache$Strength;                                  : loaded 2 times (x 71B)
Class com.google.common.cache.CacheBuilder$1                                          : loaded 2 times (x 87B)
Class com.google.common.base.Predicate                                                : loaded 2 times (x 72B)
Class com.google.common.collect.ImmutableMap                                          : loaded 2 times (x 122B)
Class org.gradle.internal.classpath.DefaultClassPath$ImmutableUniqueList$Builder      : loaded 2 times (x 77B)
Class org.jetbrains.kotlin.gradle.plugin.mpp.KotlinCompilationFactory$DefaultImpls    : loaded 2 times (x 73B)
Class com.google.gson.stream.JsonToken                                                : loaded 2 times (x 81B)
Class com.google.common.collect.AbstractRangeSet                                      : loaded 2 times (x 116B)
Class org.jetbrains.kotlin.gradle.plugin.diagnostics.checkers.InternalGradlePropertiesUsageChecker: loaded 2 times (x 76B)
Class org.jetbrains.kotlin.gradle.plugin.mpp.compilationImpl.CreateCInteropTasksSideEffectKt: loaded 2 times (x 73B)
Class org.jetbrains.kotlin.gradle.testing.internal.KotlinTestsRegistry$Companion      : loaded 2 times (x 73B)
Class org.jetbrains.kotlin.gradle.dsl.KotlinCommonCompilerToolOptions                 : loaded 2 times (x 72B)
Class org.jetbrains.kotlin.gradle.internal.properties.PropertiesBuildService$Companion$registerIfAbsent$1: loaded 2 times (x 77B)
Class org.jetbrains.kotlin.gradle.plugin.internal.DefaultConfigurationCacheStartParameterAccessorVariantFactory: loaded 2 times (x 78B)
Class com.google.common.cache.LocalCache                                              : loaded 2 times (x 188B)
Class com.google.common.cache.CacheBuilder$2                                          : loaded 2 times (x 81B)
Class com.google.common.base.CharMatcher$NegatedFastMatcher                           : loaded 2 times (x 115B)
Class Build_gradle$inlined$sam$i$org_gradle_api_Action$0                              : loaded 2 times (x 77B)
Class org.jetbrains.kotlin.gradle.plugin.mpp.compilationImpl.DefaultKotlinCompilationSourceSetsContainer$source$1: loaded 2 times (x 81B)
Class org.jetbrains.kotlin.gradle.internal.KotlinTestDependencyManagementKt           : loaded 2 times (x 73B)
Class [Lorg.jetbrains.kotlin.gradle.plugin.sources.ConsistencyCheck;                  : loaded 2 times (x 71B)
Class org.jetbrains.kotlin.konan.target.KonanTarget$ANDROID_X64                       : loaded 2 times (x 80B)
Class org.jetbrains.kotlin.gradle.plugin.statistics.FlowActionBuildFusService$Companion: loaded 2 times (x 73B)
Class org.jetbrains.kotlin.gradle.report.ReportingSettings                            : loaded 2 times (x 74B)
Class org.jetbrains.kotlin.statistics.metrics.StringAnonymizationPolicy$ComponentVersionAnonymizer: loaded 2 times (x 80B)
Class org.jetbrains.kotlin.gradle.plugin.KotlinBasePluginWrapper                      : loaded 2 times (x 88B)
Class com.google.common.collect.ArrayListMultimap                                     : loaded 2 times (x 173B)
Class com.google.common.cache.CacheBuilder$3                                          : loaded 2 times (x 74B)
Class [Lcom.google.common.collect.AbstractMapEntry;                                   : loaded 2 times (x 71B)
Class com.google.common.collect.ImmutableEntry                                        : loaded 2 times (x 84B)
Class org.gradle.api.GradleException                                                  : loaded 2 times (x 84B)
Class org.jetbrains.kotlin.gradle.plugin.diagnostics.KotlinToolingDiagnostics$JsEnvironmentNotChosenExplicitly: loaded 2 times (x 75B)
Class org.jetbrains.kotlin.gradle.plugin.ProjectLocalConfigurations$ProjectLocalCompatibility: loaded 2 times (x 78B)
Class org.jetbrains.kotlin.gradle.dsl.JvmDefaultMode                                  : loaded 2 times (x 81B)
Class org.jetbrains.kotlin.gradle.dsl.KotlinJvmCompilerOptions                        : loaded 2 times (x 72B)
Class org.jetbrains.kotlin.gradle.plugin.internal.DefaultMavenPublicationComponentAccessor: loaded 2 times (x 77B)
Class org.jetbrains.kotlin.gradle.plugin.statistics.BuildFinishBuildService           : loaded 2 times (x 86B)
Class org.jetbrains.kotlin.gradle.plugin.internal.DefaultProjectIsolationStartParameterAccessor$Factory: loaded 2 times (x 78B)
Class com.google.common.collect.CollectPreconditions                                  : loaded 2 times (x 73B)
Class org.jetbrains.kotlin.gradle.plugin.KotlinPluginLifecycleImpl$launch$1           : loaded 2 times (x 81B)
Class org.jetbrains.kotlin.gradle.plugin.diagnostics.checkers.GradleDeprecatedPropertyChecker$DeprecatedProperty: loaded 2 times (x 74B)
Class org.jetbrains.kotlin.gradle.utils.Completable                                   : loaded 2 times (x 74B)
Class org.jetbrains.kotlin.konan.target.HostManager$Companion$targetAliases$2         : loaded 2 times (x 80B)
Class org.jetbrains.kotlin.gradle.plugin.DefaultKotlinBasePlugin$addKotlinCompilerConfiguration$2$1: loaded 2 times (x 77B)
Class org.jetbrains.kotlin.gradle.plugin.statistics.KotlinBuildStatsServicesRegistry$Companion: loaded 2 times (x 73B)
Class org.jetbrains.kotlin.gradle.plugin.internal.DefaultCompatibilityConventionRegistrar$Factory: loaded 2 times (x 78B)
Class com.google.common.collect.SortedMapDifference                                   : loaded 2 times (x 72B)
Class org.jetbrains.kotlin.gradle.plugin.diagnostics.checkers.IncorrectCompileOnlyDependenciesChecker$runChecks$1: loaded 2 times (x 89B)
Class org.jetbrains.kotlin.gradle.plugin.mpp.KotlinOnlyTarget                         : loaded 2 times (x 155B)
Class org.jetbrains.kotlin.gradle.targets.js.npm.BaseNpmDependencyExtension           : loaded 2 times (x 72B)
Class org.jetbrains.kotlin.gradle.dsl.KotlinVersion$Companion                         : loaded 2 times (x 73B)
Class org.jetbrains.kotlin.gradle.InternalKotlinGradlePluginApi                       : loaded 2 times (x 72B)
Class org.jetbrains.kotlin.gradle.targets.ConfigureNonPackedKlibConsumingSideEffectKt$ConfigureNonPackedKlibConsumingSideEffect$1: loaded 2 times (x 76B)
Class org.jetbrains.kotlin.gradle.dsl.DefaultToolchainSupport                         : loaded 2 times (x 78B)
Class org.jetbrains.kotlin.gradle.plugin.diagnostics.DiagnosticGroup$Base             : loaded 2 times (x 83B)
Class org.jetbrains.kotlin.gradle.plugin.internal.CustomPropertiesFileValueSource     : loaded 2 times (x 84B)
Class com.google.common.cache.LocalCache$EntryFactory                                 : loaded 2 times (x 85B)
Class org.jetbrains.kotlin.gradle.plugin.cocoapods.KotlinCocoapodsPlugin              : loaded 2 times (x 78B)
Class org.jetbrains.kotlin.gradle.internal.CompilerOptionsDslHelpersKt                : loaded 2 times (x 73B)
Class org.jetbrains.kotlin.gradle.tasks.configuration.AbstractKotlinCompileConfigKt   : loaded 2 times (x 73B)
Class org.jetbrains.kotlin.gradle.internal.StdlibDependencyManagementKt$configureStdlibVersionAlignment$1$1: loaded 2 times (x 77B)
Class org.jetbrains.kotlin.gradle.dsl.KotlinProjectExtension$awaitSourceSets$1        : loaded 2 times (x 89B)
Class org.jetbrains.kotlin.gradle.plugin.KotlinPluginLifecycle$CoroutineStart         : loaded 2 times (x 81B)
Class org.jetbrains.kotlin.gradle.tasks.TasksProviderKt$sam$org_gradle_api_Action$0   : loaded 2 times (x 77B)
Class org.jetbrains.kotlin.gradle.tooling.BuildKotlinToolingMetadataTask$FromKotlinExtension: loaded 2 times (x 316B)
Class org.jetbrains.kotlin.gradle.utils.FailuresKt                                    : loaded 2 times (x 73B)
Class org.jetbrains.kotlin.gradle.targets.native.internal.CInteropConfigurationsKt$special$$inlined$KotlinTargetSideEffect$1: loaded 2 times (x 76B)
Class org.jetbrains.kotlin.konan.target.Family                                        : loaded 2 times (x 81B)
Class org.jetbrains.kotlin.gradle.plugin.diagnostics.DiagnosticGroup                  : loaded 2 times (x 72B)
Class org.jetbrains.kotlin.gradle.internal.properties.NativePropertiesLoader$konanDataDirProperty$1: loaded 2 times (x 77B)
Class org.jetbrains.kotlin.gradle.plugin.KotlinGradleBuildServices$Companion$registerIfAbsent$2$1: loaded 2 times (x 81B)
Class org.jetbrains.kotlin.gradle.plugin.statistics.BuildFusService$Parameters_Decorated: loaded 2 times (x 141B)
Class org.jetbrains.kotlin.gradle.internal.properties.PropertiesBuildService$Params$Inject: loaded 2 times (x 108B)
Class org.jetbrains.kotlin.tooling.core.HasMutableExtras                              : loaded 2 times (x 72B)
Class com.google.common.cache.LocalCache$AbstractReferenceEntry                       : loaded 2 times (x 109B)
Class org.gradle.internal.IoActions                                                   : loaded 2 times (x 73B)
Class org.jetbrains.kotlin.gradle.internal.Kapt3KotlinGradleSubpluginKt               : loaded 2 times (x 73B)
Class org.jetbrains.kotlin.gradle.dsl.KotlinJvmCompile                                : loaded 2 times (x 72B)
Class com.google.common.collect.ImmutableRangeSet$ComplementRanges                    : loaded 2 times (x 209B)
Class org.jetbrains.kotlin.konan.target.KonanTarget$LINUX_ARM32_HFP                   : loaded 2 times (x 80B)
Class org.jetbrains.kotlin.gradle.internal.Kapt3GradleSubplugin                       : loaded 2 times (x 84B)
Class org.jetbrains.kotlin.gradle.plugin.diagnostics.checkers.CInteropInputChecker    : loaded 2 times (x 76B)
Class org.jetbrains.kotlin.gradle.targets.native.internal.CInteropConfigurationsKt$special$$inlined$KotlinTargetSideEffect$2: loaded 2 times (x 76B)
Class org.jetbrains.kotlin.gradle.plugin.statistics.FinalizeConfigurationFusMetricActionKt$FinalizeConfigurationFusMetricAction$1: loaded 2 times (x 97B)
Class org.jetbrains.kotlin.gradle.internal.KotlinDependenciesManagementKt$CustomizeKotlinDependenciesSetupAction$1: loaded 2 times (x 76B)
Class org.jetbrains.kotlin.gradle.plugin.KotlinGradlePluginExtensionPointInternal$registeredExtensions$2: loaded 2 times (x 80B)
Class org.jetbrains.kotlin.statistics.metrics.BooleanOverridePolicy$OR                : loaded 2 times (x 87B)
Class org.jetbrains.kotlin.gradle.plugin.UsesVariantImplementationFactories           : loaded 2 times (x 72B)
Class org.objectweb.asm.SymbolTable                                                   : loaded 2 times (x 74B)
Class com.google.common.cache.CacheLoader$InvalidCacheLoadException                   : loaded 2 times (x 84B)
Class com.google.common.collect.ImmutableSet$RegularSetBuilderImpl                    : loaded 2 times (x 78B)
Class org.gradle.internal.classloader.SystemClassLoaderSpec                           : loaded 2 times (x 73B)
Class org.jetbrains.kotlin.gradle.plugin.diagnostics.DefaultProblemsReporter_Decorated: loaded 2 times (x 121B)
Class org.jetbrains.kotlin.gradle.tasks.configuration.BaseKotlinCompileConfig$1$1     : loaded 2 times (x 77B)
Class org.jetbrains.kotlin.gradle.plugin.mpp.compilationImpl.factory.KotlinCompilationImplFactory$PostConfigure: loaded 2 times (x 72B)
Class org.jetbrains.kotlin.gradle.tasks.abi.KotlinLegacyAbiDumpTask                   : loaded 2 times (x 72B)
Class org.jetbrains.kotlin.gradle.utils.KotlinExtensionUtilsKt                        : loaded 2 times (x 73B)
Class [Lorg.jetbrains.kotlin.konan.util.Named;                                        : loaded 2 times (x 71B)
Class org.jetbrains.kotlin.gradle.plugin.diagnostics.checkers.NoKotlinTargetsDeclaredChecker$runChecks$1: loaded 2 times (x 89B)
Class org.jetbrains.kotlin.gradle.plugin.mpp.AbstractKotlinTarget$kotlinComponents$2  : loaded 2 times (x 81B)
Class org.jetbrains.kotlin.gradle.plugin.KotlinPlatformType$CompatibilityRule         : loaded 2 times (x 78B)
Class org.jetbrains.kotlin.gradle.internal.properties.NativePropertiesLoader$actualNativeHomeDirectory$1: loaded 2 times (x 77B)
Class org.jetbrains.kotlin.gradle.internal.properties.NativePropertiesKt              : loaded 2 times (x 73B)
Class [Lorg.jetbrains.kotlin.statistics.metrics.BooleanOverridePolicy;                : loaded 2 times (x 71B)
Class org.jetbrains.kotlin.gradle.plugin.BuildEventsListenerRegistryHolder            : loaded 2 times (x 74B)
Class org.jetbrains.kotlin.gradle.plugin.internal.CustomPropertiesFileValueSource$Parameters$Inject: loaded 2 times (x 108B)
Class com.google.common.cache.LocalCache$StrongEntry                                  : loaded 2 times (x 110B)
Class com.google.common.util.concurrent.AbstractFuture$TrustedFuture                  : loaded 2 times (x 116B)
Class com.google.common.cache.LoadingCache                                            : loaded 2 times (x 72B)
Class org.gradle.kotlin.dsl.ImplementationConfigurationAccessorsKt                    : loaded 2 times (x 73B)
Class org.jetbrains.kotlin.gradle.plugin.mpp.KotlinTargetSoftwareComponentImplKt$KotlinTargetSoftwareComponent$1: loaded 2 times (x 97B)
Class org.jetbrains.kotlin.gradle.tasks.configuration.BaseKotlinCompileConfig$registerBuildToolsApiTransformations$1: loaded 2 times (x 81B)
Class org.jetbrains.kotlin.gradle.tasks.configuration.AbstractKotlinCompileConfigKt$sam$org_gradle_api_Action$0: loaded 2 times (x 77B)
Class org.jetbrains.kotlin.gradle.plugin.internal.BuildIdService                      : loaded 2 times (x 78B)
Class org.jetbrains.kotlin.gradle.plugin.mpp.compilationImpl.factory.KotlinCompilationDependencyConfigurationsFactoriesKt: loaded 2 times (x 73B)
Class org.jetbrains.kotlin.gradle.plugin.mpp.compilationImpl.DefaultKotlinCompilationFriendPathsResolver: loaded 2 times (x 77B)
Class org.jetbrains.kotlin.gradle.plugin.diagnostics.checkers.KmpPartiallyResolvedDependenciesCheckerKt: loaded 2 times (x 73B)
Class org.jetbrains.kotlin.gradle.plugin.diagnostics.checkers.WasmSourceSetsNotFoundChecker$runChecks$1: loaded 2 times (x 89B)
Class org.jetbrains.kotlin.konan.target.KonanTarget$IOS_SIMULATOR_ARM64               : loaded 2 times (x 80B)
Class org.jetbrains.kotlin.gradle.targets.jvm.KotlinJvmCompilationWireJavaSourcesSideEffectKt: loaded 2 times (x 73B)
Class org.jetbrains.kotlin.gradle.plugin.mpp.compilationImpl.KotlinCreateCompilationArchiveTaskKt$KotlinCreateCompilationArchivesTask$1: loaded 2 times (x 76B)
Class org.jetbrains.kotlin.gradle.dsl.KotlinVersion                                   : loaded 2 times (x 81B)
Class org.jetbrains.kotlin.gradle.internal.properties.NativePropertiesLoader$actualNativeHomeDirectory$2: loaded 2 times (x 76B)
Class org.jetbrains.kotlin.gradle.utils.StoredPropertyKt                              : loaded 2 times (x 73B)
Class org.objectweb.asm.MethodWriter                                                  : loaded 2 times (x 107B)
Class [Lcom.google.common.cache.Weigher;                                              : loaded 2 times (x 71B)
Class com.google.common.collect.RegularImmutableMap$BucketOverflowException           : loaded 2 times (x 84B)
Class org.jetbrains.kotlin.gradle.plugin.sources.KotlinDependencyScope$Companion      : loaded 2 times (x 73B)
Class org.jetbrains.kotlin.gradle.tasks.configuration.BaseKotlinCompileConfig$registerBuildToolsApiTransformations$2: loaded 2 times (x 81B)
Class org.jetbrains.kotlin.gradle.tasks.KotlinJvmCompile                              : loaded 2 times (x 72B)
Class org.jetbrains.kotlin.gradle.plugin.mpp.compilationImpl.KotlinCompilationSourceSetsContainerKt: loaded 2 times (x 73B)
Class org.jetbrains.kotlin.gradle.plugin.KotlinPluginLifecycleKt$launchInStage$1      : loaded 2 times (x 97B)
Class org.jetbrains.kotlin.gradle.targets.NativeForwardImplementationToApiElementsSideEffectKt: loaded 2 times (x 73B)
Class org.jetbrains.kotlin.gradle.tasks.publishing.HelpersKt$addPgpSignatureHelpers$1 : loaded 2 times (x 77B)
Class org.jetbrains.kotlin.gradle.internal.properties.NativePropertiesLoader$actualNativeHomeDirectory$3: loaded 2 times (x 77B)
Class org.jetbrains.kotlin.gradle.report.BuildReportMode                              : loaded 2 times (x 81B)
Class org.jetbrains.kotlin.statistics.metrics.StringAnonymizationPolicy$RegexControlled: loaded 2 times (x 81B)
Class org.jetbrains.kotlin.statistics.ValueAnonymizer                                 : loaded 2 times (x 72B)
Class org.jetbrains.kotlin.gradle.plugin.VariantImplementationFactories$Companion$getProvider$2$1$1: loaded 2 times (x 77B)
Class org.jetbrains.kotlin.gradle.plugin.internal.ProjectIsolationStartParameterAccessor$Factory: loaded 2 times (x 72B)
Class com.google.common.collect.RegularImmutableBiMap                                 : loaded 2 times (x 150B)
Class org.jetbrains.kotlin.gradle.plugin.mpp.compilationImpl.KotlinCompilationRegisterInSourceSetsConfigurator: loaded 2 times (x 76B)
Class org.jetbrains.kotlin.gradle.plugin.mpp.compilationImpl.factory.DefaultKotlinCompilationTaskNamesContainerFactory: loaded 2 times (x 76B)
Class org.jetbrains.kotlin.gradle.plugin.mpp.compilationImpl.DefaultKotlinCompilationFriendPathsResolver$FriendArtifactResolver$Companion: loaded 2 times (x 73B)
Class org.jetbrains.kotlin.gradle.targets.native.internal.CommonizerTasksKt           : loaded 2 times (x 73B)
Class [Lorg.jetbrains.kotlin.gradle.targets.js.npm.NpmDependency$Scope;               : loaded 2 times (x 71B)
Class org.jetbrains.kotlin.gradle.plugin.KotlinCompilerPluginSupportPlugin            : loaded 2 times (x 72B)
Class org.jetbrains.kotlin.gradle.plugin.mpp.AbstractKotlinTarget$components$2        : loaded 2 times (x 81B)
Class org.jetbrains.kotlin.gradle.targets.CreateNonPackedKlibVariantsSideEffectKt$CreateNonPackedKlibVariantsSideEffect$1: loaded 2 times (x 76B)
Class org.jetbrains.kotlin.gradle.plugin.mpp.KotlinUsages$setupAttributesMatchingStrategy$1: loaded 2 times (x 76B)
Class org.jetbrains.kotlin.gradle.plugin.KotlinGradleBuildServices$Companion$registerIfAbsent$2$1$1: loaded 2 times (x 77B)
Class org.jetbrains.kotlin.gradle.internal.diagnostics.AgpCompatibilityCheck$runAgpCompatibilityCheckIfAgpIsApplied$1$1: loaded 2 times (x 77B)
Class org.jetbrains.kotlin.gradle.utils.AndroidPluginIdsKt                            : loaded 2 times (x 73B)
Class org.jetbrains.kotlin.gradle.plugin.KotlinBasePlugin                             : loaded 2 times (x 72B)
Class com.google.common.cache.LocalCache$ValueReference                               : loaded 2 times (x 72B)
Class com.google.common.base.CharMatcher$Is                                           : loaded 2 times (x 113B)
Class com.google.common.base.CharMatcher$Negated                                      : loaded 2 times (x 115B)
Class com.google.common.base.PatternCompiler                                          : loaded 2 times (x 72B)
Class org.jetbrains.kotlin.gradle.dsl.abi.AbiFiltersSpec                              : loaded 2 times (x 72B)
Class org.jetbrains.kotlin.gradle.utils.FutureKt                                      : loaded 2 times (x 73B)
Class org.jetbrains.kotlin.gradle.targets.native.internal.PlatformLibrariesGenerator$GeneratedPlatformLibrariesService: loaded 2 times (x 78B)
Class org.jetbrains.kotlin.gradle.logging.GradleLoggingUtilsKt                        : loaded 2 times (x 73B)
Class org.jetbrains.kotlin.gradle.plugin.KotlinAndroidPluginWrapper                   : loaded 2 times (x 88B)
Class com.google.common.util.concurrent.AbstractFuture$Failure                        : loaded 2 times (x 74B)
Class com.google.common.base.Equivalence$Equals                                       : loaded 2 times (x 84B)
Class com.google.common.collect.Hashing                                               : loaded 2 times (x 73B)
Class com.google.common.base.Preconditions                                            : loaded 2 times (x 73B)
Class com.google.common.base.Joiner$1                                                 : loaded 2 times (x 82B)
Class [Lorg.jetbrains.kotlin.gradle.dsl.PlatformSourceSetConventionsChecker$CheckedPlatformInfo;: loaded 2 times (x 71B)
Class org.jetbrains.kotlin.gradle.plugin.diagnostics.KotlinGradleProjectCheckerContext: loaded 2 times (x 74B)
Class org.jetbrains.kotlin.gradle.plugin.diagnostics.checkers.DuplicateSourceSetChecker: loaded 2 times (x 76B)
Class org.jetbrains.kotlin.gradle.targets.KotlinTargetSideEffect                      : loaded 2 times (x 72B)
Class org.jetbrains.kotlin.gradle.plugin.DefaultKotlinBasePlugin$setupAttributeMatchingStrategy$1$1: loaded 2 times (x 81B)
Class org.jetbrains.kotlin.gradle.plugin.diagnostics.ToolingDiagnosticFactory         : loaded 2 times (x 75B)
Class org.jetbrains.kotlin.statistics.metrics.NumericalMetrics$Companion              : loaded 2 times (x 73B)
Class [Lorg.jetbrains.kotlin.statistics.metrics.NumberAnonymizationPolicy;            : loaded 2 times (x 71B)
Class org.jetbrains.kotlin.statistics.metrics.NumberOverridePolicy$OVERRIDE           : loaded 2 times (x 87B)
Class org.jetbrains.kotlin.gradle.internal.properties.PropertiesBuildService$property$1: loaded 2 times (x 81B)
Class org.objectweb.asm.Label                                                         : loaded 2 times (x 75B)
Class org.objectweb.asm.CurrentFrame                                                  : loaded 2 times (x 75B)
Class org.objectweb.asm.ClassTooLargeException                                        : loaded 2 times (x 84B)
Class com.google.common.base.CharMatcher                                              : loaded 2 times (x 113B)
Class com.google.gson.stream.JsonReader                                               : loaded 2 times (x 99B)
Class com.google.common.collect.PeekingIterator                                       : loaded 2 times (x 72B)
Class org.jetbrains.kotlin.gradle.tasks.KotlinCompilationTask                         : loaded 2 times (x 72B)
Class org.jetbrains.kotlin.gradle.plugin.mpp.compilationImpl.factory.KotlinCompilationImplFactory$ProcessResourcesTaskNameFactory: loaded 2 times (x 72B)
Class com.google.common.collect.RangeGwtSerializationDependencies                     : loaded 2 times (x 73B)
Class com.google.common.base.Joiner$2                                                 : loaded 2 times (x 81B)
Class org.jetbrains.kotlin.gradle.internal.properties.PropertiesBuildService$property$2: loaded 2 times (x 81B)
Class org.jetbrains.kotlin.gradle.internal.KotlinDependenciesManagementKt             : loaded 2 times (x 73B)
Class org.jetbrains.kotlin.gradle.plugin.DefaultKotlinBasePlugin$setupAttributeMatchingStrategy$1$2: loaded 2 times (x 81B)
Class org.jetbrains.kotlin.gradle.targets.native.internal.PlatformLibrariesGenerator$Companion: loaded 2 times (x 73B)
Class org.jetbrains.kotlin.gradle.plugin.statistics.KotlinBuildStatsLoggerService     : loaded 2 times (x 74B)
Class org.jetbrains.kotlin.gradle.plugin.internal.CustomPropertiesFileValueSource$Inject: loaded 2 times (x 115B)
Class org.objectweb.asm.Frame                                                         : loaded 2 times (x 75B)
Class org.objectweb.asm.MethodVisitor                                                 : loaded 2 times (x 107B)
Class com.google.common.cache.LocalCache$EntryFactory$1                               : loaded 2 times (x 85B)
Class [Lcom.google.common.cache.RemovalListener;                                      : loaded 2 times (x 71B)
Class com.google.common.base.CharMatcher$NamedFastMatcher                             : loaded 2 times (x 114B)
Class com.google.common.base.CharMatcher$1                                            : loaded 2 times (x 115B)
Class org.jetbrains.kotlin.gradle.plugin.mpp.InternalKotlinTargetKt$special$$inlined$extrasStoredFuture$1: loaded 2 times (x 81B)
Class org.jetbrains.kotlin.tooling.core.ExtrasProperty                                : loaded 2 times (x 72B)
Class org.jetbrains.kotlin.compilerRunner.UsesCompilerSystemPropertiesService         : loaded 2 times (x 72B)
Class org.jetbrains.kotlin.gradle.plugin.mpp.compilationImpl.KotlinCompilationSourceSetInclusion$Companion: loaded 2 times (x 73B)
Class com.google.common.collect.RangeSet                                              : loaded 2 times (x 72B)
Class org.jetbrains.kotlin.konan.target.KonanTarget$WATCHOS_DEVICE_ARM64              : loaded 2 times (x 80B)
Class org.jetbrains.kotlin.gradle.plugin.diagnostics.checkers.MissingNativeStdlibChecker$runChecks$1: loaded 2 times (x 89B)
Class [Lorg.jetbrains.kotlin.gradle.plugin.sources.android.AndroidVariantType;        : loaded 2 times (x 71B)
Class org.jetbrains.kotlin.gradle.plugin.sources.android.AndroidVariantType           : loaded 2 times (x 81B)
Class org.jetbrains.kotlin.gradle.plugin.mpp.KotlinTargetSoftwareComponent            : loaded 2 times (x 91B)
Class org.jetbrains.kotlin.gradle.plugin.mpp.KotlinVariant                            : loaded 2 times (x 103B)
Class org.jetbrains.kotlin.gradle.targets.native.ConfigureFrameworkExportSideEffectKt : loaded 2 times (x 73B)
Class org.jetbrains.kotlin.gradle.utils.WhenPluginEnabledKt                           : loaded 2 times (x 73B)
Class org.jetbrains.kotlin.gradle.plugin.VariantImplementationFactories               : loaded 2 times (x 77B)
Class org.jetbrains.kotlin.gradle.internal.diagnostics.KotlinCompilerEmbeddableCheck  : loaded 2 times (x 73B)
Class com.google.common.cache.LocalCache$EntryFactory$2                               : loaded 2 times (x 85B)
Class org.gradle.api.internal.classpath.GlobalCacheRootsProvider                      : loaded 2 times (x 72B)
Class org.jetbrains.kotlin.tooling.core.Extras$Entry$Companion                        : loaded 2 times (x 73B)
Class com.google.common.collect.CollectCollectors                                     : loaded 2 times (x 73B)
Class org.jetbrains.kotlin.gradle.targets.js.dsl.KotlinWasmWasiTargetDsl              : loaded 2 times (x 72B)
Class org.jetbrains.kotlin.gradle.plugin.diagnostics.checkers.DisabledNativeTargetsChecker: loaded 2 times (x 76B)
Class org.jetbrains.kotlin.gradle.plugin.mpp.compilationImpl.KotlinCreateSourcesJarTaskSideEffectKt$KotlinCreateSourcesJarTaskSideEffect$1: loaded 2 times (x 76B)
Class org.jetbrains.kotlin.gradle.internal.CompilerArgumentAware                      : loaded 2 times (x 72B)
Class org.jetbrains.kotlin.gradle.utils.ReportUtilsKt                                 : loaded 2 times (x 73B)
Class org.jetbrains.kotlin.gradle.utils.StoredLazyProperty                            : loaded 2 times (x 77B)
Class org.objectweb.asm.ModuleWriter                                                  : loaded 2 times (x 83B)
Class com.google.common.cache.LocalCache$EntryFactory$3                               : loaded 2 times (x 85B)
Class com.google.common.base.Ticker$1                                                 : loaded 2 times (x 74B)
Class com.google.common.collect.Maps$BiMapConverter                                   : loaded 2 times (x 92B)
Class com.google.common.collect.ImmutableMapEntrySet$RegularEntrySet                  : loaded 2 times (x 154B)
Class Native_plugin_loader_gradle$NativePluginLoader                                  : loaded 2 times (x 74B)
Class com.google.common.collect.SetMultimap                                           : loaded 2 times (x 72B)
Class org.jetbrains.kotlin.gradle.dsl.AndroidMainSourceSetConventionsChecker$runChecks$1: loaded 2 times (x 89B)
Class org.jetbrains.kotlin.gradle.plugin.sources.FragmentConsistencyChecks            : loaded 2 times (x 74B)
Class org.jetbrains.kotlin.gradle.plugin.mpp.InternalKotlinTargetComponent            : loaded 2 times (x 95B)
Class org.jetbrains.kotlin.gradle.targets.CreateNonPackedKlibVariantsSideEffectKt     : loaded 2 times (x 73B)
Class org.jetbrains.kotlin.gradle.targets.CreateDefaultTestRunSideEffectKt$special$$inlined$KotlinTargetSideEffect$1: loaded 2 times (x 76B)
Class org.jetbrains.kotlin.gradle.utils.ProviderApiUtilsKt                            : loaded 2 times (x 73B)
Class org.jetbrains.kotlin.gradle.plugin.diagnostics.IsAttachedToTerminalValueSource  : loaded 2 times (x 82B)
Class org.jetbrains.kotlin.gradle.targets.native.UsesKonanPropertiesBuildService      : loaded 2 times (x 72B)
Class org.jetbrains.kotlin.gradle.internal.properties.NativePropertiesLoader$forceDisableRunningInProcess$1: loaded 2 times (x 77B)
Class org.jetbrains.kotlin.gradle.internal.tasks.TaskWithLocalState                   : loaded 2 times (x 72B)
Class org.jetbrains.kotlin.gradle.plugin.statistics.KotlinBuildStatisticsUtilsKt      : loaded 2 times (x 73B)
Class org.jetbrains.kotlin.statistics.metrics.BooleanMetrics                          : loaded 2 times (x 81B)
Class org.jetbrains.kotlin.gradle.utils.PersistentCachesKt                            : loaded 2 times (x 73B)
Class org.jetbrains.kotlin.gradle.internal.properties.PropertiesBuildService$Params   : loaded 2 times (x 72B)
Class org.jetbrains.kotlin.gradle.internal.diagnostics.GradleCompatibilityCheck       : loaded 2 times (x 73B)
Class com.google.common.collect.ImmutableSet$Builder                                  : loaded 2 times (x 87B)
Class com.google.common.cache.LocalCache$EntryFactory$4                               : loaded 2 times (x 85B)
Class com.google.common.base.CharMatcher$InRange                                      : loaded 2 times (x 113B)
Class org.jetbrains.kotlin.gradle.plugin.sources.KotlinDependencyScopeKt$WhenMappings : loaded 2 times (x 73B)
Class org.jetbrains.kotlin.gradle.tasks.K2MultiplatformCompilationTask                : loaded 2 times (x 72B)
Class org.jetbrains.kotlin.gradle.plugin.diagnostics.checkers.OverriddenKotlinNativeHomeChecker$StdlibExistenceCheckerValueSource$Inject: loaded 2 times (x 111B)
Class org.jetbrains.kotlin.gradle.utils.ConfigurationsKt$maybeCreateDependencyScope$1 : loaded 2 times (x 80B)
Class org.jetbrains.kotlin.gradle.plugin.sources.FragmentConsistencyChecks$languageVersionCheck$1: loaded 2 times (x 81B)
Class org.jetbrains.kotlin.gradle.plugin.mpp.DecoratedKotlinCompilation               : loaded 2 times (x 197B)
Class org.jetbrains.kotlin.gradle.plugin.diagnostics.checkers.ExperimentalTryNextUsageChecker: loaded 2 times (x 76B)
Class [Lorg.jetbrains.kotlin.gradle.plugin.KotlinPlatformType;                        : loaded 2 times (x 71B)
Class [Lorg.jetbrains.kotlin.gradle.plugin.diagnostics.ToolingDiagnostic$Severity;    : loaded 2 times (x 71B)
Class org.jetbrains.kotlin.gradle.plugin.statistics.UsesBuildFusService               : loaded 2 times (x 72B)
Class org.jetbrains.kotlin.gradle.plugin.statistics.old.Pre232IdeaKotlinBuildStatsBeanService: loaded 2 times (x 97B)
Class org.jetbrains.kotlin.statistics.metrics.NumberOverridePolicy$AVERAGE            : loaded 2 times (x 87B)
Class org.jetbrains.kotlin.gradle.plugin.VariantImplementationFactories$Parameters$Inject: loaded 2 times (x 108B)
Class org.jetbrains.kotlin.gradle.plugin.BuildFinishedListenerService$Companion$registerIfAbsent$1$1: loaded 2 times (x 81B)
Class org.jetbrains.kotlin.gradle.internal.diagnostics.GradleCompatibilityCheck$CurrentGradleVersionProvider: loaded 2 times (x 72B)
Class com.google.common.cache.LocalCache$EntryFactory$5                               : loaded 2 times (x 85B)
Class org.jetbrains.kotlin.compilerRunner.CompilerSystemPropertiesService$Companion   : loaded 2 times (x 73B)
Class org.jetbrains.kotlin.gradle.plugin.mpp.MppSourcesJarKt$sourcesJarTaskNamed$result$1: loaded 2 times (x 81B)
Class org.jetbrains.kotlin.gradle.tasks.configuration.BaseKotlinCompileConfig$1       : loaded 2 times (x 81B)
Class org.jetbrains.kotlin.gradle.plugin.mpp.compilationImpl.factory.ConfigurationNaming$Default: loaded 2 times (x 77B)
Class org.jetbrains.kotlin.gradle.plugin.mpp.compilationImpl.KotlinCompilationSourceSetInclusion: loaded 2 times (x 74B)
Class org.jetbrains.kotlin.gradle.targets.jvm.KotlinJvmTarget                         : loaded 2 times (x 168B)
Class org.jetbrains.kotlin.gradle.targets.js.dsl.KotlinWasmJsTargetDsl                : loaded 2 times (x 72B)
Class org.jetbrains.kotlin.gradle.plugin.diagnostics.checkers.DisabledNativeTargetsChecker$runChecks$1: loaded 2 times (x 89B)
Class org.jetbrains.kotlin.gradle.plugin.KotlinPluginLifecycleImpl$await$2$1          : loaded 2 times (x 81B)
Class org.jetbrains.kotlin.gradle.plugin.sources.DefaultLanguageSettingsBuilder       : loaded 2 times (x 102B)
Class org.jetbrains.kotlin.gradle.plugin.sources.FragmentConsistencyChecks$languageVersionCheck$2: loaded 2 times (x 80B)
Class org.jetbrains.kotlin.gradle.targets.CreateTargetConfigurationsSideEffectKt$CreateTargetConfigurationsSideEffect$1: loaded 2 times (x 76B)
Class org.jetbrains.kotlin.gradle.dsl.KotlinPublishingDsl                             : loaded 2 times (x 72B)
Class org.jetbrains.kotlin.gradle.dsl.KotlinTargetContainerWithPresetFunctions        : loaded 2 times (x 72B)
Class org.jetbrains.kotlin.gradle.plugin.diagnostics.ToolingDiagnosticRenderingOptionsKt$WhenMappings: loaded 2 times (x 73B)
Class org.jetbrains.kotlin.gradle.utils.GradleConfigurationUtilsKt                    : loaded 2 times (x 73B)
Class org.jetbrains.kotlin.gradle.plugin.internal.CustomPropertiesFileValueSource$Parameters: loaded 2 times (x 72B)
Class org.jetbrains.kotlin.gradle.plugin.UsesBuildFinishedListenerService             : loaded 2 times (x 72B)
Class com.google.common.cache.LocalCache$EntryFactory$6                               : loaded 2 times (x 85B)
Class org.gradle.internal.installation.CurrentGradleInstallationLocator               : loaded 2 times (x 73B)
Class org.jetbrains.kotlin.gradle.plugin.diagnostics.UsesKotlinToolingDiagnosticsKt   : loaded 2 times (x 73B)
Class org.jetbrains.kotlin.gradle.tasks.configuration.BaseKotlinCompileConfig$2       : loaded 2 times (x 81B)
Class com.google.common.collect.Maps$KeySet                                           : loaded 2 times (x 139B)
Class org.jetbrains.kotlin.gradle.plugin.mpp.InternalKotlinCompilation                : loaded 2 times (x 72B)
Class org.jetbrains.kotlin.gradle.utils.WhenEvaluatedKt                               : loaded 2 times (x 73B)
Class org.jetbrains.kotlin.konan.target.KonanTarget$IOS_X64                           : loaded 2 times (x 80B)
Class org.jetbrains.kotlin.gradle.targets.native.internal.AddKotlinPlatformIntegersSupportLibraryKt: loaded 2 times (x 73B)
Class org.jetbrains.kotlin.gradle.plugin.AbstractKotlinJsPluginWrapper                : loaded 2 times (x 88B)
Class org.jetbrains.kotlin.gradle.internal.IsInIdeaEnvironmentValueSource$Inject      : loaded 2 times (x 102B)
Class org.jetbrains.kotlin.gradle.plugin.internal.MavenPublicationComponentAccessor   : loaded 2 times (x 72B)
Class org.jetbrains.kotlin.gradle.fus.BuildUidService                                 : loaded 2 times (x 82B)
Class org.jetbrains.kotlin.gradle.plugin.KotlinPluginWrapperKt                        : loaded 2 times (x 73B)
Class com.google.common.collect.ImmutableSet$EmptySetBuilderImpl                      : loaded 2 times (x 78B)
Class com.google.common.cache.LocalCache$EntryFactory$7                               : loaded 2 times (x 85B)
Class com.google.common.collect.ImmutableList                                         : loaded 2 times (x 208B)
Class org.gradle.internal.service.DefaultServiceLocator                               : loaded 2 times (x 85B)
Class org.jetbrains.kotlin.compilerRunner.CompilerSystemPropertiesService$Companion$registerIfAbsent$1: loaded 2 times (x 77B)
Class org.jetbrains.kotlin.util.capitalizeDecapitalize.CapitalizeDecapitalizeKt       : loaded 2 times (x 73B)
Class org.jetbrains.kotlin.gradle.plugin.diagnostics.checkers.WasmJsEnvironmentChecker: loaded 2 times (x 78B)
Class org.jetbrains.kotlin.gradle.plugin.diagnostics.checkers.AndroidPluginWithoutAndroidTargetChecker: loaded 2 times (x 76B)
Class org.jetbrains.kotlin.gradle.plugin.statistics.FlowActionBuildFusService$getConfigurationTimeMetrics$1: loaded 2 times (x 77B)
Class org.jetbrains.kotlin.gradle.plugin.statistics.SynchronizedMetricsContainer      : loaded 2 times (x 84B)
Class org.jetbrains.kotlin.statistics.metrics.NumberOverridePolicy                    : loaded 2 times (x 87B)
Class org.jetbrains.kotlin.statistics.metrics.StringAnonymizationPolicy$AllowedListAnonymizer$Companion: loaded 2 times (x 73B)
Class org.jetbrains.kotlin.gradle.plugin.internal.DefaultProjectIsolationStartParameterAccessor_Decorated: loaded 2 times (x 123B)
Class org.jetbrains.kotlin.gradle.plugin.internal.ProjectIsolationStartParameterAccessorKt: loaded 2 times (x 73B)
Class org.jetbrains.kotlin.gradle.testing.internal.KotlinTestsRegistry                : loaded 2 times (x 74B)
Class com.google.common.cache.LocalCache$EntryFactory$8                               : loaded 2 times (x 85B)
Class com.google.common.collect.ImmutableSet$SetBuilderImpl                           : loaded 2 times (x 78B)
Class org.gradle.internal.installation.CurrentGradleInstallation                      : loaded 2 times (x 75B)
Class org.jetbrains.kotlin.gradle.plugin.mpp.InternalKotlinCompilationKt$awaitAllKotlinSourceSets$1: loaded 2 times (x 89B)
Class org.jetbrains.kotlin.gradle.tasks.KotlinCompilerExecutionStrategy               : loaded 2 times (x 81B)
Class org.jetbrains.kotlin.gradle.plugin.sources.DefaultKotlinSourceSet$special$$inlined$Iterable$1: loaded 2 times (x 81B)
Class org.jetbrains.kotlin.gradle.plugin.mpp.compilationImpl.factory.KotlinCompilationImplFactory$KotlinCompilerOptionsFactory$Options: loaded 2 times (x 74B)
Class org.jetbrains.kotlin.gradle.plugin.statistics.FusMetrics                        : loaded 2 times (x 72B)
Class org.jetbrains.kotlin.gradle.plugin.KotlinCompilation                            : loaded 2 times (x 72B)
Class org.jetbrains.kotlin.gradle.plugin.diagnostics.ToolingDiagnosticRenderingOptionsKt: loaded 2 times (x 73B)
Class org.jetbrains.kotlin.gradle.tasks.publishing.HelpersKt                          : loaded 2 times (x 73B)
Class org.jetbrains.kotlin.gradle.plugin.KotlinTargetConfiguratorKt                   : loaded 2 times (x 73B)
Class org.jetbrains.kotlin.gradle.targets.native.internal.PlatformLibrariesGenerator  : loaded 2 times (x 74B)
Class org.jetbrains.kotlin.tooling.core.Extras$Type$Companion                         : loaded 2 times (x 73B)
Class com.google.common.cache.CacheLoader$1                                           : loaded 2 times (x 77B)
Class com.google.common.collect.ImmutableList$SubList                                 : loaded 2 times (x 211B)
Class org.gradle.util.internal.GUtil                                                  : loaded 2 times (x 73B)
Class org.jetbrains.kotlin.gradle.plugin.mpp.InternalKotlinTargetKt$isSourcesPublishableFuture$2: loaded 2 times (x 97B)
Class org.jetbrains.kotlin.gradle.plugin.mpp.KotlinCompilationFactory                 : loaded 2 times (x 72B)
Class org.jetbrains.kotlin.gradle.dsl.IosSourceSetConventionChecker$runChecks$1       : loaded 2 times (x 89B)
Class org.jetbrains.kotlin.gradle.plugin.mpp.AbstractKotlinCompilation                : loaded 2 times (x 197B)
Class org.jetbrains.kotlin.gradle.plugin.diagnostics.checkers.UnusedSourceSetsChecker : loaded 2 times (x 76B)
Class org.jetbrains.kotlin.gradle.utils.Future                                        : loaded 2 times (x 72B)
Class org.jetbrains.kotlin.gradle.plugin.statistics.KotlinBuildStatsConfiguration$Companion: loaded 2 times (x 73B)
Class com.google.common.cache.AbstractCache$StatsCounter                              : loaded 2 times (x 72B)
Class org.jetbrains.kotlin.gradle.plugin.attributes.KlibPackaging                     : loaded 2 times (x 72B)
Class org.jetbrains.kotlin.gradle.plugin.mpp.KotlinTargetSoftwareComponentImplKt      : loaded 2 times (x 73B)
Class org.jetbrains.kotlin.gradle.targets.js.dsl.KotlinJsSubTargetContainerDsl        : loaded 2 times (x 72B)
Class org.jetbrains.kotlin.tooling.core.MutableExtrasImpl$Companion                   : loaded 2 times (x 73B)
Class org.jetbrains.kotlin.gradle.internal.ClassLoadersCachingBuildService$Parameters : loaded 2 times (x 72B)
Class org.jetbrains.kotlin.gradle.plugin.KotlinGradleBuildServices$Companion$registerIfAbsent$1: loaded 2 times (x 77B)
Class org.jetbrains.kotlin.statistics.fileloggers.MetricsContainer                    : loaded 2 times (x 79B)
Class org.jetbrains.kotlin.gradle.plugin.internal.ProjectIsolationStartParameterAccessor: loaded 2 times (x 72B)
Class org.jetbrains.kotlin.gradle.utils.StoredProperty                                : loaded 2 times (x 72B)
Class com.google.common.collect.Iterators$MergingIterator                             : loaded 2 times (x 83B)
Class com.google.common.collect.RegularImmutableSet                                   : loaded 2 times (x 150B)
Class org.gradle.internal.installation.GradleInstallation                             : loaded 2 times (x 77B)
Class org.jetbrains.kotlin.gradle.plugin.mpp.compilationImpl.factory.KotlinCompilationImplFactory$create$1: loaded 2 times (x 77B)
Class org.jetbrains.kotlin.gradle.tasks.KotlinJavaToolchain                           : loaded 2 times (x 72B)
Class org.jetbrains.kotlin.gradle.plugin.statistics.FlowActionBuildFusService$Inject  : loaded 2 times (x 106B)
Class org.jetbrains.kotlin.statistics.metrics.BooleanMetrics$Companion                : loaded 2 times (x 73B)
Class org.jetbrains.kotlin.gradle.plugin.internal.CompatibilityConventionRegistrar    : loaded 2 times (x 72B)
Class org.jetbrains.kotlin.gradle.plugin.AndroidGradlePluginVersion                   : loaded 2 times (x 77B)
Class com.google.common.collect.Iterables                                             : loaded 2 times (x 73B)
Class org.jetbrains.kotlin.gradle.plugin.mpp.KotlinJvmCompilation                     : loaded 2 times (x 206B)
Class org.jetbrains.kotlin.gradle.plugin.KotlinCompilation$Companion                  : loaded 2 times (x 73B)
Class org.jetbrains.kotlin.konan.target.KonanTarget$WATCHOS_ARM64                     : loaded 2 times (x 80B)
Class org.jetbrains.kotlin.gradle.plugin.diagnostics.checkers.OverriddenKotlinNativeHomeChecker: loaded 2 times (x 76B)
Class org.jetbrains.kotlin.gradle.artifacts.KotlinJvmJarArtifactKt$KotlinJvmJarArtifact$1: loaded 2 times (x 76B)
Class org.jetbrains.kotlin.gradle.targets.native.SetupEmbedAndSignAppleFrameworkTaskSideEffectKt: loaded 2 times (x 73B)
Class org.jetbrains.kotlin.gradle.plugin.KotlinProjectSetupActionKt$KotlinProjectSetupCoroutine$1: loaded 2 times (x 77B)
Class org.jetbrains.kotlin.gradle.dsl.ToolchainSupport$Companion                      : loaded 2 times (x 73B)
Class org.jetbrains.kotlin.gradle.plugin.KotlinSourceSet                              : loaded 2 times (x 72B)
Class org.jetbrains.kotlin.konan.target.KonanTarget$MACOS_ARM64                       : loaded 2 times (x 80B)

---------------  S Y S T E M  ---------------

OS:
 Windows 11 , 64 bit Build 26100 (10.0.26100.8972)
OS uptime: 1 days 1:48 hours
Hyper-V role detected

CPU: total 32 (initial active 32) (32 cores per cpu, 2 threads per core) family 26 model 68 stepping 0 microcode 0xb404035, cx8, cmov, fxsr, ht, mmx, 3dnowpref, sse, sse2, sse3, ssse3, sse4a, sse4.1, sse4.2, popcnt, lzcnt, tsc, tscinvbit, avx, avx2, aes, erms, clmul, bmi1, bmi2, adx, avx512f, avx512dq, avx512cd, avx512bw, avx512vl, sha, fma, vzeroupper, avx512_vpopcntdq, avx512_vpclmulqdq, avx512_vaes, avx512_vnni, clflush, clflushopt, clwb, avx512_vbmi2, avx512_vbmi, hv, rdtscp, rdpid, fsrm, gfni, avx512_bitalg, f16c, cet_ss, avx512_ifma
Processor Information for the first 32 processors :
  Max Mhz: 4300, Current Mhz: 4300, Mhz Limit: 4300

Memory: 4k page, system-wide physical 31892M (12193M free)
TotalPageFile size 47892M (AvailPageFile size 18055M)
current process WorkingSet (physical memory assigned to process): 1427M, peak: 1440M
current process commit charge ("private bytes"): 1509M, peak: 1537M

vm_info: OpenJDK 64-Bit Server VM (25.0.2+-15348964-b329.117) for windows-amd64 JRE (25.0.2+-15348964-b329.117), built on 2026-05-05T18:25:19Z with MS VC++ 16.10 / 16.11 (VS2019)

END.
