#
# A fatal error has been detected by the Java Runtime Environment:
#
#  EXCEPTION_ACCESS_VIOLATION (0xc0000005) at pc=0x00007ff95daf9160, pid=5436, tid=29564
#
# JRE version: OpenJDK Runtime Environment (25.0.2) (build 25.0.2+-15348964-b329.117)
# Java VM: OpenJDK 64-Bit Server VM (25.0.2+-15348964-b329.117, mixed mode, tiered, compressed oops, compressed class ptrs, g1 gc, windows-amd64)
# Problematic frame:
# V  [jvm.dll+0x309160]
#
# No core dump will be written. Minidumps are not enabled by default on client versions of Windows
#
# If you would like to submit a bug report, please visit:
#   https://youtrack.jetbrains.com/issues/JBR
#

---------------  S U M M A R Y ------------

Command Line: --add-opens=java.base/java.lang=ALL-UNNAMED --add-opens=java.base/java.lang.invoke=ALL-UNNAMED --add-opens=java.base/java.util=ALL-UNNAMED --add-opens=java.prefs/java.util.prefs=ALL-UNNAMED --add-exports=jdk.compiler/com.sun.tools.javac.api=ALL-UNNAMED --add-exports=jdk.compiler/com.sun.tools.javac.util=ALL-UNNAMED --add-opens=java.base/java.util=ALL-UNNAMED --add-opens=java.prefs/java.util.prefs=ALL-UNNAMED --add-opens=java.base/java.nio.charset=ALL-UNNAMED --add-opens=java.base/java.net=ALL-UNNAMED --add-opens=java.base/java.util.concurrent=ALL-UNNAMED --add-opens=java.base/java.util.concurrent.atomic=ALL-UNNAMED --add-opens=java.xml/javax.xml.namespace=ALL-UNNAMED --add-opens=java.base/java.time=ALL-UNNAMED --enable-native-access=ALL-UNNAMED -XX:MaxMetaspaceSize=1G -XX:ReservedCodeCacheSize=256m -XX:+HeapDumpOnOutOfMemoryError -Xmx3G -Dfile.encoding=UTF-8 -Duser.country=ES -Duser.language=es -Duser.variant -javaagent:C:\Users\Lambert 2\.gradle\wrapper\dists\gradle-9.1.0-all\7wzd0jkjit61aq2p43wpjgij9\gradle-9.1.0\lib\agents\gradle-instrumentation-agent-9.1.0.jar org.gradle.launcher.daemon.bootstrap.GradleDaemon 9.1.0

Host: AMD Ryzen 9 9950X3D 16-Core Processor          , 32 cores, 31G,  Windows 11 , 64 bit Build 26100 (10.0.26100.8972)
Time: Fri Aug  7 00:06:18 2026 Hora de verano romance elapsed time: 59.325150 seconds (0d 0h 0m 59s)

---------------  T H R E A D  ---------------

Current thread (0x000002a3233622b0):  WorkerThread "G1 Conc#5"      [id=29564, stack(0x000000ee39100000,0x000000ee39200000) (1024K)]

Stack: [0x000000ee39100000,0x000000ee39200000],  sp=0x000000ee391ffae8,  free space=1022k
Native frames: (J=compiled Java code, j=interpreted, Vv=VM code, C=native code)
V  [jvm.dll+0x309160]  (no source info available)


siginfo: EXCEPTION_ACCESS_VIOLATION (0xc0000005), reading address 0x00000000662f6d7e


Registers:
RAX=0x0000000000000000, RBX=0x000000075708adc0, RCX=0x000000074cf02c20, RDX=0x00000000662f6d76
RSP=0x000000ee391ffae8, RBP=0x000002a37f833f60, RSI=0x00000000110bd101, RDI=0x000000074cf02c20
R8 =0x000002a31644c0b0, R9 =0x0000000740000000, R10=0x0000000000000003, R11=0x0000000000000003
R12=0x0000000000000003, R13=0x00007ff95e53d050, R14=0x0000000000000003, R15=0x000000075708adb0
RIP=0x00007ff95daf9160, EFLAGS=0x0000000000010202

XMM[0]=0x0000000000000000 0x0000000000000000
XMM[1]=0x0000000000000000 0x0000000000000000
XMM[2]=0x0000000000000000 0x0000000000000000
XMM[3]=0x0000000000000000 0x0000000000000000
XMM[4]=0x0000000000000000 0x0000000000000000
XMM[5]=0x0000000000000000 0x0000000000000000
XMM[6]=0x0000000000000000 0x0000000000000000
XMM[7]=0x0000000000000000 0x0000000000000000
XMM[8]=0x0000000000000000 0x0000000000000000
XMM[9]=0x0000000000000000 0x0000000000000000
XMM[10]=0x0000000000000000 0x0000000000000000
XMM[11]=0x0000000000000000 0x0000000000000000
XMM[12]=0x0000000000000000 0x0000000000000000
XMM[13]=0x0000000000000000 0x0000000000000000
XMM[14]=0x0000000000000000 0x0000000000000000
XMM[15]=0x0000000000000000 0x0000000000000000
  MXCSR=0x00001fa0


Register to memory mapping:

RAX=0x0 is null
RBX=
[error occurred during error reporting (printing register info), id 0xc0000005, EXCEPTION_ACCESS_VIOLATION (0xc0000005) at pc=0x00007ff95daf9160]
RCX=0x000000074cf02c20 is pointing into object: [B 
{0x000000074cf02c10} - klass: {type array byte} - flags: is_cloneable_fast 

 - length: 30
 -   0: 6b k
 -   1: 6f o
 -   2: 74 t
 -   3: 6c l
 -   4: 69 i
 -   5: 6e n
 -   6: 2f /
 -   7: 6a j
 -   8: 76 v
 -   9: 6d m
 -  10: 2f /
 -  11: 66 f
 -  12: 75 u
 -  13: 6e n
 -  14: 63 c
 -  15: 74 t
 -  16: 69 i
 -  17: 6f o
 -  18: 6e n
 -  19: 73 s
 -  20: 2f /
 -  21: 46 F
 -  22: 75 u
 -  23: 6e n
 -  24: 63 c
 -  25: 74 t
 -  26: 69 i
 -  27: 6f o
 -  28: 6e n
 -  29: 30 0
RDX=0x00000000662f6d76 is an unknown value
RSP=0x000000ee391ffae8 points into unknown readable memory: 0x00007ff95dba8674 | 74 86 ba 5d f9 7f 00 00
RBP=0x000002a37f833f60 points into unknown readable memory: 0x000002a37f8468b0 | b0 68 84 7f a3 02 00 00
RSI=0x00000000110bd101 is pointing into metadata
RDI=0x000000074cf02c20 is pointing into object: [B 
{0x000000074cf02c10} - klass: {type array byte} - flags: is_cloneable_fast 

 - length: 30
 -   0: 6b k
 -   1: 6f o
 -   2: 74 t
 -   3: 6c l
 -   4: 69 i
 -   5: 6e n
 -   6: 2f /
 -   7: 6a j
 -   8: 76 v
 -   9: 6d m
 -  10: 2f /
 -  11: 66 f
 -  12: 75 u
 -  13: 6e n
 -  14: 63 c
 -  15: 74 t
 -  16: 69 i
 -  17: 6f o
 -  18: 6e n
 -  19: 73 s
 -  20: 2f /
 -  21: 46 F
 -  22: 75 u
 -  23: 6e n
 -  24: 63 c
 -  25: 74 t
 -  26: 69 i
 -  27: 6f o
 -  28: 6e n
 -  29: 30 0
R8 =0x000002a31644c0b0 points into unknown readable memory: 0x0800000008002010 | 10 20 00 08 00 00 00 08
R9 =0x0000000740000000 is an oop: [B 
{0x0000000740000000} - klass: {type array byte} - flags: is_cloneable_fast 

 - length: 3129750
 -   0: 50 P
 -   1: 4b K
 -   2: 1  
 -   3: 2  
 -   4: 14  
 -   5: 3  
 -   6: a  
 -   7: 0  
 -   8: 0  
 -   9: 8  
 -  10: 8  
 -  11: 0  
 -  12: 0  
 -  13: 0  
 -  14: 41 A
 -  15: 0  
 -  16: 0  
 -  17: 0  
 -  18: 0  
 -  19: 0  
 -  20: 2  
 -  21: 0  
 -  22: 0  
 -  23: 0  
 -  24: 0  
 -  25: 0  
 -  26: 0  
 -  27: 0  
 -  28: 9  
 -  29: 0  
 -  30: 0  
 -  31: 0  
 -  32: 0  
 -  33: 0  
 -  34: 0  
 -  35: 0  
 -  36: 0  
 -  37: 0  
 -  38: 10  
 -  39: 0  
 -  40: ffffffed  
 -  41: 41 A
 -  42: 0  
 -  43: 0  
 -  44: 0  
 -  45: 0  
 -  46: 4d M
 -  47: 45 E
 -  48: 54 T
 -  49: 41 A
 -  50: 2d -
 -  51: 49 I
 -  52: 4e N
 -  53: 46 F
 -  54: 2f /
 -  55: 50 P
 -  56: 4b K
 -  57: 1  
 -  58: 2  
 -  59: 14  
 -  60: 3  
 -  61: a  
 -  62: 0  
 -  63: 0  
 -  64: 8  
 -  65: 8  
 -  66: 0  
 -  67: 0  
 -  68: 0  
 -  69: 41 A
 -  70: 0  
 -  71: d  
 -  72: 41 A
 -  73: ffffffcb  
 -  74: 3b ;
 -  75: 6e n
 -  76: 0  
 -  77: 0  
 -  78: 0  
 -  79: ffffff98  
 -  80: 0  
 -  81: 0  
 -  82: 0  
 -  83: 14  
 -  84: 0  
 -  85: 0  
 -  86: 0  
 -  87: 0  
 -  88: 0  
 -  89: 0  
 -  90: 0  
 -  91: 0  
 -  92: 0  
 -  93: 0  
 -  94: 0  
 -  95: ffffffa4  
 -  96: ffffff81  
 -  97: 29 )
 -  98: 0  
 -  99: 0  
 - 100: 0  
 - 101: 4d M
 - 102: 45 E
 - 103: 54 T
 - 104: 41 A
 - 105: 2d -
 - 106: 49 I
 - 107: 4e N
 - 108: 46 F
 - 109: 2f /
 - 110: 4d M
 - 111: 41 A
 - 112: 4e N
 - 113: 49 I
 - 114: 46 F
 - 115: 45 E
 - 116: 53 S
 - 117: 54 T
 - 118: 2e .
 - 119: 4d M
 - 120: 46 F
 - 121: 50 P
 - 122: 4b K
 - 123: 1  
 - 124: 2  
 - 125: 14  
 - 126: 0  
 - 127: a  
 - 128: 0  
 - 129: 0  
 - 130: 8  
 - 131: 8  
 - 132: 0  
 - 133: 0  
 - 134: 0  
 - 135: 41 A
 - 136: 0  
 - 137: ffffff8d  
 - 138: fffffff5  
 - 139: ffffff84  
 - 140: ffffffcf  
 - 141: 17  
 - 142: 0  
 - 143: 0  
 - 144: 0  
 - 145: 18  
 - 146: 0  
 - 147: 0  
 - 148: 0  
 - 149: 27 '
 - 150: 0  
 - 151: 0  
 - 152: 0  
 - 153: 0  
 - 154: 0  
 - 155: 0  
 - 156: 0  
 - 157: 0  
 - 158: 0  
 - 159: 0  
 - 160: 0  
 - 161: 0  
 - 162: 0  
 - 163: ffffffc9  
 - 164: 0  
 - 165: 0  
 - 166: 0  
 - 167: 4d M
 - 168: 45 E
 - 169: 54 T
 - 170: 41 A
 - 171: 2d -
 - 172: 49 I
 - 173: 4e N
 - 174: 46 F
 - 175: 2f /
 - 176: 61 a
 - 177: 72 r
 - 178: 67 g
 - 179: 75 u
 - 180: 6d m
 - 181: 65 e
 - 182: 6e n
 - 183: 74 t
 - 184: 73 s
 - 185: 2e .
 - 186: 63 c
 - 187: 6f o
 - 188: 6d m
 - 189: 6d m
 - 190: 6f o
 - 191: 6e n
 - 192: 2e .
 - 193: 6b k
 - 194: 6f o
 - 195: 74 t
 - 196: 6c l
 - 197: 69 i
 - 198: 6e n
 - 199: 5f _
 - 200: 6d m
 - 201: 6f o
 - 202: 64 d
 - 203: 75 u
 - 204: 6c l
 - 205: 65 e
 - 206: 50 P
 - 207: 4b K
 - 208: 1  
 - 209: 2  
 - 210: 14  
 - 211: 0  
 - 212: a  
 - 213: 0  
 - 214: 0  
 - 215: 8  
 - 216: 8  
 - 217: 0  
 - 218: 0  
 - 219: 0  
 - 220: 41 A
 - 221: 0  
 - 222: ffffff9a  
 - 223: ffffff99  
 - 224: 35 5
 - 225: ffffff8c  
 - 226: 45 E
 - 227: 0  
 - 228: 0  
 - 229: 0  
 - 230: 52 R
 - 231: 0  
 - 232: 0  
 - 233: 0  
 - 234: 25 %
 - 235: 0  
 - 236: 0  
 - 237: 0  
 - 238: 0  
 - 239: 0  
 - 240: 0  
 - 241: 0  
 - 242: 0  
 - 243: 0  
 - 244: 0  
 - 245: 0  
 - 246: 0  
 - 247: 0  
 - 248: 25 %
 - 249: 1  
 - 250: 0  
 - 251: 0  
 - 252: 4d M
 - 253: 45 E
 - 254: 54 T
 - 255: 41 A
 - <3129494 more elements, increase MaxElementPrintSize to print>
R10=0x0000000000000003 is an unknown value
R11=0x0000000000000003 is an unknown value
R12=0x0000000000000003 is an unknown value
R13=0x00007ff95e53d050 jvm.dll
R14=0x0000000000000003 is an unknown value
R15=0x000000075708adb0 is an oop: java.util.TreeMap$Entry 
{0x000000075708adb0} - klass: 'java/util/TreeMap$Entry' - flags: 

 - ---- fields (total size 5 words):
 - 'color' 'Z' @12  true (0x01)
 - 'key' 'Ljava/lang/Object;' @16  
[error occurred during error reporting (printing register info, attempt 2), id 0xc0000005, EXCEPTION_ACCESS_VIOLATION (0xc0000005) at pc=0x00007ff95df95ad9]

Top of Stack: (sp=0x000000ee391ffae8)
0x000000ee391ffae8:   00007ff95dba8674 0000000772f00000   t..].......r....
0x000000ee391ffaf8:   00007ff95dba85c8 00000000110e1cc0   ...]............
0x000000ee391ffb08:   00007ff95dbc15a7 00000000110bd1d8   ...]............
0x000000ee391ffb18:   00007ff95dbc1237 000000075708adc0   7..].......W....
0x000000ee391ffb28:   00000000110bd1d0 000000ee391ffb80   ...........9....
0x000000ee391ffb38:   000000075708add4 000000ee357ff570   ...W....p..5....
0x000000ee391ffb48:   0000000757200000 000000075708adb0   .. W.......W....
0x000000ee391ffb58:   00007ff95dbc8844 0000000000000005   D..]............
0x000000ee391ffb68:   00000000110bcf50 000002a37f833f60   P.......`?......
0x000000ee391ffb78:   0000000000000001 00007ff95e32aee8   ..........2^....
0x000000ee391ffb88:   0000000000000000 0000000000000003   ................
0x000000ee391ffb98:   000002a37f7e9dd0 000002a37f833f60   ..~.....`?......
0x000000ee391ffba8:   0000000000000003 0000000000000034   ........4.......
0x000000ee391ffbb8:   0000000000000000 0000000000000030   ........0.......
0x000000ee391ffbc8:   0000000000000000 000002a3233622b0   ........."6#....
0x000000ee391ffbd8:   00007ff95e22f0a4 000002a37e742f48   .."^....H/t~....
0x000000ee391ffbe8:   000002a32480a9e0 0000000000000003   ...$............
0x000000ee391ffbf8:   0000000000000003 0000000000000000   ................
0x000000ee391ffc08:   000002a3233622b0 0000000000100000   ."6#............
0x000000ee391ffc18:   00000000000075a3 0000000000000000   .u..............
0x000000ee391ffc28:   00007ff95e19b9c8 000002a3221d70b0   ...^.....p."....
0x000000ee391ffc38:   00000000ffffffff 000000ee39200000   .......... 9....
0x000000ee391ffc48:   0000000000000000 0000000000000000   ................
0x000000ee391ffc58:   000001b4c6e00000 0000000100010000   ................
0x000000ee391ffc68:   0000000000000000 0000000000000000   ................
0x000000ee391ffc78:   00007ff9fc837dab 000002a3221d70b0   .}.......p."....
0x000000ee391ffc88:   0000000000000000 000002a3233622b0   ........."6#....
0x000000ee391ffc98:   00007ff9fc62c45f 0000000000000000   _.b.............
0x000000ee391ffca8:   00007ff95dfab985 000000ee39200000   ...]...... 9....
0x000000ee391ffcb8:   000002a3221d70b0 000002a3233622b0   .p."....."6#....
0x000000ee391ffcc8:   0000000000000000 0000000000000000   ................
0x000000ee391ffcd8:   00007ff9fc64cd30 000002a3000075a3   0.d......u......

Instructions: (pc=0x00007ff95daf9160)
  0x00007ff95daf9060:   75 21 80 7d 06 4c 75 1b 80 7c 2e 05 3b 75 14 44
  0x00007ff95daf9070:   8b c1 48 83 c2 06 48 8d 4d 07 e8 e9 9b 73 00 85
  0x00007ff95daf9080:   c0 74 26 48 ff c3 48 83 c7 08 49 3b df 7c c1 45
  0x00007ff95daf9090:   33 ff 0f b6 bc 24 b0 00 00 00 4d 8b 6d 78 4d 85
  0x00007ff95daf90a0:   ed 0f 85 4b ff ff ff eb 13 40 b7 01 45 33 ff 40
  0x00007ff95daf90b0:   88 bc 24 b0 00 00 00 eb e1 40 b7 01 48 8b 74 24
  0x00007ff95daf90c0:   20 8b 9c 24 a0 00 00 00 49 8b 04 24 4c 89 74 24
  0x00007ff95daf90d0:   20 48 89 6c 24 28 48 85 c0 74 33 0f 1f 44 00 00
  0x00007ff95daf90e0:   39 18 75 0c 4c 3b 70 08 75 06 48 3b 68 10 74 0f
  0x00007ff95daf90f0:   4c 8d 60 20 48 8b 40 20 48 85 c0 75 e3 eb 04 49
  0x00007ff95daf9100:   8b 04 24 48 85 c0 74 06 40 88 78 18 eb 33 b2 09
  0x00007ff95daf9110:   b9 28 00 00 00 e8 66 ac de ff 48 85 c0 74 15 0f
  0x00007ff95daf9120:   10 44 24 20 89 18 40 88 78 18 0f 11 40 08 4c 89
  0x00007ff95daf9130:   78 20 eb 03 49 8b c7 49 89 04 24 ff 86 00 10 00
  0x00007ff95daf9140:   00 40 0f b6 c7 48 8b 9c 24 a8 00 00 00 48 83 c4
  0x00007ff95daf9150:   60 41 5f 41 5e 41 5d 41 5c 5f 5e 5d c3 cc cc cc
=>0x00007ff95daf9160:   44 8b 4a 08 4c 8b c2 45 85 c9 7e 0e 41 f6 c1 01
  0x00007ff95daf9170:   75 49 41 c1 f9 03 49 63 c1 c3 79 3f 8b 05 16 43
  0x00007ff95daf9180:   a4 00 ff c8 4c 63 c0 48 63 05 7a c0 ad 00 48 63
  0x00007ff95daf9190:   14 08 41 8b c9 83 e1 3f 41 8b c1 48 c1 f8 10 0f
  0x00007ff95daf91a0:   b6 c0 48 d3 e2 49 8d 0c 10 49 f7 d0 48 03 c1 49
  0x00007ff95daf91b0:   c1 e8 03 48 c1 e8 03 49 23 c0 c3 48 8b 02 48 8b
  0x00007ff95daf91c0:   d1 49 8b c8 48 ff a0 00 01 00 00 cc cc cc cc cc
  0x00007ff95daf91d0:   48 89 4c 24 08 53 56 57 41 54 41 55 48 83 ec 20
  0x00007ff95daf91e0:   41 8b 19 49 8b f9 4d 8b e8 4c 8b e2 48 8b f2 85
  0x00007ff95daf91f0:   db 0f 84 1a 01 00 00 48 89 6c 24 58 4c 89 74 24
  0x00007ff95daf9200:   60 4c 89 7c 24 68 66 66 0f 1f 84 00 00 00 00 00
  0x00007ff95daf9210:   48 83 c7 04 85 db 0f 8e c7 00 00 00 80 7c 24 70
  0x00007ff95daf9220:   00 48 63 07 4a 8d 14 28 74 72 0f ba e3 1e 73 6c
  0x00007ff95daf9230:   8b ee 48 8b d0 49 8b cd 41 2b ec 81 e3 ff ff ff
  0x00007ff95daf9240:   3f ff 15 89 1d a4 00 4c 63 f5 4c 8b f8 48 85 c0
  0x00007ff95daf9250:   75 1a 45 33 c0 49 8b d6 49 8b cc ff 15 bf 29 a4


Stack slot to memory mapping:

stack at sp + 0 slots: 0x00007ff95dba8674 jvm.dll
stack at sp + 1 slots: 
[error occurred during error reporting (inspecting top of stack), id 0xc0000005, EXCEPTION_ACCESS_VIOLATION (0xc0000005) at pc=0x00007ff95daf9160]
stack at sp + 2 slots: 0x00007ff95dba85c8 jvm.dll
stack at sp + 3 slots: 0x00000000110e1cc0 is a pointer to class: 
java.io.FileCleanable {0x00000000110e1cc8}
 - instance size:     7
 - klass size:        89
 - access:            final synchronized 
 - flags:             rewritten has_nonstatic_fields defined_by_boot_loader 
 - state:             fully_initialized
 - name:              'java/io/FileCleanable'
 - super:             'jdk/internal/ref/PhantomCleanable'
 - sub:               
 - arrays:            null
 - methods:           Array<T>(0x000002a31d617a30)
 - method ordering:   Array<T>(0x000002a31d000018)
 - local interfaces:  Array<T>(0x000002a31d000048)
 - trans. interfaces: Array<T>(0x000002a31d210f40)
 - secondary supers: Array<T>(0x000002a31d210f40)
 - hash_slot:         39
 - secondary bitmap: 0x0000000000010000
 - constants:         constant pool [95] {0x000002a31d6176b0} for 'java/io/FileCleanable' cache=0x000002a31d6180b8
 - class loader data:  loader data: 0x000002a31bd64ef0 of 'bootstrap'
 - generic signature: 'Ljdk/internal/ref/PhantomCleanable<Ljava/io/FileDescriptor;>;'
 - inner classes:     Array<T>(0x000002a31d000020)
 - nest members:     Array<T>(0x000002a31d000020)
 - permitted subclasses:     Array<T>(0x000002a31d000020)
 - java mirror:       a 'java/lang/Class'{0x0000000741503938} = 'java/io/FileCleanable'
 - vtable length      16  (start addr: 0x00000000110e1ed0)
 - itable length      5 (start addr: 0x00000000110e1f50)
 - ---- static fields (1 words):
 - private static final 'fdAccess' 'Ljdk/internal/access/JavaIOFileDescriptorAccess;' @120 
 - ---- non-static fields (10 words):
 - private 'referent' 'Ljava/lang/Object;' @12 
 - volatile 'queue' 'Ljava/lang/ref/ReferenceQueue;' @16 
 - volatile 'next' 'Ljava/lang/ref/Reference;' @20 
 - private transient 'discovered' 'Ljava/lang/ref/Reference;' @24 
 - private final 'list' 'Ljdk/internal/ref/CleanerImpl$CleanableList;' @28 
 - 'node' 'Ljdk/internal/ref/CleanerImpl$CleanableList$Node;' @32 
 - 'index' 'I' @36 
 - private final 'handle' 'J' @40 
 - private final 'fd' 'I' @48 
 - non-static oop maps (2 entries): 16-20 28-32 
stack at sp + 4 slots: 0x00007ff95dbc15a7 jvm.dll
stack at sp + 5 slots: 0x00000000110bd1d8 is a pointer to class: 
java.lang.UnsatisfiedLinkError {0x00000000110bd1e0}
 - instance size:     5
 - klass size:        84
 - access:            public synchronized 
 - flags:             has_nonstatic_fields defined_by_boot_loader 
 - state:             loaded
 - name:              'java/lang/UnsatisfiedLinkError'
 - super:             'java/lang/LinkageError'
 - sub:               
 - arrays:            null
 - methods:           Array<T>(0x000002a31d9a0d20)
 - method ordering:   Array<T>(0x000002a31d000018)
 - local interfaces:  Array<T>(0x000002a31d000048)
 - trans. interfaces: Array<T>(0x000002a31d02d700)
 - secondary supers: Array<T>(0x000002a31d02d700)
 - hash_slot:         32
 - secondary bitmap: 0x0000000100000000
 - constants:         constant pool [26] {0x000002a31d9a0bf8} for 'java/lang/UnsatisfiedLinkError'
 - class loader data:  loader data: 0x000002a31bd64ef0 of 'bootstrap'
 - inner classes:     Array<T>(0x000002a31d000020)
 - nest members:     Array<T>(0x000002a31d000020)
 - permitted subclasses:     Array<T>(0x000002a31d000020)
 - java mirror:       a 'java/lang/Class'{0x00000007414eb870} = 'java/lang/UnsatisfiedLinkError'
 - vtable length      15  (start addr: 0x00000000110bd3e8)
 - itable length      2 (start addr: 0x00000000110bd460)
 - ---- static fields (1 words):
 - private static final 'serialVersionUID' 'J' @120 
 - ---- non-static fields (6 words):
 - private transient 'depth' 'I' @12 
 - private transient 'backtrace' 'Ljava/lang/Object;' @16 
 - private 'detailMessage' 'Ljava/lang/String;' @20 
 - private 'cause' 'Ljava/lang/Throwable;' @24 
 - private 'stackTrace' '[Ljava/lang/StackTraceElement;' @28 
 - private 'suppressedExceptions' 'Ljava/util/List;' @32 
 - non-static oop maps (1 entries): 16-32 
stack at sp + 6 slots: 0x00007ff95dbc1237 jvm.dll
stack at sp + 7 slots: 
[error occurred during error reporting (inspecting top of stack, attempt 2), id 0xc0000005, EXCEPTION_ACCESS_VIOLATION (0xc0000005) at pc=0x00007ff95daf9160]


---------------  P R O C E S S  ---------------

Threads class SMR info:
_java_thread_list=0x000002a32a525160, length=407, elements={
0x000002a37f7d8b70, 0x000002a32100f860, 0x000002a32102dd80, 0x000002a32102f750,
0x000002a32103a5c0, 0x000002a32103b180, 0x000002a32103c8b0, 0x000002a32103d470,
0x000002a32104bab0, 0x000002a321076fa0, 0x000002a32142d240, 0x000002a32259b620,
0x000002a32485b830, 0x000002a324851eb0, 0x000002a322743970, 0x000002a32407a690,
0x000002a322161610, 0x000002a32269fbe0, 0x000002a3226a1350, 0x000002a3226a03b0,
0x000002a3226a1b20, 0x000002a32403ac30, 0x000002a324037d50, 0x000002a32403bbd0,
0x000002a324630900, 0x000002a32462da20, 0x000002a32462f190, 0x000002a32462e9c0,
0x000002a324633010, 0x000002a3246337e0, 0x000002a324634f50, 0x000002a324ab2480,
0x000002a3267525c0, 0x000002a32c358210, 0x000002a32c35e7a0, 0x000002a32c35d030,
0x000002a32c35ef70, 0x000002a32c362df0, 0x000002a32c361e50, 0x000002a32c3606e0,
0x000002a32c3635c0, 0x000002a32c364560, 0x000002a32c365500, 0x000002a326751620,
0x000002a326910c70, 0x000002a326911440, 0x000002a32690fcd0, 0x000002a3269104a0,
0x000002a3260d5eb0, 0x000002a328923450, 0x000002a328923c20, 0x000002a3289243f0,
0x000002a328924bc0, 0x000002a32667c410, 0x000002a32667aca0, 0x000002a32667b470,
0x000002a32667cbe0, 0x000002a32667bc40, 0x000002a32667d3b0, 0x000002a32667db80,
0x000002a32667a4d0, 0x000002a322b7faa0, 0x000002a322b80a40, 0x000002a322b80270,
0x000002a322b81210, 0x000002a322b819e0, 0x000002a322b821b0, 0x000002a322b82980,
0x000002a322b7f2d0, 0x000002a32810fa00, 0x000002a3281130b0, 0x000002a3281128e0,
0x000002a328112110, 0x000002a3281101d0, 0x000002a3281109a0, 0x000002a328111170,
0x000002a328111940, 0x000002a322cdb8b0, 0x000002a322cdc850, 0x000002a322cdc080,
0x000002a322cddfc0, 0x000002a322cda910, 0x000002a32319e040, 0x000002a32151abe0,
0x000002a32151bb80, 0x000002a32151c350, 0x000002a32151b3b0, 0x000002a32151cb20,
0x000002a321519470, 0x000002a321519c40, 0x000002a32151a410, 0x000002a340f77190,
0x000002a340f77960, 0x000002a330b701d0, 0x000002a321a393b0, 0x000002a321a3a350,
0x000002a321a38be0, 0x000002a321a39b80, 0x000002a324252b20, 0x000002a324251b80,
0x000002a324252350, 0x000002a3242513b0, 0x000002a32bcf96a0, 0x000002a32bcfa640,
0x000002a32bcf8700, 0x000002a32bcf9e70, 0x000002a32bcfb5e0, 0x000002a32bcfae10,
0x000002a32bcf7f30, 0x000002a32bcf8ed0, 0x000002a32190a4f0, 0x000002a32c090b90,
0x000002a32c0903c0, 0x000002a32c08fbf0, 0x000002a32c08f420, 0x000002a329f168f0,
0x000002a329f170c0, 0x000002a329f15180, 0x000002a329f17890, 0x000002a329f149b0,
0x000002a329f18060, 0x000002a329f15950, 0x000002a329f16120, 0x000002a328a255f0,
0x000002a328a25dc0, 0x000002a328a26590, 0x000002a328a22ee0, 0x000002a328a24650,
0x000002a328a236b0, 0x000002a328a24e20, 0x000002a328a23e80, 0x000002a324b04d90,
0x000002a324b05560, 0x000002a324b06500, 0x000002a324b06cd0, 0x000002a324b045c0,
0x000002a324b074a0, 0x000002a324b05d30, 0x000002a324b03df0, 0x000002a325cec920,
0x000002a32bf90b90, 0x000002a32bf92300, 0x000002a3249876f0, 0x000002a325321ec0,
0x000002a325324da0, 0x000002a32765e670, 0x000002a327661d20, 0x000002a32765ee40,
0x000002a32765fde0, 0x000002a327661550, 0x000002a32765f610, 0x000002a3276605b0,
0x000002a321a3cb30, 0x000002a321a3c360, 0x000002a321a3abf0, 0x000002a321a3dad0,
0x000002a321a3e2a0, 0x000002a321a3b3c0, 0x000002a328286df0, 0x000002a328283740,
0x000002a328285e50, 0x000002a328285680, 0x000002a328283f10, 0x000002a3282846e0,
0x000002a328284eb0, 0x000002a328286620, 0x000002a327a43f70, 0x000002a327a44740,
0x000002a327a41090, 0x000002a327fc0a00, 0x000002a327fbe2f0, 0x000002a327fc19a0,
0x000002a327fbf290, 0x000002a327fc0230, 0x000002a3307647c0, 0x000002a324b07e00,
0x000002a324b09570, 0x000002a324b085d0, 0x000002a324b0ace0, 0x000002a324b0b4b0,
0x000002a3225fd260, 0x000002a3319f4ae0, 0x000002a3319f52b0, 0x000002a3319f5a80,
0x000002a3215cd110, 0x000002a3215ce0b0, 0x000002a32a5edcd0, 0x000002a32a5ee4a0,
0x000002a326765b50, 0x000002a326766af0, 0x000002a3243055f0, 0x000002a32a5ef440,
0x000002a32a5efc10, 0x000002a329b04c60, 0x000002a3215cb9a0, 0x000002a3215cd8e0,
0x000002a3318fb050, 0x000002a3318fa0b0, 0x000002a3318f9110, 0x000002a3318fbff0,
0x000002a3318fb820, 0x000002a3318fa880, 0x000002a3249ed830, 0x000002a3249ed060,
0x000002a3249ea180, 0x000002a3249eb8f0, 0x000002a324305dc0, 0x000002a324307d00,
0x000002a324306590, 0x000002a32a073f40, 0x000002a3314ed890, 0x000002a3314ee060,
0x000002a3314ed0c0, 0x000002a3314effa0, 0x000002a3314f0770, 0x000002a3314ee830,
0x000002a3314ef000, 0x000002a3314ef7d0, 0x000002a327b1b1c0, 0x000002a327b1c930,
0x000002a327b1d100, 0x000002a327b1a9f0, 0x000002a327b1b990, 0x000002a327b1e0a0,
0x000002a322a0a740, 0x000002a322a08800, 0x000002a322a07090, 0x000002a322a08fd0,
0x000002a322a09f70, 0x000002a322a097a0, 0x000002a3249ec890, 0x000002a322f97d00,
0x000002a322f96d60, 0x000002a322f94650, 0x000002a322f97530, 0x000002a322f94e20,
0x000002a322f95dc0, 0x000002a322f955f0, 0x000002a3314c3f80, 0x000002a3314c6fa0,
0x000002a3314c96b0, 0x000002a3314c8710, 0x000002a3314c7f40, 0x000002a3314c8ee0,
0x000002a3278b1e80, 0x000002a32192b980, 0x000002a32192c150, 0x000002a32192b1b0,
0x000002a321929270, 0x000002a321928aa0, 0x000002a3314c6000, 0x000002a3314c67d0,
0x000002a3314c7770, 0x000002a3243084d0, 0x000002a3272205f0, 0x000002a325eeb380,
0x000002a325eebb50, 0x000002a325eeabb0, 0x000002a325eec320, 0x000002a325ee8c70,
0x000002a325eea3e0, 0x000002a325ee9440, 0x000002a325ee9c10, 0x000002a3268ddf10,
0x000002a3268deeb0, 0x000002a3268de6e0, 0x000002a3268dfe50, 0x000002a3268df680,
0x000002a32b8f67c0, 0x000002a32b8f5ff0, 0x000002a32b8f7f30, 0x000002a328852360,
0x000002a32a9a9b10, 0x000002a32a9a6c30, 0x000002a32a9a83a0, 0x000002a32258d1b0,
0x000002a32258d980, 0x000002a32258e150, 0x000002a322974920, 0x000002a329b03cc0,
0x000002a3313f4170, 0x000002a329b04490, 0x000002a329b06ba0, 0x000002a32c83ad30,
0x000002a3211c2780, 0x000002a324a94bf0, 0x000002a324a93c50, 0x000002a329b07370,
0x000002a3316d67d0, 0x000002a3316d6fa0, 0x000002a32c2c47f0, 0x000002a32c2c6f00,
0x000002a32c2c4fc0, 0x000002a32c2c6730, 0x000002a32c2c5f60, 0x000002a32c2c76d0,
0x000002a340812540, 0x000002a3408134e0, 0x000002a340812d10, 0x000002a340814480,
0x000002a340810dd0, 0x000002a340813cb0, 0x000002a3408115a0, 0x000002a340811d70,
0x000002a3254bec40, 0x000002a3254bd4d0, 0x000002a3254bf410, 0x000002a3254bcd00,
0x000002a3254bdca0, 0x000002a326271d70, 0x000002a326272d10, 0x000002a33154b7a0,
0x000002a33154afd0, 0x000002a33154a030, 0x000002a3315480f0, 0x000002a33154a800,
0x000002a3315488c0, 0x000002a331549090, 0x000002a327ef03d0, 0x000002a327ef0ba0,
0x000002a327ef1b40, 0x000002a327ef2ae0, 0x000002a327ef32b0, 0x000002a327ef1370,
0x000002a327ef2310, 0x000002a3318f3b80, 0x000002a3318f0ca0, 0x000002a3211c2f50,
0x000002a3211c3720, 0x000002a3211c1fb0, 0x000002a3211c46c0, 0x000002a3211c4e90,
0x000002a3211c5660, 0x000002a330af9f50, 0x000002a330afb6c0, 0x000002a330afce30,
0x000002a3216ef950, 0x000002a3216eda10, 0x000002a3216ef180, 0x000002a3216ec2a0,
0x000002a32628b9e0, 0x000002a32628c1b0, 0x000002a326289aa0, 0x000002a3403781b0,
0x000002a32607ca80, 0x000002a32607ab40, 0x000002a32607c2b0, 0x000002a32607d250,
0x000002a32607b310, 0x000002a32607bae0, 0x000002a332643be0, 0x000002a3326443b0,
0x000002a332644b80, 0x000002a332641ca0, 0x000002a3234e6f20, 0x000002a321927830,
0x000002a321926890, 0x000002a32735aae0, 0x000002a327357430, 0x000002a322f3c980,
0x000002a322f3c1b0, 0x000002a322f3b9e0, 0x000002a322f3d150, 0x000002a322f3d920,
0x000002a322f3e0f0, 0x000002a321927060, 0x000002a3219258f0, 0x000002a3219260c0,
0x000002a322f3b210, 0x000002a331119360, 0x000002a34037b090, 0x000002a327b79690,
0x000002a330afc660, 0x000002a330afa720, 0x000002a330afaef0, 0x000002a330afbe90,
0x000002a3318ebb80, 0x000002a3279adf20, 0x000002a3279b0e00, 0x000002a3279ae6f0,
0x000002a3279afe60, 0x000002a3279af690, 0x000002a3279b15d0, 0x000002a3279aeec0,
0x000002a3277fc7c0, 0x000002a3277f9110, 0x000002a3277f98e0, 0x000002a3277fa0b0,
0x000002a3277fa880, 0x000002a3277fbff0, 0x000002a3277fb050, 0x000002a32239b230,
0x000002a3318ea410, 0x000002a3318eabe0, 0x000002a33115fbf0, 0x000002a330a9d860,
0x000002a328bf3ab0, 0x000002a328bf32a0, 0x000002a328bf0240, 0x000002a328bf1260,
0x000002a328bf0a50, 0x000002a328bf42c0, 0x000002a3261e16d0, 0x000002a3403c1140,
0x000002a3403bd8d0, 0x000002a3219b7490, 0x000002a32a159f80
}

Java Threads: ( => current thread )
  0x000002a37f7d8b70 JavaThread "main"                              [_thread_blocked, id=9088, stack(0x000000ee35500000,0x000000ee35600000) (1024K)]
  0x000002a32100f860 JavaThread "Common-Cleaner"             daemon [_thread_blocked, id=24336, stack(0x000000ee35d00000,0x000000ee35e00000) (1024K)]
  0x000002a32102dd80 JavaThread "Reference Handler"          daemon [_thread_blocked, id=13144, stack(0x000000ee35e00000,0x000000ee35f00000) (1024K)]
  0x000002a32102f750 JavaThread "Finalizer"                  daemon [_thread_blocked, id=16984, stack(0x000000ee35f00000,0x000000ee36000000) (1024K)]
  0x000002a32103a5c0 JavaThread "Signal Dispatcher"          daemon [_thread_blocked, id=9832, stack(0x000000ee36000000,0x000000ee36100000) (1024K)]
  0x000002a32103b180 JavaThread "Attach Listener"            daemon [_thread_blocked, id=23916, stack(0x000000ee36100000,0x000000ee36200000) (1024K)]
  0x000002a32103c8b0 JavaThread "Service Thread"             daemon [_thread_blocked, id=29748, stack(0x000000ee36200000,0x000000ee36300000) (1024K)]
  0x000002a32103d470 JavaThread "Monitor Deflation Thread"   daemon [_thread_blocked, id=19552, stack(0x000000ee36300000,0x000000ee36400000) (1024K)]
  0x000002a32104bab0 JavaThread "C2 CompilerThread0"         daemon [_thread_blocked, id=2416, stack(0x000000ee36400000,0x000000ee36500000) (1024K)]
  0x000002a321076fa0 JavaThread "C1 CompilerThread0"         daemon [_thread_blocked, id=35472, stack(0x000000ee36500000,0x000000ee36600000) (1024K)]
  0x000002a32142d240 JavaThread "Notification Thread"        daemon [_thread_blocked, id=16948, stack(0x000000ee36700000,0x000000ee36800000) (1024K)]
  0x000002a32259b620 JavaThread "Daemon health stats"               [_thread_blocked, id=28728, stack(0x000000ee37800000,0x000000ee37900000) (1024K)]
  0x000002a32485b830 JavaThread "Incoming local TCP Connector on port 63470"        [_thread_in_native, id=8816, stack(0x000000ee37a00000,0x000000ee37b00000) (1024K)]
  0x000002a324851eb0 JavaThread "Daemon periodic checks"            [_thread_blocked, id=22264, stack(0x000000ee37b00000,0x000000ee37c00000) (1024K)]
  0x000002a322743970 JavaThread "Daemon"                            [_thread_blocked, id=6212, stack(0x000000ee37c00000,0x000000ee37d00000) (1024K)]
  0x000002a32407a690 JavaThread "Handler for socket connection from /127.0.0.1:63470 to /127.0.0.1:63471"        [_thread_in_native, id=3396, stack(0x000000ee37d00000,0x000000ee37e00000) (1024K)]
  0x000002a322161610 JavaThread "Cancel handler"                    [_thread_blocked, id=33644, stack(0x000000ee37e00000,0x000000ee37f00000) (1024K)]
  0x000002a32269fbe0 JavaThread "Daemon worker"                     [_thread_blocked, id=34104, stack(0x000000ee37f00000,0x000000ee38000000) (1024K)]
  0x000002a3226a1350 JavaThread "Asynchronous log dispatcher for DefaultDaemonConnection: socket connection from /127.0.0.1:63470 to /127.0.0.1:63471"        [_thread_blocked, id=29796, stack(0x000000ee38000000,0x000000ee38100000) (1024K)]
  0x000002a3226a03b0 JavaThread "Stdin handler"                     [_thread_blocked, id=9064, stack(0x000000ee38100000,0x000000ee38200000) (1024K)]
  0x000002a3226a1b20 JavaThread "Daemon client event forwarder"        [_thread_blocked, id=32800, stack(0x000000ee38200000,0x000000ee38300000) (1024K)]
  0x000002a32403ac30 JavaThread "Cache worker for journal cache (C:\Users\Lambert 2\.gradle\caches\journal-1)"        [_thread_blocked, id=13432, stack(0x000000ee39200000,0x000000ee39300000) (1024K)]
  0x000002a324037d50 JavaThread "File lock request listener"        [_thread_in_native, id=18952, stack(0x000000ee39300000,0x000000ee39400000) (1024K)]
  0x000002a32403bbd0 JavaThread "Cache worker for file hash cache (C:\Users\Lambert 2\.gradle\caches\9.1.0\fileHashes)"        [_thread_blocked, id=14220, stack(0x000000ee39400000,0x000000ee39500000) (1024K)]
  0x000002a324630900 JavaThread "Cache worker for file hash cache (C:\dev\cicloplus_app\android\.gradle\9.1.0\fileHashes)"        [_thread_blocked, id=29076, stack(0x000000ee39600000,0x000000ee39700000) (1024K)]
  0x000002a32462da20 JavaThread "Cache worker for Build Output Cleanup Cache (C:\dev\cicloplus_app\android\.gradle\buildOutputCleanup)"        [_thread_blocked, id=2880, stack(0x000000ee39700000,0x000000ee39800000) (1024K)]
  0x000002a32462f190 JavaThread "File watcher server"        daemon [_thread_in_native, id=4048, stack(0x000000ee39800000,0x000000ee39900000) (1024K)]
  0x000002a32462e9c0 JavaThread "File watcher consumer"      daemon [_thread_blocked, id=31252, stack(0x000000ee39900000,0x000000ee39a00000) (1024K)]
  0x000002a324633010 JavaThread "Cache worker for checksums cache (C:\dev\cicloplus_app\android\.gradle\9.1.0\checksums)"        [_thread_blocked, id=33516, stack(0x000000ee39a00000,0x000000ee39b00000) (1024K)]
  0x000002a3246337e0 JavaThread "Cache worker for file content cache (C:\Users\Lambert 2\.gradle\caches\9.1.0\fileContent)"        [_thread_blocked, id=33512, stack(0x000000ee39b00000,0x000000ee39c00000) (1024K)]
  0x000002a324634f50 JavaThread "Cache worker for cache directory md-supplier (C:\Users\Lambert 2\.gradle\caches\9.1.0\md-supplier)"        [_thread_blocked, id=13828, stack(0x000000ee39c00000,0x000000ee39d00000) (1024K)]
  0x000002a324ab2480 JavaThread "Cache worker for cache directory md-rule (C:\Users\Lambert 2\.gradle\caches\9.1.0\md-rule)"        [_thread_blocked, id=18312, stack(0x000000ee39d00000,0x000000ee39e00000) (1024K)]
  0x000002a3267525c0 JavaThread "Cache worker for Build Output Cleanup Cache (C:\dev\flutter\packages\flutter_tools\gradle\.gradle\buildOutputCleanup)"        [_thread_blocked, id=25228, stack(0x000000ee36a00000,0x000000ee36b00000) (1024K)]
  0x000002a32c358210 JavaThread "Kotlin DSL Writer"                 [_thread_blocked, id=26396, stack(0x000000ee3a200000,0x000000ee3a300000) (1024K)]
  0x000002a32c35e7a0 JavaThread "Unconstrained build operations"        [_thread_blocked, id=14704, stack(0x000000ee36900000,0x000000ee36a00000) (1024K)]
  0x000002a32c35d030 JavaThread "Unconstrained build operations Thread 2"        [_thread_blocked, id=17960, stack(0x000000ee39e00000,0x000000ee39f00000) (1024K)]
  0x000002a32c35ef70 JavaThread "Unconstrained build operations Thread 3"        [_thread_blocked, id=13996, stack(0x000000ee39f00000,0x000000ee3a000000) (1024K)]
  0x000002a32c362df0 JavaThread "Unconstrained build operations Thread 4"        [_thread_blocked, id=32716, stack(0x000000ee3a000000,0x000000ee3a100000) (1024K)]
  0x000002a32c361e50 JavaThread "Unconstrained build operations Thread 5"        [_thread_blocked, id=11936, stack(0x000000ee3a100000,0x000000ee3a200000) (1024K)]
  0x000002a32c3606e0 JavaThread "Unconstrained build operations Thread 6"        [_thread_blocked, id=28560, stack(0x000000ee3a400000,0x000000ee3a500000) (1024K)]
  0x000002a32c3635c0 JavaThread "Unconstrained build operations Thread 7"        [_thread_blocked, id=30996, stack(0x000000ee3a500000,0x000000ee3a600000) (1024K)]
  0x000002a32c364560 JavaThread "Unconstrained build operations Thread 8"        [_thread_blocked, id=5840, stack(0x000000ee3a600000,0x000000ee3a700000) (1024K)]
  0x000002a32c365500 JavaThread "Unconstrained build operations Thread 9"        [_thread_blocked, id=33424, stack(0x000000ee3a700000,0x000000ee3a800000) (1024K)]
  0x000002a326751620 JavaThread "Unconstrained build operations Thread 10"        [_thread_blocked, id=18188, stack(0x000000ee3a800000,0x000000ee3a900000) (1024K)]
  0x000002a326910c70 JavaThread "Unconstrained build operations Thread 11"        [_thread_blocked, id=25952, stack(0x000000ee3a900000,0x000000ee3aa00000) (1024K)]
  0x000002a326911440 JavaThread "Unconstrained build operations Thread 12"        [_thread_blocked, id=22116, stack(0x000000ee3aa00000,0x000000ee3ab00000) (1024K)]
  0x000002a32690fcd0 JavaThread "Unconstrained build operations Thread 13"        [_thread_blocked, id=3088, stack(0x000000ee3ab00000,0x000000ee3ac00000) (1024K)]
  0x000002a3269104a0 JavaThread "Unconstrained build operations Thread 14"        [_thread_blocked, id=26288, stack(0x000000ee3ac00000,0x000000ee3ad00000) (1024K)]
  0x000002a3260d5eb0 JavaThread "Unconstrained build operations Thread 15"        [_thread_blocked, id=22468, stack(0x000000ee3ad00000,0x000000ee3ae00000) (1024K)]
  0x000002a328923450 JavaThread "Unconstrained build operations Thread 16"        [_thread_blocked, id=28020, stack(0x000000ee36800000,0x000000ee36900000) (1024K)]
  0x000002a328923c20 JavaThread "Unconstrained build operations Thread 17"        [_thread_blocked, id=2696, stack(0x000000ee3ae00000,0x000000ee3af00000) (1024K)]
  0x000002a3289243f0 JavaThread "Unconstrained build operations Thread 18"        [_thread_blocked, id=25408, stack(0x000000ee3af00000,0x000000ee3b000000) (1024K)]
  0x000002a328924bc0 JavaThread "Unconstrained build operations Thread 19"        [_thread_blocked, id=24608, stack(0x000000ee3b000000,0x000000ee3b100000) (1024K)]
  0x000002a32667c410 JavaThread "Unconstrained build operations Thread 20"        [_thread_blocked, id=10352, stack(0x000000ee3b100000,0x000000ee3b200000) (1024K)]
  0x000002a32667aca0 JavaThread "Unconstrained build operations Thread 21"        [_thread_blocked, id=9768, stack(0x000000ee3b200000,0x000000ee3b300000) (1024K)]
  0x000002a32667b470 JavaThread "Unconstrained build operations Thread 22"        [_thread_blocked, id=18836, stack(0x000000ee3b300000,0x000000ee3b400000) (1024K)]
  0x000002a32667cbe0 JavaThread "Unconstrained build operations Thread 23"        [_thread_blocked, id=22288, stack(0x000000ee3b400000,0x000000ee3b500000) (1024K)]
  0x000002a32667bc40 JavaThread "Unconstrained build operations Thread 24"        [_thread_blocked, id=22792, stack(0x000000ee3b500000,0x000000ee3b600000) (1024K)]
  0x000002a32667d3b0 JavaThread "Unconstrained build operations Thread 25"        [_thread_blocked, id=22276, stack(0x000000ee3b600000,0x000000ee3b700000) (1024K)]
  0x000002a32667db80 JavaThread "Unconstrained build operations Thread 26"        [_thread_blocked, id=30780, stack(0x000000ee3b700000,0x000000ee3b800000) (1024K)]
  0x000002a32667a4d0 JavaThread "Unconstrained build operations Thread 27"        [_thread_blocked, id=12044, stack(0x000000ee3b800000,0x000000ee3b900000) (1024K)]
  0x000002a322b7faa0 JavaThread "Unconstrained build operations Thread 28"        [_thread_blocked, id=24924, stack(0x000000ee3b900000,0x000000ee3ba00000) (1024K)]
  0x000002a322b80a40 JavaThread "Unconstrained build operations Thread 29"        [_thread_blocked, id=35828, stack(0x000000ee3ba00000,0x000000ee3bb00000) (1024K)]
  0x000002a322b80270 JavaThread "Unconstrained build operations Thread 30"        [_thread_blocked, id=18368, stack(0x000000ee3bb00000,0x000000ee3bc00000) (1024K)]
  0x000002a322b81210 JavaThread "Unconstrained build operations Thread 31"        [_thread_blocked, id=27928, stack(0x000000ee3bc00000,0x000000ee3bd00000) (1024K)]
  0x000002a322b819e0 JavaThread "Unconstrained build operations Thread 32"        [_thread_blocked, id=27568, stack(0x000000ee3bd00000,0x000000ee3be00000) (1024K)]
  0x000002a322b821b0 JavaThread "Unconstrained build operations Thread 33"        [_thread_blocked, id=10028, stack(0x000000ee3be00000,0x000000ee3bf00000) (1024K)]
  0x000002a322b82980 JavaThread "Unconstrained build operations Thread 34"        [_thread_blocked, id=26316, stack(0x000000ee3bf00000,0x000000ee3c000000) (1024K)]
  0x000002a322b7f2d0 JavaThread "Unconstrained build operations Thread 35"        [_thread_blocked, id=24324, stack(0x000000ee3c000000,0x000000ee3c100000) (1024K)]
  0x000002a32810fa00 JavaThread "Unconstrained build operations Thread 36"        [_thread_blocked, id=10036, stack(0x000000ee3c100000,0x000000ee3c200000) (1024K)]
  0x000002a3281130b0 JavaThread "Unconstrained build operations Thread 37"        [_thread_blocked, id=22300, stack(0x000000ee3c200000,0x000000ee3c300000) (1024K)]
  0x000002a3281128e0 JavaThread "Unconstrained build operations Thread 38"        [_thread_blocked, id=17828, stack(0x000000ee3c300000,0x000000ee3c400000) (1024K)]
  0x000002a328112110 JavaThread "Unconstrained build operations Thread 39"        [_thread_blocked, id=27968, stack(0x000000ee3c400000,0x000000ee3c500000) (1024K)]
  0x000002a3281101d0 JavaThread "Unconstrained build operations Thread 40"        [_thread_blocked, id=9836, stack(0x000000ee3c500000,0x000000ee3c600000) (1024K)]
  0x000002a3281109a0 JavaThread "Unconstrained build operations Thread 41"        [_thread_blocked, id=30964, stack(0x000000ee3c600000,0x000000ee3c700000) (1024K)]
  0x000002a328111170 JavaThread "Unconstrained build operations Thread 42"        [_thread_blocked, id=5800, stack(0x000000ee3c700000,0x000000ee3c800000) (1024K)]
  0x000002a328111940 JavaThread "Unconstrained build operations Thread 43"        [_thread_blocked, id=22368, stack(0x000000ee3c800000,0x000000ee3c900000) (1024K)]
  0x000002a322cdb8b0 JavaThread "Unconstrained build operations Thread 44"        [_thread_blocked, id=24960, stack(0x000000ee3c900000,0x000000ee3ca00000) (1024K)]
  0x000002a322cdc850 JavaThread "Unconstrained build operations Thread 45"        [_thread_blocked, id=24420, stack(0x000000ee3ca00000,0x000000ee3cb00000) (1024K)]
  0x000002a322cdc080 JavaThread "Unconstrained build operations Thread 46"        [_thread_blocked, id=34840, stack(0x000000ee3cb00000,0x000000ee3cc00000) (1024K)]
  0x000002a322cddfc0 JavaThread "Unconstrained build operations Thread 47"        [_thread_blocked, id=17680, stack(0x000000ee3cc00000,0x000000ee3cd00000) (1024K)]
  0x000002a322cda910 JavaThread "Unconstrained build operations Thread 48"        [_thread_blocked, id=32536, stack(0x000000ee3cd00000,0x000000ee3ce00000) (1024K)]
  0x000002a32319e040 JavaThread "Unconstrained build operations Thread 49"        [_thread_blocked, id=17868, stack(0x000000ee36b00000,0x000000ee36c00000) (1024K)]
  0x000002a32151abe0 JavaThread "Unconstrained build operations Thread 50"        [_thread_blocked, id=17640, stack(0x000000ee36c00000,0x000000ee36d00000) (1024K)]
  0x000002a32151bb80 JavaThread "Unconstrained build operations Thread 51"        [_thread_blocked, id=17700, stack(0x000000ee37900000,0x000000ee37a00000) (1024K)]
  0x000002a32151c350 JavaThread "Unconstrained build operations Thread 52"        [_thread_blocked, id=27592, stack(0x000000ee3cf00000,0x000000ee3d000000) (1024K)]
  0x000002a32151b3b0 JavaThread "Unconstrained build operations Thread 53"        [_thread_blocked, id=6412, stack(0x000000ee3d000000,0x000000ee3d100000) (1024K)]
  0x000002a32151cb20 JavaThread "Unconstrained build operations Thread 54"        [_thread_blocked, id=33528, stack(0x000000ee3d100000,0x000000ee3d200000) (1024K)]
  0x000002a321519470 JavaThread "Unconstrained build operations Thread 55"        [_thread_blocked, id=11780, stack(0x000000ee3d200000,0x000000ee3d300000) (1024K)]
  0x000002a321519c40 JavaThread "Unconstrained build operations Thread 56"        [_thread_blocked, id=24992, stack(0x000000ee3d300000,0x000000ee3d400000) (1024K)]
  0x000002a32151a410 JavaThread "Unconstrained build operations Thread 57"        [_thread_blocked, id=13344, stack(0x000000ee3d400000,0x000000ee3d500000) (1024K)]
  0x000002a340f77190 JavaThread "Unconstrained build operations Thread 58"        [_thread_blocked, id=33776, stack(0x000000ee3d500000,0x000000ee3d600000) (1024K)]
  0x000002a340f77960 JavaThread "Unconstrained build operations Thread 59"        [_thread_blocked, id=14160, stack(0x000000ee3d600000,0x000000ee3d700000) (1024K)]
  0x000002a330b701d0 JavaThread "Unconstrained build operations Thread 60"        [_thread_blocked, id=23224, stack(0x000000ee3e000000,0x000000ee3e100000) (1024K)]
  0x000002a321a393b0 JavaThread "Unconstrained build operations Thread 61"        [_thread_blocked, id=13384, stack(0x000000ee3e100000,0x000000ee3e200000) (1024K)]
  0x000002a321a3a350 JavaThread "Unconstrained build operations Thread 62"        [_thread_blocked, id=29772, stack(0x000000ee3e200000,0x000000ee3e300000) (1024K)]
  0x000002a321a38be0 JavaThread "Unconstrained build operations Thread 63"        [_thread_blocked, id=13584, stack(0x000000ee3e300000,0x000000ee3e400000) (1024K)]
  0x000002a321a39b80 JavaThread "Unconstrained build operations Thread 64"        [_thread_blocked, id=33392, stack(0x000000ee3e400000,0x000000ee3e500000) (1024K)]
  0x000002a324252b20 JavaThread "Unconstrained build operations Thread 65"        [_thread_blocked, id=8356, stack(0x000000ee3e500000,0x000000ee3e600000) (1024K)]
  0x000002a324251b80 JavaThread "Unconstrained build operations Thread 66"        [_thread_blocked, id=25076, stack(0x000000ee3e600000,0x000000ee3e700000) (1024K)]
  0x000002a324252350 JavaThread "Unconstrained build operations Thread 67"        [_thread_blocked, id=29044, stack(0x000000ee3e700000,0x000000ee3e800000) (1024K)]
  0x000002a3242513b0 JavaThread "Unconstrained build operations Thread 68"        [_thread_blocked, id=21864, stack(0x000000ee3e800000,0x000000ee3e900000) (1024K)]
  0x000002a32bcf96a0 JavaThread "Unconstrained build operations Thread 69"        [_thread_blocked, id=35068, stack(0x000000ee3e900000,0x000000ee3ea00000) (1024K)]
  0x000002a32bcfa640 JavaThread "Unconstrained build operations Thread 70"        [_thread_blocked, id=28156, stack(0x000000ee3ea00000,0x000000ee3eb00000) (1024K)]
  0x000002a32bcf8700 JavaThread "Unconstrained build operations Thread 71"        [_thread_blocked, id=28364, stack(0x000000ee3eb00000,0x000000ee3ec00000) (1024K)]
  0x000002a32bcf9e70 JavaThread "Unconstrained build operations Thread 72"        [_thread_blocked, id=23796, stack(0x000000ee3ec00000,0x000000ee3ed00000) (1024K)]
  0x000002a32bcfb5e0 JavaThread "Unconstrained build operations Thread 73"        [_thread_blocked, id=17436, stack(0x000000ee3ed00000,0x000000ee3ee00000) (1024K)]
  0x000002a32bcfae10 JavaThread "Unconstrained build operations Thread 74"        [_thread_blocked, id=21876, stack(0x000000ee3ee00000,0x000000ee3ef00000) (1024K)]
  0x000002a32bcf7f30 JavaThread "Unconstrained build operations Thread 75"        [_thread_blocked, id=5036, stack(0x000000ee3ef00000,0x000000ee3f000000) (1024K)]
  0x000002a32bcf8ed0 JavaThread "Unconstrained build operations Thread 76"        [_thread_blocked, id=11352, stack(0x000000ee3f000000,0x000000ee3f100000) (1024K)]
  0x000002a32190a4f0 JavaThread "Unconstrained build operations Thread 77"        [_thread_blocked, id=29316, stack(0x000000ee3f100000,0x000000ee3f200000) (1024K)]
  0x000002a32c090b90 JavaThread "Unconstrained build operations Thread 78"        [_thread_blocked, id=33896, stack(0x000000ee3de00000,0x000000ee3df00000) (1024K)]
  0x000002a32c0903c0 JavaThread "Unconstrained build operations Thread 79"        [_thread_blocked, id=26476, stack(0x000000ee3df00000,0x000000ee3e000000) (1024K)]
  0x000002a32c08fbf0 JavaThread "Unconstrained build operations Thread 80"        [_thread_blocked, id=18528, stack(0x000000ee3f200000,0x000000ee3f300000) (1024K)]
  0x000002a32c08f420 JavaThread "Unconstrained build operations Thread 81"        [_thread_blocked, id=13832, stack(0x000000ee3f300000,0x000000ee3f400000) (1024K)]
  0x000002a329f168f0 JavaThread "Unconstrained build operations Thread 82"        [_thread_blocked, id=28848, stack(0x000000ee3f400000,0x000000ee3f500000) (1024K)]
  0x000002a329f170c0 JavaThread "Unconstrained build operations Thread 83"        [_thread_blocked, id=24196, stack(0x000000ee3f500000,0x000000ee3f600000) (1024K)]
  0x000002a329f15180 JavaThread "Unconstrained build operations Thread 84"        [_thread_blocked, id=30500, stack(0x000000ee3f600000,0x000000ee3f700000) (1024K)]
  0x000002a329f17890 JavaThread "Unconstrained build operations Thread 85"        [_thread_blocked, id=25676, stack(0x000000ee3f700000,0x000000ee3f800000) (1024K)]
  0x000002a329f149b0 JavaThread "Unconstrained build operations Thread 86"        [_thread_blocked, id=21856, stack(0x000000ee3f800000,0x000000ee3f900000) (1024K)]
  0x000002a329f18060 JavaThread "Unconstrained build operations Thread 87"        [_thread_blocked, id=33788, stack(0x000000ee3f900000,0x000000ee3fa00000) (1024K)]
  0x000002a329f15950 JavaThread "Unconstrained build operations Thread 88"        [_thread_blocked, id=2604, stack(0x000000ee3fa00000,0x000000ee3fb00000) (1024K)]
  0x000002a329f16120 JavaThread "Unconstrained build operations Thread 89"        [_thread_blocked, id=12696, stack(0x000000ee3fb00000,0x000000ee3fc00000) (1024K)]
  0x000002a328a255f0 JavaThread "Unconstrained build operations Thread 90"        [_thread_blocked, id=28084, stack(0x000000ee3fc00000,0x000000ee3fd00000) (1024K)]
  0x000002a328a25dc0 JavaThread "Unconstrained build operations Thread 91"        [_thread_blocked, id=18176, stack(0x000000ee3fd00000,0x000000ee3fe00000) (1024K)]
  0x000002a328a26590 JavaThread "Unconstrained build operations Thread 92"        [_thread_blocked, id=34896, stack(0x000000ee3fe00000,0x000000ee3ff00000) (1024K)]
  0x000002a328a22ee0 JavaThread "Unconstrained build operations Thread 93"        [_thread_blocked, id=22480, stack(0x000000ee3ff00000,0x000000ee40000000) (1024K)]
  0x000002a328a24650 JavaThread "Unconstrained build operations Thread 94"        [_thread_blocked, id=22588, stack(0x000000ee40000000,0x000000ee40100000) (1024K)]
  0x000002a328a236b0 JavaThread "Unconstrained build operations Thread 95"        [_thread_blocked, id=35268, stack(0x000000ee40100000,0x000000ee40200000) (1024K)]
  0x000002a328a24e20 JavaThread "Unconstrained build operations Thread 96"        [_thread_blocked, id=35500, stack(0x000000ee40200000,0x000000ee40300000) (1024K)]
  0x000002a328a23e80 JavaThread "Unconstrained build operations Thread 97"        [_thread_blocked, id=28352, stack(0x000000ee40300000,0x000000ee40400000) (1024K)]
  0x000002a324b04d90 JavaThread "Unconstrained build operations Thread 98"        [_thread_blocked, id=13500, stack(0x000000ee40400000,0x000000ee40500000) (1024K)]
  0x000002a324b05560 JavaThread "Unconstrained build operations Thread 99"        [_thread_blocked, id=31908, stack(0x000000ee40500000,0x000000ee40600000) (1024K)]
  0x000002a324b06500 JavaThread "Unconstrained build operations Thread 100"        [_thread_blocked, id=11840, stack(0x000000ee40600000,0x000000ee40700000) (1024K)]
  0x000002a324b06cd0 JavaThread "Unconstrained build operations Thread 101"        [_thread_blocked, id=34996, stack(0x000000ee40700000,0x000000ee40800000) (1024K)]
  0x000002a324b045c0 JavaThread "Unconstrained build operations Thread 102"        [_thread_blocked, id=24916, stack(0x000000ee40800000,0x000000ee40900000) (1024K)]
  0x000002a324b074a0 JavaThread "Unconstrained build operations Thread 103"        [_thread_blocked, id=19660, stack(0x000000ee40900000,0x000000ee40a00000) (1024K)]
  0x000002a324b05d30 JavaThread "Unconstrained build operations Thread 104"        [_thread_blocked, id=23436, stack(0x000000ee40a00000,0x000000ee40b00000) (1024K)]
  0x000002a324b03df0 JavaThread "Unconstrained build operations Thread 105"        [_thread_blocked, id=27580, stack(0x000000ee40b00000,0x000000ee40c00000) (1024K)]
  0x000002a325cec920 JavaThread "Unconstrained build operations Thread 106"        [_thread_blocked, id=24568, stack(0x000000ee40c00000,0x000000ee40d00000) (1024K)]
  0x000002a32bf90b90 JavaThread "Memory manager"                    [_thread_blocked, id=22416, stack(0x000000ee3ce00000,0x000000ee3cf00000) (1024K)]
  0x000002a32bf92300 JavaThread "build event listener"              [_thread_blocked, id=5352, stack(0x000000ee3dc00000,0x000000ee3dd00000) (1024K)]
  0x000002a3249876f0 JavaThread "included builds"                   [_thread_blocked, id=18268, stack(0x000000ee3db00000,0x000000ee3dc00000) (1024K)]
  0x000002a325321ec0 JavaThread "Execution worker"                  [_thread_blocked, id=28344, stack(0x000000ee3dd00000,0x000000ee3de00000) (1024K)]
  0x000002a325324da0 JavaThread "Execution worker Thread 2"         [_thread_blocked, id=17524, stack(0x000000ee40d00000,0x000000ee40e00000) (1024K)]
  0x000002a32765e670 JavaThread "Execution worker Thread 3"         [_thread_blocked, id=34756, stack(0x000000ee40e00000,0x000000ee40f00000) (1024K)]
  0x000002a327661d20 JavaThread "Execution worker Thread 4"         [_thread_blocked, id=17320, stack(0x000000ee40f00000,0x000000ee41000000) (1024K)]
  0x000002a32765ee40 JavaThread "Execution worker Thread 5"         [_thread_blocked, id=4464, stack(0x000000ee41000000,0x000000ee41100000) (1024K)]
  0x000002a32765fde0 JavaThread "Execution worker Thread 6"         [_thread_blocked, id=4872, stack(0x000000ee41100000,0x000000ee41200000) (1024K)]
  0x000002a327661550 JavaThread "Execution worker Thread 7"         [_thread_blocked, id=17596, stack(0x000000ee41200000,0x000000ee41300000) (1024K)]
  0x000002a32765f610 JavaThread "Execution worker Thread 8"         [_thread_blocked, id=22356, stack(0x000000ee41300000,0x000000ee41400000) (1024K)]
  0x000002a3276605b0 JavaThread "Execution worker Thread 9"         [_thread_blocked, id=22404, stack(0x000000ee41400000,0x000000ee41500000) (1024K)]
  0x000002a321a3cb30 JavaThread "Execution worker Thread 10"        [_thread_blocked, id=22400, stack(0x000000ee41500000,0x000000ee41600000) (1024K)]
  0x000002a321a3c360 JavaThread "Execution worker Thread 11"        [_thread_blocked, id=23468, stack(0x000000ee41600000,0x000000ee41700000) (1024K)]
  0x000002a321a3abf0 JavaThread "Execution worker Thread 12"        [_thread_blocked, id=13960, stack(0x000000ee41700000,0x000000ee41800000) (1024K)]
  0x000002a321a3dad0 JavaThread "Execution worker Thread 13"        [_thread_blocked, id=22376, stack(0x000000ee41800000,0x000000ee41900000) (1024K)]
  0x000002a321a3e2a0 JavaThread "Execution worker Thread 14"        [_thread_blocked, id=22396, stack(0x000000ee41900000,0x000000ee41a00000) (1024K)]
  0x000002a321a3b3c0 JavaThread "Execution worker Thread 15"        [_thread_blocked, id=5960, stack(0x000000ee41a00000,0x000000ee41b00000) (1024K)]
  0x000002a328286df0 JavaThread "Execution worker Thread 16"        [_thread_blocked, id=22344, stack(0x000000ee41b00000,0x000000ee41c00000) (1024K)]
  0x000002a328283740 JavaThread "Execution worker Thread 17"        [_thread_blocked, id=2716, stack(0x000000ee41c00000,0x000000ee41d00000) (1024K)]
  0x000002a328285e50 JavaThread "Execution worker Thread 18"        [_thread_blocked, id=22440, stack(0x000000ee41d00000,0x000000ee41e00000) (1024K)]
  0x000002a328285680 JavaThread "Execution worker Thread 19"        [_thread_blocked, id=34052, stack(0x000000ee41e00000,0x000000ee41f00000) (1024K)]
  0x000002a328283f10 JavaThread "Execution worker Thread 20"        [_thread_blocked, id=14696, stack(0x000000ee41f00000,0x000000ee42000000) (1024K)]
  0x000002a3282846e0 JavaThread "Execution worker Thread 21"        [_thread_blocked, id=14776, stack(0x000000ee42000000,0x000000ee42100000) (1024K)]
  0x000002a328284eb0 JavaThread "Execution worker Thread 22"        [_thread_blocked, id=13184, stack(0x000000ee42100000,0x000000ee42200000) (1024K)]
  0x000002a328286620 JavaThread "Execution worker Thread 23"        [_thread_blocked, id=30376, stack(0x000000ee42200000,0x000000ee42300000) (1024K)]
  0x000002a327a43f70 JavaThread "Execution worker Thread 24"        [_thread_blocked, id=32024, stack(0x000000ee42300000,0x000000ee42400000) (1024K)]
  0x000002a327a44740 JavaThread "Execution worker Thread 25"        [_thread_blocked, id=22384, stack(0x000000ee42400000,0x000000ee42500000) (1024K)]
  0x000002a327a41090 JavaThread "Execution worker Thread 26"        [_thread_blocked, id=25852, stack(0x000000ee42500000,0x000000ee42600000) (1024K)]
  0x000002a327fc0a00 JavaThread "Execution worker Thread 27"        [_thread_blocked, id=3180, stack(0x000000ee42600000,0x000000ee42700000) (1024K)]
  0x000002a327fbe2f0 JavaThread "Execution worker Thread 28"        [_thread_blocked, id=19140, stack(0x000000ee42700000,0x000000ee42800000) (1024K)]
  0x000002a327fc19a0 JavaThread "Execution worker Thread 29"        [_thread_blocked, id=30792, stack(0x000000ee42800000,0x000000ee42900000) (1024K)]
  0x000002a327fbf290 JavaThread "Execution worker Thread 30"        [_thread_blocked, id=33520, stack(0x000000ee42900000,0x000000ee42a00000) (1024K)]
  0x000002a327fc0230 JavaThread "Execution worker Thread 31"        [_thread_blocked, id=26432, stack(0x000000ee42a00000,0x000000ee42b00000) (1024K)]
  0x000002a3307647c0 JavaThread "Cache worker for execution history cache (C:\dev\flutter\packages\flutter_tools\gradle\.gradle\9.1.0\executionHistory)"        [_thread_blocked, id=23288, stack(0x000000ee42b00000,0x000000ee42c00000) (1024K)]
  0x000002a324b07e00 JavaThread "Unconstrained build operations Thread 107"        [_thread_blocked, id=33588, stack(0x000000ee42c00000,0x000000ee42d00000) (1024K)]
  0x000002a324b09570 JavaThread "Unconstrained build operations Thread 108"        [_thread_blocked, id=24308, stack(0x000000ee42d00000,0x000000ee42e00000) (1024K)]
  0x000002a324b085d0 JavaThread "Unconstrained build operations Thread 109"        [_thread_blocked, id=14140, stack(0x000000ee42e00000,0x000000ee42f00000) (1024K)]
  0x000002a324b0ace0 JavaThread "Unconstrained build operations Thread 110"        [_thread_blocked, id=35204, stack(0x000000ee42f00000,0x000000ee43000000) (1024K)]
  0x000002a324b0b4b0 JavaThread "Unconstrained build operations Thread 111"        [_thread_blocked, id=4964, stack(0x000000ee43000000,0x000000ee43100000) (1024K)]
  0x000002a3225fd260 JavaThread "Unconstrained build operations Thread 112"        [_thread_blocked, id=18984, stack(0x000000ee43100000,0x000000ee43200000) (1024K)]
  0x000002a3319f4ae0 JavaThread "Unconstrained build operations Thread 113"        [_thread_blocked, id=23920, stack(0x000000ee43200000,0x000000ee43300000) (1024K)]
  0x000002a3319f52b0 JavaThread "Unconstrained build operations Thread 114"        [_thread_blocked, id=6476, stack(0x000000ee43300000,0x000000ee43400000) (1024K)]
  0x000002a3319f5a80 JavaThread "Unconstrained build operations Thread 115"        [_thread_blocked, id=22092, stack(0x000000ee43400000,0x000000ee43500000) (1024K)]
  0x000002a3215cd110 JavaThread "Unconstrained build operations Thread 116"        [_thread_blocked, id=25020, stack(0x000000ee43500000,0x000000ee43600000) (1024K)]
  0x000002a3215ce0b0 JavaThread "Unconstrained build operations Thread 117"        [_thread_blocked, id=22128, stack(0x000000ee43600000,0x000000ee43700000) (1024K)]
  0x000002a32a5edcd0 JavaThread "Unconstrained build operations Thread 118"        [_thread_blocked, id=22388, stack(0x000000ee3d800000,0x000000ee3d900000) (1024K)]
  0x000002a32a5ee4a0 JavaThread "Unconstrained build operations Thread 119"        [_thread_blocked, id=14768, stack(0x000000ee43700000,0x000000ee43800000) (1024K)]
  0x000002a326765b50 JavaThread "Unconstrained build operations Thread 120"        [_thread_blocked, id=13620, stack(0x000000ee43800000,0x000000ee43900000) (1024K)]
  0x000002a326766af0 JavaThread "Unconstrained build operations Thread 121"        [_thread_blocked, id=7072, stack(0x000000ee43900000,0x000000ee43a00000) (1024K)]
  0x000002a3243055f0 JavaThread "Unconstrained build operations Thread 122"        [_thread_blocked, id=22564, stack(0x000000ee43a00000,0x000000ee43b00000) (1024K)]
  0x000002a32a5ef440 JavaThread "Unconstrained build operations Thread 123"        [_thread_blocked, id=6380, stack(0x000000ee43c00000,0x000000ee43d00000) (1024K)]
  0x000002a32a5efc10 JavaThread "Unconstrained build operations Thread 124"        [_thread_blocked, id=28552, stack(0x000000ee43d00000,0x000000ee43e00000) (1024K)]
  0x000002a329b04c60 JavaThread "Unconstrained build operations Thread 125"        [_thread_blocked, id=17568, stack(0x000000ee43e00000,0x000000ee43f00000) (1024K)]
  0x000002a3215cb9a0 JavaThread "Unconstrained build operations Thread 126"        [_thread_blocked, id=7420, stack(0x000000ee3d700000,0x000000ee3d800000) (1024K)]
  0x000002a3215cd8e0 JavaThread "Unconstrained build operations Thread 127"        [_thread_blocked, id=13108, stack(0x000000ee43b00000,0x000000ee43c00000) (1024K)]
  0x000002a3318fb050 JavaThread "Unconstrained build operations Thread 128"        [_thread_blocked, id=35392, stack(0x000000ee43f00000,0x000000ee44000000) (1024K)]
  0x000002a3318fa0b0 JavaThread "Unconstrained build operations Thread 129"        [_thread_blocked, id=20400, stack(0x000000ee44000000,0x000000ee44100000) (1024K)]
  0x000002a3318f9110 JavaThread "Unconstrained build operations Thread 130"        [_thread_blocked, id=8732, stack(0x000000ee44100000,0x000000ee44200000) (1024K)]
  0x000002a3318fbff0 JavaThread "Unconstrained build operations Thread 131"        [_thread_blocked, id=13644, stack(0x000000ee44200000,0x000000ee44300000) (1024K)]
  0x000002a3318fb820 JavaThread "Unconstrained build operations Thread 132"        [_thread_blocked, id=18904, stack(0x000000ee44300000,0x000000ee44400000) (1024K)]
  0x000002a3318fa880 JavaThread "Unconstrained build operations Thread 133"        [_thread_blocked, id=20408, stack(0x000000ee44400000,0x000000ee44500000) (1024K)]
  0x000002a3249ed830 JavaThread "Unconstrained build operations Thread 134"        [_thread_blocked, id=5568, stack(0x000000ee44500000,0x000000ee44600000) (1024K)]
  0x000002a3249ed060 JavaThread "Unconstrained build operations Thread 135"        [_thread_blocked, id=4324, stack(0x000000ee44600000,0x000000ee44700000) (1024K)]
  0x000002a3249ea180 JavaThread "Unconstrained build operations Thread 136"        [_thread_blocked, id=11972, stack(0x000000ee44700000,0x000000ee44800000) (1024K)]
  0x000002a3249eb8f0 JavaThread "Unconstrained build operations Thread 137"        [_thread_blocked, id=24416, stack(0x000000ee44800000,0x000000ee44900000) (1024K)]
  0x000002a324305dc0 JavaThread "Unconstrained build operations Thread 138"        [_thread_blocked, id=35528, stack(0x000000ee44900000,0x000000ee44a00000) (1024K)]
  0x000002a324307d00 JavaThread "Unconstrained build operations Thread 139"        [_thread_blocked, id=29632, stack(0x000000ee44a00000,0x000000ee44b00000) (1024K)]
  0x000002a324306590 JavaThread "Unconstrained build operations Thread 140"        [_thread_blocked, id=27960, stack(0x000000ee44b00000,0x000000ee44c00000) (1024K)]
  0x000002a32a073f40 JavaThread "Unconstrained build operations Thread 141"        [_thread_blocked, id=5200, stack(0x000000ee44c00000,0x000000ee44d00000) (1024K)]
  0x000002a3314ed890 JavaThread "Unconstrained build operations Thread 142"        [_thread_blocked, id=13092, stack(0x000000ee44d00000,0x000000ee44e00000) (1024K)]
  0x000002a3314ee060 JavaThread "Unconstrained build operations Thread 143"        [_thread_blocked, id=28060, stack(0x000000ee44e00000,0x000000ee44f00000) (1024K)]
  0x000002a3314ed0c0 JavaThread "Unconstrained build operations Thread 144"        [_thread_blocked, id=34428, stack(0x000000ee44f00000,0x000000ee45000000) (1024K)]
  0x000002a3314effa0 JavaThread "Unconstrained build operations Thread 145"        [_thread_blocked, id=9516, stack(0x000000ee45000000,0x000000ee45100000) (1024K)]
  0x000002a3314f0770 JavaThread "Unconstrained build operations Thread 146"        [_thread_blocked, id=3040, stack(0x000000ee45100000,0x000000ee45200000) (1024K)]
  0x000002a3314ee830 JavaThread "Unconstrained build operations Thread 147"        [_thread_blocked, id=9864, stack(0x000000ee45400000,0x000000ee45500000) (1024K)]
  0x000002a3314ef000 JavaThread "Unconstrained build operations Thread 148"        [_thread_blocked, id=16200, stack(0x000000ee45500000,0x000000ee45600000) (1024K)]
  0x000002a3314ef7d0 JavaThread "Unconstrained build operations Thread 149"        [_thread_blocked, id=34184, stack(0x000000ee45600000,0x000000ee45700000) (1024K)]
  0x000002a327b1b1c0 JavaThread "Unconstrained build operations Thread 150"        [_thread_blocked, id=15300, stack(0x000000ee45700000,0x000000ee45800000) (1024K)]
  0x000002a327b1c930 JavaThread "Unconstrained build operations Thread 151"        [_thread_blocked, id=32584, stack(0x000000ee45800000,0x000000ee45900000) (1024K)]
  0x000002a327b1d100 JavaThread "Unconstrained build operations Thread 152"        [_thread_blocked, id=32588, stack(0x000000ee45900000,0x000000ee45a00000) (1024K)]
  0x000002a327b1a9f0 JavaThread "Unconstrained build operations Thread 153"        [_thread_blocked, id=2672, stack(0x000000ee45a00000,0x000000ee45b00000) (1024K)]
  0x000002a327b1b990 JavaThread "Unconstrained build operations Thread 154"        [_thread_blocked, id=23184, stack(0x000000ee45b00000,0x000000ee45c00000) (1024K)]
  0x000002a327b1e0a0 JavaThread "Unconstrained build operations Thread 155"        [_thread_blocked, id=35372, stack(0x000000ee45c00000,0x000000ee45d00000) (1024K)]
  0x000002a322a0a740 JavaThread "Unconstrained build operations Thread 156"        [_thread_blocked, id=13912, stack(0x000000ee45d00000,0x000000ee45e00000) (1024K)]
  0x000002a322a08800 JavaThread "Unconstrained build operations Thread 157"        [_thread_blocked, id=15632, stack(0x000000ee45e00000,0x000000ee45f00000) (1024K)]
  0x000002a322a07090 JavaThread "Unconstrained build operations Thread 158"        [_thread_blocked, id=11864, stack(0x000000ee45f00000,0x000000ee46000000) (1024K)]
  0x000002a322a08fd0 JavaThread "Unconstrained build operations Thread 159"        [_thread_blocked, id=4264, stack(0x000000ee46000000,0x000000ee46100000) (1024K)]
  0x000002a322a09f70 JavaThread "Unconstrained build operations Thread 160"        [_thread_blocked, id=16916, stack(0x000000ee46100000,0x000000ee46200000) (1024K)]
  0x000002a322a097a0 JavaThread "Unconstrained build operations Thread 161"        [_thread_blocked, id=17652, stack(0x000000ee46200000,0x000000ee46300000) (1024K)]
  0x000002a3249ec890 JavaThread "Unconstrained build operations Thread 162"        [_thread_blocked, id=4416, stack(0x000000ee46300000,0x000000ee46400000) (1024K)]
  0x000002a322f97d00 JavaThread "Unconstrained build operations Thread 163"        [_thread_blocked, id=30436, stack(0x000000ee46400000,0x000000ee46500000) (1024K)]
  0x000002a322f96d60 JavaThread "Unconstrained build operations Thread 164"        [_thread_blocked, id=18540, stack(0x000000ee46500000,0x000000ee46600000) (1024K)]
  0x000002a322f94650 JavaThread "Unconstrained build operations Thread 165"        [_thread_blocked, id=26056, stack(0x000000ee46600000,0x000000ee46700000) (1024K)]
  0x000002a322f97530 JavaThread "Unconstrained build operations Thread 166"        [_thread_blocked, id=18684, stack(0x000000ee46700000,0x000000ee46800000) (1024K)]
  0x000002a322f94e20 JavaThread "Unconstrained build operations Thread 167"        [_thread_blocked, id=12668, stack(0x000000ee46800000,0x000000ee46900000) (1024K)]
  0x000002a322f95dc0 JavaThread "Unconstrained build operations Thread 168"        [_thread_blocked, id=31912, stack(0x000000ee46900000,0x000000ee46a00000) (1024K)]
  0x000002a322f955f0 JavaThread "Unconstrained build operations Thread 169"        [_thread_blocked, id=2144, stack(0x000000ee46a00000,0x000000ee46b00000) (1024K)]
  0x000002a3314c3f80 JavaThread "Unconstrained build operations Thread 170"        [_thread_blocked, id=4992, stack(0x000000ee46b00000,0x000000ee46c00000) (1024K)]
  0x000002a3314c6fa0 JavaThread "Unconstrained build operations Thread 171"        [_thread_blocked, id=6060, stack(0x000000ee46c00000,0x000000ee46d00000) (1024K)]
  0x000002a3314c96b0 JavaThread "Unconstrained build operations Thread 172"        [_thread_blocked, id=35604, stack(0x000000ee46d00000,0x000000ee46e00000) (1024K)]
  0x000002a3314c8710 JavaThread "Unconstrained build operations Thread 173"        [_thread_blocked, id=22096, stack(0x000000ee46e00000,0x000000ee46f00000) (1024K)]
  0x000002a3314c7f40 JavaThread "Unconstrained build operations Thread 174"        [_thread_blocked, id=1688, stack(0x000000ee46f00000,0x000000ee47000000) (1024K)]
  0x000002a3314c8ee0 JavaThread "Unconstrained build operations Thread 175"        [_thread_blocked, id=3004, stack(0x000000ee47000000,0x000000ee47100000) (1024K)]
  0x000002a3278b1e80 JavaThread "Unconstrained build operations Thread 176"        [_thread_blocked, id=35632, stack(0x000000ee47100000,0x000000ee47200000) (1024K)]
  0x000002a32192b980 JavaThread "Unconstrained build operations Thread 177"        [_thread_blocked, id=22964, stack(0x000000ee47200000,0x000000ee47300000) (1024K)]
  0x000002a32192c150 JavaThread "Unconstrained build operations Thread 178"        [_thread_blocked, id=23464, stack(0x000000ee47300000,0x000000ee47400000) (1024K)]
  0x000002a32192b1b0 JavaThread "Unconstrained build operations Thread 179"        [_thread_blocked, id=25032, stack(0x000000ee47400000,0x000000ee47500000) (1024K)]
  0x000002a321929270 JavaThread "Unconstrained build operations Thread 180"        [_thread_blocked, id=3212, stack(0x000000ee47500000,0x000000ee47600000) (1024K)]
  0x000002a321928aa0 JavaThread "Unconstrained build operations Thread 181"        [_thread_blocked, id=34852, stack(0x000000ee47600000,0x000000ee47700000) (1024K)]
  0x000002a3314c6000 JavaThread "Unconstrained build operations Thread 182"        [_thread_blocked, id=22308, stack(0x000000ee36600000,0x000000ee36700000) (1024K)]
  0x000002a3314c67d0 JavaThread "Unconstrained build operations Thread 183"        [_thread_blocked, id=33760, stack(0x000000ee3d900000,0x000000ee3da00000) (1024K)]
  0x000002a3314c7770 JavaThread "Unconstrained build operations Thread 184"        [_thread_blocked, id=28296, stack(0x000000ee3da00000,0x000000ee3db00000) (1024K)]
  0x000002a3243084d0 JavaThread "Unconstrained build operations Thread 185"        [_thread_blocked, id=5804, stack(0x000000ee47800000,0x000000ee47900000) (1024K)]
  0x000002a3272205f0 JavaThread "C1 CompilerThread1"         daemon [_thread_blocked, id=4364, stack(0x000000ee47700000,0x000000ee47800000) (1024K)]
  0x000002a325eeb380 JavaThread "Unconstrained build operations Thread 186"        [_thread_blocked, id=23844, stack(0x000000ee47900000,0x000000ee47a00000) (1024K)]
  0x000002a325eebb50 JavaThread "Unconstrained build operations Thread 187"        [_thread_blocked, id=30056, stack(0x000000ee47a00000,0x000000ee47b00000) (1024K)]
  0x000002a325eeabb0 JavaThread "Unconstrained build operations Thread 188"        [_thread_blocked, id=7248, stack(0x000000ee47b00000,0x000000ee47c00000) (1024K)]
  0x000002a325eec320 JavaThread "Unconstrained build operations Thread 189"        [_thread_blocked, id=23512, stack(0x000000ee47c00000,0x000000ee47d00000) (1024K)]
  0x000002a325ee8c70 JavaThread "Unconstrained build operations Thread 190"        [_thread_blocked, id=22272, stack(0x000000ee47d00000,0x000000ee47e00000) (1024K)]
  0x000002a325eea3e0 JavaThread "Unconstrained build operations Thread 191"        [_thread_blocked, id=2292, stack(0x000000ee47e00000,0x000000ee47f00000) (1024K)]
  0x000002a325ee9440 JavaThread "Unconstrained build operations Thread 192"        [_thread_blocked, id=13700, stack(0x000000ee47f00000,0x000000ee48000000) (1024K)]
  0x000002a325ee9c10 JavaThread "Unconstrained build operations Thread 193"        [_thread_blocked, id=34664, stack(0x000000ee48000000,0x000000ee48100000) (1024K)]
  0x000002a3268ddf10 JavaThread "Unconstrained build operations Thread 194"        [_thread_in_Java, id=35644, stack(0x000000ee48100000,0x000000ee48200000) (1024K)]
  0x000002a3268deeb0 JavaThread "Unconstrained build operations Thread 195"        [_thread_in_native, id=28016, stack(0x000000ee48200000,0x000000ee48300000) (1024K)]
  0x000002a3268de6e0 JavaThread "Unconstrained build operations Thread 196"        [_thread_blocked, id=28840, stack(0x000000ee48300000,0x000000ee48400000) (1024K)]
  0x000002a3268dfe50 JavaThread "Unconstrained build operations Thread 197"        [_thread_blocked, id=34072, stack(0x000000ee48400000,0x000000ee48500000) (1024K)]
  0x000002a3268df680 JavaThread "Unconstrained build operations Thread 198"        [_thread_blocked, id=11256, stack(0x000000ee48500000,0x000000ee48600000) (1024K)]
  0x000002a32b8f67c0 JavaThread "Unconstrained build operations Thread 199"        [_thread_blocked, id=16000, stack(0x000000ee48600000,0x000000ee48700000) (1024K)]
  0x000002a32b8f5ff0 JavaThread "Unconstrained build operations Thread 200"        [_thread_blocked, id=22124, stack(0x000000ee48700000,0x000000ee48800000) (1024K)]
  0x000002a32b8f7f30 JavaThread "Unconstrained build operations Thread 201"        [_thread_blocked, id=25272, stack(0x000000ee48800000,0x000000ee48900000) (1024K)]
  0x000002a328852360 JavaThread "C1 CompilerThread2"         daemon [_thread_blocked, id=25376, stack(0x000000ee48900000,0x000000ee48a00000) (1024K)]
  0x000002a32a9a9b10 JavaThread "Unconstrained build operations Thread 202"        [_thread_blocked, id=8184, stack(0x000000ee48b00000,0x000000ee48c00000) (1024K)]
  0x000002a32a9a6c30 JavaThread "Unconstrained build operations Thread 203"        [_thread_blocked, id=28556, stack(0x000000ee48c00000,0x000000ee48d00000) (1024K)]
  0x000002a32a9a83a0 JavaThread "Unconstrained build operations Thread 204"        [_thread_blocked, id=22436, stack(0x000000ee48d00000,0x000000ee48e00000) (1024K)]
  0x000002a32258d1b0 JavaThread "Unconstrained build operations Thread 205"        [_thread_blocked, id=28232, stack(0x000000ee48e00000,0x000000ee48f00000) (1024K)]
  0x000002a32258d980 JavaThread "Unconstrained build operations Thread 206"        [_thread_blocked, id=10432, stack(0x000000ee48f00000,0x000000ee49000000) (1024K)]
  0x000002a32258e150 JavaThread "Unconstrained build operations Thread 207"        [_thread_blocked, id=17604, stack(0x000000ee49000000,0x000000ee49100000) (1024K)]
  0x000002a322974920 JavaThread "Unconstrained build operations Thread 208"        [_thread_in_native, id=17624, stack(0x000000ee49100000,0x000000ee49200000) (1024K)]
  0x000002a329b03cc0 JavaThread "Unconstrained build operations Thread 209"        [_thread_blocked, id=17632, stack(0x000000ee49200000,0x000000ee49300000) (1024K)]
  0x000002a3313f4170 JavaThread "Unconstrained build operations Thread 210"        [_thread_blocked, id=17688, stack(0x000000ee49300000,0x000000ee49400000) (1024K)]
  0x000002a329b04490 JavaThread "Unconstrained build operations Thread 211"        [_thread_blocked, id=17504, stack(0x000000ee49400000,0x000000ee49500000) (1024K)]
  0x000002a329b06ba0 JavaThread "Unconstrained build operations Thread 212"        [_thread_in_Java, id=17536, stack(0x000000ee49500000,0x000000ee49600000) (1024K)]
  0x000002a32c83ad30 JavaThread "Unconstrained build operations Thread 213"        [_thread_in_Java, id=31248, stack(0x000000ee49a00000,0x000000ee49b00000) (1024K)]
  0x000002a3211c2780 JavaThread "Unconstrained build operations Thread 214"        [_thread_blocked, id=6472, stack(0x000000ee49b00000,0x000000ee49c00000) (1024K)]
  0x000002a324a94bf0 JavaThread "Unconstrained build operations Thread 215"        [_thread_blocked, id=14048, stack(0x000000ee49700000,0x000000ee49800000) (1024K)]
  0x000002a324a93c50 JavaThread "Unconstrained build operations Thread 216"        [_thread_blocked, id=14576, stack(0x000000ee49800000,0x000000ee49900000) (1024K)]
  0x000002a329b07370 JavaThread "Unconstrained build operations Thread 217"        [_thread_blocked, id=34728, stack(0x000000ee48a00000,0x000000ee48b00000) (1024K)]
  0x000002a3316d67d0 JavaThread "Unconstrained build operations Thread 218"        [_thread_blocked, id=8324, stack(0x000000ee49600000,0x000000ee49700000) (1024K)]
  0x000002a3316d6fa0 JavaThread "Unconstrained build operations Thread 219"        [_thread_blocked, id=24712, stack(0x000000ee49900000,0x000000ee49a00000) (1024K)]
  0x000002a32c2c47f0 JavaThread "Unconstrained build operations Thread 220"        [_thread_blocked, id=34000, stack(0x000000ee49e00000,0x000000ee49f00000) (1024K)]
  0x000002a32c2c6f00 JavaThread "Unconstrained build operations Thread 221"        [_thread_blocked, id=10168, stack(0x000000ee49f00000,0x000000ee4a000000) (1024K)]
  0x000002a32c2c4fc0 JavaThread "Unconstrained build operations Thread 222"        [_thread_blocked, id=16660, stack(0x000000ee4a000000,0x000000ee4a100000) (1024K)]
  0x000002a32c2c6730 JavaThread "Unconstrained build operations Thread 223"        [_thread_blocked, id=16024, stack(0x000000ee4a100000,0x000000ee4a200000) (1024K)]
  0x000002a32c2c5f60 JavaThread "Unconstrained build operations Thread 224"        [_thread_blocked, id=18668, stack(0x000000ee4a200000,0x000000ee4a300000) (1024K)]
  0x000002a32c2c76d0 JavaThread "Unconstrained build operations Thread 225"        [_thread_blocked, id=29052, stack(0x000000ee4a300000,0x000000ee4a400000) (1024K)]
  0x000002a340812540 JavaThread "Unconstrained build operations Thread 226"        [_thread_blocked, id=13760, stack(0x000000ee4a400000,0x000000ee4a500000) (1024K)]
  0x000002a3408134e0 JavaThread "Unconstrained build operations Thread 227"        [_thread_blocked, id=25008, stack(0x000000ee4a500000,0x000000ee4a600000) (1024K)]
  0x000002a340812d10 JavaThread "Unconstrained build operations Thread 228"        [_thread_blocked, id=23960, stack(0x000000ee4a600000,0x000000ee4a700000) (1024K)]
  0x000002a340814480 JavaThread "Unconstrained build operations Thread 229"        [_thread_blocked, id=34524, stack(0x000000ee4a700000,0x000000ee4a800000) (1024K)]
  0x000002a340810dd0 JavaThread "Unconstrained build operations Thread 230"        [_thread_blocked, id=22132, stack(0x000000ee4a800000,0x000000ee4a900000) (1024K)]
  0x000002a340813cb0 JavaThread "Unconstrained build operations Thread 231"        [_thread_blocked, id=13592, stack(0x000000ee4a900000,0x000000ee4aa00000) (1024K)]
  0x000002a3408115a0 JavaThread "Unconstrained build operations Thread 232"        [_thread_blocked, id=25656, stack(0x000000ee4aa00000,0x000000ee4ab00000) (1024K)]
  0x000002a340811d70 JavaThread "Unconstrained build operations Thread 233"        [_thread_blocked, id=22452, stack(0x000000ee4ab00000,0x000000ee4ac00000) (1024K)]
  0x000002a3254bec40 JavaThread "Unconstrained build operations Thread 234"        [_thread_blocked, id=7244, stack(0x000000ee4ac00000,0x000000ee4ad00000) (1024K)]
  0x000002a3254bd4d0 JavaThread "Unconstrained build operations Thread 235"        [_thread_blocked, id=8708, stack(0x000000ee4ad00000,0x000000ee4ae00000) (1024K)]
  0x000002a3254bf410 JavaThread "Unconstrained build operations Thread 236"        [_thread_blocked, id=12952, stack(0x000000ee4ae00000,0x000000ee4af00000) (1024K)]
  0x000002a3254bcd00 JavaThread "Unconstrained build operations Thread 237"        [_thread_blocked, id=32000, stack(0x000000ee4af00000,0x000000ee4b000000) (1024K)]
  0x000002a3254bdca0 JavaThread "Unconstrained build operations Thread 238"        [_thread_blocked, id=29036, stack(0x000000ee4b000000,0x000000ee4b100000) (1024K)]
  0x000002a326271d70 JavaThread "Unconstrained build operations Thread 239"        [_thread_blocked, id=23432, stack(0x000000ee4b100000,0x000000ee4b200000) (1024K)]
  0x000002a326272d10 JavaThread "Unconstrained build operations Thread 240"        [_thread_blocked, id=23944, stack(0x000000ee4b200000,0x000000ee4b300000) (1024K)]
  0x000002a33154b7a0 JavaThread "Unconstrained build operations Thread 241"        [_thread_blocked, id=23196, stack(0x000000ee4b300000,0x000000ee4b400000) (1024K)]
  0x000002a33154afd0 JavaThread "Unconstrained build operations Thread 242"        [_thread_blocked, id=23176, stack(0x000000ee4b400000,0x000000ee4b500000) (1024K)]
  0x000002a33154a030 JavaThread "Unconstrained build operations Thread 243"        [_thread_blocked, id=7080, stack(0x000000ee4b500000,0x000000ee4b600000) (1024K)]
  0x000002a3315480f0 JavaThread "Unconstrained build operations Thread 244"        [_thread_blocked, id=2832, stack(0x000000ee4b600000,0x000000ee4b700000) (1024K)]
  0x000002a33154a800 JavaThread "Unconstrained build operations Thread 245"        [_thread_blocked, id=31064, stack(0x000000ee4b700000,0x000000ee4b800000) (1024K)]
  0x000002a3315488c0 JavaThread "Unconstrained build operations Thread 246"        [_thread_blocked, id=31052, stack(0x000000ee4b800000,0x000000ee4b900000) (1024K)]
  0x000002a331549090 JavaThread "Unconstrained build operations Thread 247"        [_thread_blocked, id=34032, stack(0x000000ee4b900000,0x000000ee4ba00000) (1024K)]
  0x000002a327ef03d0 JavaThread "Unconstrained build operations Thread 248"        [_thread_blocked, id=28852, stack(0x000000ee4bb00000,0x000000ee4bc00000) (1024K)]
  0x000002a327ef0ba0 JavaThread "Unconstrained build operations Thread 249"        [_thread_blocked, id=22464, stack(0x000000ee4bc00000,0x000000ee4bd00000) (1024K)]
  0x000002a327ef1b40 JavaThread "Unconstrained build operations Thread 250"        [_thread_blocked, id=33796, stack(0x000000ee4bd00000,0x000000ee4be00000) (1024K)]
  0x000002a327ef2ae0 JavaThread "Unconstrained build operations Thread 251"        [_thread_blocked, id=22496, stack(0x000000ee4be00000,0x000000ee4bf00000) (1024K)]
  0x000002a327ef32b0 JavaThread "Unconstrained build operations Thread 252"        [_thread_blocked, id=35220, stack(0x000000ee4bf00000,0x000000ee4c000000) (1024K)]
  0x000002a327ef1370 JavaThread "Unconstrained build operations Thread 253"        [_thread_blocked, id=21096, stack(0x000000ee4c000000,0x000000ee4c100000) (1024K)]
  0x000002a327ef2310 JavaThread "Unconstrained build operations Thread 254"        [_thread_blocked, id=34228, stack(0x000000ee4c100000,0x000000ee4c200000) (1024K)]
  0x000002a3318f3b80 JavaThread "Unconstrained build operations Thread 255"        [_thread_blocked, id=25048, stack(0x000000ee4c200000,0x000000ee4c300000) (1024K)]
  0x000002a3318f0ca0 JavaThread "Unconstrained build operations Thread 256"        [_thread_blocked, id=34676, stack(0x000000ee4c300000,0x000000ee4c400000) (1024K)]
  0x000002a3211c2f50 JavaThread "Unconstrained build operations Thread 257"        [_thread_blocked, id=34588, stack(0x000000ee4ba00000,0x000000ee4bb00000) (1024K)]
  0x000002a3211c3720 JavaThread "Unconstrained build operations Thread 258"        [_thread_blocked, id=34680, stack(0x000000ee4c400000,0x000000ee4c500000) (1024K)]
  0x000002a3211c1fb0 JavaThread "Unconstrained build operations Thread 259"        [_thread_blocked, id=34580, stack(0x000000ee4c500000,0x000000ee4c600000) (1024K)]
  0x000002a3211c46c0 JavaThread "Unconstrained build operations Thread 260"        [_thread_blocked, id=34552, stack(0x000000ee4c600000,0x000000ee4c700000) (1024K)]
  0x000002a3211c4e90 JavaThread "Unconstrained build operations Thread 261"        [_thread_blocked, id=15160, stack(0x000000ee4c700000,0x000000ee4c800000) (1024K)]
  0x000002a3211c5660 JavaThread "Unconstrained build operations Thread 262"        [_thread_blocked, id=9828, stack(0x000000ee4c800000,0x000000ee4c900000) (1024K)]
  0x000002a330af9f50 JavaThread "Unconstrained build operations Thread 263"        [_thread_blocked, id=14904, stack(0x000000ee4c900000,0x000000ee4ca00000) (1024K)]
  0x000002a330afb6c0 JavaThread "Unconstrained build operations Thread 264"        [_thread_blocked, id=7704, stack(0x000000ee4ca00000,0x000000ee4cb00000) (1024K)]
  0x000002a330afce30 JavaThread "Unconstrained build operations Thread 265"        [_thread_blocked, id=17660, stack(0x000000ee4cb00000,0x000000ee4cc00000) (1024K)]
  0x000002a3216ef950 JavaThread "Unconstrained build operations Thread 266"        [_thread_blocked, id=24748, stack(0x000000ee4cc00000,0x000000ee4cd00000) (1024K)]
  0x000002a3216eda10 JavaThread "Unconstrained build operations Thread 267"        [_thread_blocked, id=34540, stack(0x000000ee4cd00000,0x000000ee4ce00000) (1024K)]
  0x000002a3216ef180 JavaThread "Unconstrained build operations Thread 268"        [_thread_blocked, id=34512, stack(0x000000ee4ce00000,0x000000ee4cf00000) (1024K)]
  0x000002a3216ec2a0 JavaThread "Unconstrained build operations Thread 269"        [_thread_blocked, id=34508, stack(0x000000ee4cf00000,0x000000ee4d000000) (1024K)]
  0x000002a32628b9e0 JavaThread "Unconstrained build operations Thread 270"        [_thread_blocked, id=7252, stack(0x000000ee4d000000,0x000000ee4d100000) (1024K)]
  0x000002a32628c1b0 JavaThread "Unconstrained build operations Thread 271"        [_thread_blocked, id=17980, stack(0x000000ee4d100000,0x000000ee4d200000) (1024K)]
  0x000002a326289aa0 JavaThread "Unconstrained build operations Thread 272"        [_thread_blocked, id=18584, stack(0x000000ee4d200000,0x000000ee4d300000) (1024K)]
  0x000002a3403781b0 JavaThread "Unconstrained build operations Thread 273"        [_thread_blocked, id=9448, stack(0x000000ee4d300000,0x000000ee4d400000) (1024K)]
  0x000002a32607ca80 JavaThread "Unconstrained build operations Thread 274"        [_thread_blocked, id=30368, stack(0x000000ee4d400000,0x000000ee4d500000) (1024K)]
  0x000002a32607ab40 JavaThread "Unconstrained build operations Thread 275"        [_thread_blocked, id=30408, stack(0x000000ee4d500000,0x000000ee4d600000) (1024K)]
  0x000002a32607c2b0 JavaThread "Unconstrained build operations Thread 276"        [_thread_blocked, id=18820, stack(0x000000ee4d600000,0x000000ee4d700000) (1024K)]
  0x000002a32607d250 JavaThread "Unconstrained build operations Thread 277"        [_thread_blocked, id=18792, stack(0x000000ee4d700000,0x000000ee4d800000) (1024K)]
  0x000002a32607b310 JavaThread "Unconstrained build operations Thread 278"        [_thread_blocked, id=22516, stack(0x000000ee4d800000,0x000000ee4d900000) (1024K)]
  0x000002a32607bae0 JavaThread "Unconstrained build operations Thread 279"        [_thread_blocked, id=18544, stack(0x000000ee4d900000,0x000000ee4da00000) (1024K)]
  0x000002a332643be0 JavaThread "Unconstrained build operations Thread 280"        [_thread_blocked, id=34192, stack(0x000000ee4dc00000,0x000000ee4dd00000) (1024K)]
  0x000002a3326443b0 JavaThread "Unconstrained build operations Thread 281"        [_thread_blocked, id=13128, stack(0x000000ee4dd00000,0x000000ee4de00000) (1024K)]
  0x000002a332644b80 JavaThread "Unconstrained build operations Thread 282"        [_thread_blocked, id=5892, stack(0x000000ee4de00000,0x000000ee4df00000) (1024K)]
  0x000002a332641ca0 JavaThread "Unconstrained build operations Thread 283"        [_thread_blocked, id=28616, stack(0x000000ee4df00000,0x000000ee4e000000) (1024K)]
  0x000002a3234e6f20 JavaThread "Unconstrained build operations Thread 284"        [_thread_blocked, id=17928, stack(0x000000ee4e000000,0x000000ee4e100000) (1024K)]
  0x000002a321927830 JavaThread "Unconstrained build operations Thread 285"        [_thread_blocked, id=14792, stack(0x000000ee4da00000,0x000000ee4db00000) (1024K)]
  0x000002a321926890 JavaThread "Unconstrained build operations Thread 286"        [_thread_blocked, id=16960, stack(0x000000ee4db00000,0x000000ee4dc00000) (1024K)]
  0x000002a32735aae0 JavaThread "Unconstrained build operations Thread 287"        [_thread_blocked, id=22316, stack(0x000000ee4e100000,0x000000ee4e200000) (1024K)]
  0x000002a327357430 JavaThread "Unconstrained build operations Thread 288"        [_thread_blocked, id=30420, stack(0x000000ee4e200000,0x000000ee4e300000) (1024K)]
  0x000002a322f3c980 JavaThread "Unconstrained build operations Thread 289"        [_thread_blocked, id=23076, stack(0x000000ee4e300000,0x000000ee4e400000) (1024K)]
  0x000002a322f3c1b0 JavaThread "Unconstrained build operations Thread 290"        [_thread_blocked, id=24436, stack(0x000000ee4e400000,0x000000ee4e500000) (1024K)]
  0x000002a322f3b9e0 JavaThread "Unconstrained build operations Thread 291"        [_thread_blocked, id=29148, stack(0x000000ee4e500000,0x000000ee4e600000) (1024K)]
  0x000002a322f3d150 JavaThread "Unconstrained build operations Thread 292"        [_thread_blocked, id=35592, stack(0x000000ee4e600000,0x000000ee4e700000) (1024K)]
  0x000002a322f3d920 JavaThread "Unconstrained build operations Thread 293"        [_thread_blocked, id=1896, stack(0x000000ee4e700000,0x000000ee4e800000) (1024K)]
  0x000002a322f3e0f0 JavaThread "Unconstrained build operations Thread 294"        [_thread_blocked, id=10720, stack(0x000000ee4e800000,0x000000ee4e900000) (1024K)]
  0x000002a321927060 JavaThread "Unconstrained build operations Thread 295"        [_thread_blocked, id=13724, stack(0x000000ee4e900000,0x000000ee4ea00000) (1024K)]
  0x000002a3219258f0 JavaThread "Unconstrained build operations Thread 296"        [_thread_blocked, id=18180, stack(0x000000ee4ea00000,0x000000ee4eb00000) (1024K)]
  0x000002a3219260c0 JavaThread "Unconstrained build operations Thread 297"        [_thread_blocked, id=27680, stack(0x000000ee4eb00000,0x000000ee4ec00000) (1024K)]
  0x000002a322f3b210 JavaThread "Unconstrained build operations Thread 298"        [_thread_blocked, id=20128, stack(0x000000ee4ec00000,0x000000ee4ed00000) (1024K)]
  0x000002a331119360 JavaThread "Unconstrained build operations Thread 299"        [_thread_blocked, id=3912, stack(0x000000ee4ed00000,0x000000ee4ee00000) (1024K)]
  0x000002a34037b090 JavaThread "Unconstrained build operations Thread 300"        [_thread_blocked, id=31472, stack(0x000000ee4ee00000,0x000000ee4ef00000) (1024K)]
  0x000002a327b79690 JavaThread "Unconstrained build operations Thread 301"        [_thread_blocked, id=17840, stack(0x000000ee4ef00000,0x000000ee4f000000) (1024K)]
  0x000002a330afc660 JavaThread "Unconstrained build operations Thread 302"        [_thread_blocked, id=13548, stack(0x000000ee4f000000,0x000000ee4f100000) (1024K)]
  0x000002a330afa720 JavaThread "Unconstrained build operations Thread 303"        [_thread_blocked, id=23908, stack(0x000000ee4f100000,0x000000ee4f200000) (1024K)]
  0x000002a330afaef0 JavaThread "Unconstrained build operations Thread 304"        [_thread_blocked, id=14380, stack(0x000000ee4f200000,0x000000ee4f300000) (1024K)]
  0x000002a330afbe90 JavaThread "Unconstrained build operations Thread 305"        [_thread_blocked, id=11436, stack(0x000000ee4f300000,0x000000ee4f400000) (1024K)]
  0x000002a3318ebb80 JavaThread "Unconstrained build operations Thread 306"        [_thread_blocked, id=34940, stack(0x000000ee4f400000,0x000000ee4f500000) (1024K)]
  0x000002a3279adf20 JavaThread "Unconstrained build operations Thread 307"        [_thread_blocked, id=23352, stack(0x000000ee4f500000,0x000000ee4f600000) (1024K)]
  0x000002a3279b0e00 JavaThread "Unconstrained build operations Thread 308"        [_thread_blocked, id=25396, stack(0x000000ee4f600000,0x000000ee4f700000) (1024K)]
  0x000002a3279ae6f0 JavaThread "Unconstrained build operations Thread 309"        [_thread_blocked, id=15088, stack(0x000000ee4f700000,0x000000ee4f800000) (1024K)]
  0x000002a3279afe60 JavaThread "Unconstrained build operations Thread 310"        [_thread_blocked, id=25104, stack(0x000000ee4f800000,0x000000ee4f900000) (1024K)]
  0x000002a3279af690 JavaThread "Unconstrained build operations Thread 311"        [_thread_blocked, id=24604, stack(0x000000ee4f900000,0x000000ee4fa00000) (1024K)]
  0x000002a3279b15d0 JavaThread "Unconstrained build operations Thread 312"        [_thread_blocked, id=3388, stack(0x000000ee4fa00000,0x000000ee4fb00000) (1024K)]
  0x000002a3279aeec0 JavaThread "Unconstrained build operations Thread 313"        [_thread_blocked, id=12160, stack(0x000000ee4fb00000,0x000000ee4fc00000) (1024K)]
  0x000002a3277fc7c0 JavaThread "Unconstrained build operations Thread 314"        [_thread_blocked, id=34948, stack(0x000000ee4fc00000,0x000000ee4fd00000) (1024K)]
  0x000002a3277f9110 JavaThread "Unconstrained build operations Thread 315"        [_thread_blocked, id=33604, stack(0x000000ee4fd00000,0x000000ee4fe00000) (1024K)]
  0x000002a3277f98e0 JavaThread "Unconstrained build operations Thread 316"        [_thread_blocked, id=12536, stack(0x000000ee4fe00000,0x000000ee4ff00000) (1024K)]
  0x000002a3277fa0b0 JavaThread "Unconstrained build operations Thread 317"        [_thread_blocked, id=2264, stack(0x000000ee4ff00000,0x000000ee50000000) (1024K)]
  0x000002a3277fa880 JavaThread "Unconstrained build operations Thread 318"        [_thread_blocked, id=34684, stack(0x000000ee50000000,0x000000ee50100000) (1024K)]
  0x000002a3277fbff0 JavaThread "Unconstrained build operations Thread 319"        [_thread_blocked, id=13920, stack(0x000000ee50100000,0x000000ee50200000) (1024K)]
  0x000002a3277fb050 JavaThread "Unconstrained build operations Thread 320"        [_thread_blocked, id=4956, stack(0x000000ee50200000,0x000000ee50300000) (1024K)]
  0x000002a32239b230 JavaThread "Kotlin DSL Writer"                 [_thread_blocked, id=22768, stack(0x000000ee50e00000,0x000000ee50f00000) (1024K)]
  0x000002a3318ea410 JavaThread "build event listener"              [_thread_blocked, id=35460, stack(0x000000ee50d00000,0x000000ee50e00000) (1024K)]
  0x000002a3318eabe0 JavaThread "build event listener"              [_thread_blocked, id=24948, stack(0x000000ee50f00000,0x000000ee51000000) (1024K)]
  0x000002a33115fbf0 JavaThread "Problems report writer"            [_thread_blocked, id=23820, stack(0x000000ee50800000,0x000000ee50900000) (1024K)]
  0x000002a330a9d860 JavaThread "jar transforms"                    [_thread_blocked, id=10456, stack(0x000000ee50900000,0x000000ee50a00000) (1024K)]
  0x000002a328bf3ab0 JavaThread "C2 CompilerThread1"         daemon [_thread_blocked, id=17592, stack(0x000000ee49c00000,0x000000ee49d00000) (1024K)]
  0x000002a328bf32a0 JavaThread "C2 CompilerThread2"         daemon [_thread_blocked, id=14200, stack(0x000000ee49d00000,0x000000ee49e00000) (1024K)]
  0x000002a328bf0240 JavaThread "C2 CompilerThread3"         daemon [_thread_blocked, id=3588, stack(0x000000ee50300000,0x000000ee50400000) (1024K)]
  0x000002a328bf1260 JavaThread "C2 CompilerThread4"         daemon [_thread_in_native, id=15524, stack(0x000000ee50400000,0x000000ee50500000) (1024K)]
  0x000002a328bf0a50 JavaThread "C2 CompilerThread5"         daemon [_thread_blocked, id=13596, stack(0x000000ee50500000,0x000000ee50600000) (1024K)]
  0x000002a328bf42c0 JavaThread "C2 CompilerThread6"         daemon [_thread_blocked, id=25528, stack(0x000000ee50600000,0x000000ee50700000) (1024K)]
  0x000002a3261e16d0 JavaThread "C2 CompilerThread7"         daemon [_thread_blocked, id=24104, stack(0x000000ee50700000,0x000000ee50800000) (1024K)]
  0x000002a3403c1140 JavaThread "C2 CompilerThread8"         daemon [_thread_blocked, id=8400, stack(0x000000ee50c00000,0x000000ee50d00000) (1024K)]
  0x000002a3403bd8d0 Thread "Unknown thread"                        [id=14252, stack(0x000000ee51000000,0x000000ee51100000) (1024K)]
  0x000002a3219b7490 JavaThread "C1 CompilerThread3"         daemon [_thread_blocked, id=22484, stack(0x000000ee51100000,0x000000ee51200000) (1024K)]
  0x000002a32a159f80 JavaThread "C1 CompilerThread4"         daemon [_thread_blocked, id=14952, stack(0x000000ee51200000,0x000000ee51300000) (1024K)]
Total: 407

Other Threads:
  0x000002a31bed5930 VMThread "VM Thread"                           [id=24908, stack(0x000000ee35c00000,0x000000ee35d00000) (1024K)]
  0x000002a31be941d0 WatcherThread "VM Periodic Task Thread"        [id=22600, stack(0x000000ee35b00000,0x000000ee35c00000) (1024K)]
  0x000002a37f8337e0 WorkerThread "GC Thread#0"                     [id=2600, stack(0x000000ee35600000,0x000000ee35700000) (1024K)]
  0x000002a321ee8ed0 WorkerThread "GC Thread#1"                     [id=25580, stack(0x000000ee36d00000,0x000000ee36e00000) (1024K)]
  0x000002a321f54ae0 WorkerThread "GC Thread#2"                     [id=15056, stack(0x000000ee36e00000,0x000000ee36f00000) (1024K)]
  0x000002a321f55320 WorkerThread "GC Thread#3"                     [id=13688, stack(0x000000ee36f00000,0x000000ee37000000) (1024K)]
  0x000002a32208a3b0 WorkerThread "GC Thread#4"                     [id=26404, stack(0x000000ee37000000,0x000000ee37100000) (1024K)]
  0x000002a32208a7e0 WorkerThread "GC Thread#5"                     [id=27784, stack(0x000000ee37100000,0x000000ee37200000) (1024K)]
  0x000002a321c02570 WorkerThread "GC Thread#6"                     [id=25812, stack(0x000000ee37200000,0x000000ee37300000) (1024K)]
  0x000002a321c036b0 WorkerThread "GC Thread#7"                     [id=29628, stack(0x000000ee37300000,0x000000ee37400000) (1024K)]
  0x000002a321c00fe0 WorkerThread "GC Thread#8"                     [id=30788, stack(0x000000ee37400000,0x000000ee37500000) (1024K)]
  0x000002a321c01430 WorkerThread "GC Thread#9"                     [id=28160, stack(0x000000ee37500000,0x000000ee37600000) (1024K)]
  0x000002a321c01880 WorkerThread "GC Thread#10"                    [id=17532, stack(0x000000ee37600000,0x000000ee37700000) (1024K)]
  0x000002a321c01cd0 WorkerThread "GC Thread#11"                    [id=28664, stack(0x000000ee37700000,0x000000ee37800000) (1024K)]
  0x000002a32335ddb0 WorkerThread "GC Thread#12"                    [id=2228, stack(0x000000ee38300000,0x000000ee38400000) (1024K)]
  0x000002a323360d20 WorkerThread "GC Thread#13"                    [id=3068, stack(0x000000ee38400000,0x000000ee38500000) (1024K)]
  0x000002a32335e200 WorkerThread "GC Thread#14"                    [id=6812, stack(0x000000ee38500000,0x000000ee38600000) (1024K)]
  0x000002a32335d510 WorkerThread "GC Thread#15"                    [id=33500, stack(0x000000ee38600000,0x000000ee38700000) (1024K)]
  0x000002a32335f340 WorkerThread "GC Thread#16"                    [id=6624, stack(0x000000ee38700000,0x000000ee38800000) (1024K)]
  0x000002a3233615c0 WorkerThread "GC Thread#17"                    [id=29732, stack(0x000000ee38800000,0x000000ee38900000) (1024K)]
  0x000002a32335d960 WorkerThread "GC Thread#18"                    [id=20268, stack(0x000000ee38900000,0x000000ee38a00000) (1024K)]
  0x000002a323362b50 WorkerThread "GC Thread#19"                    [id=24632, stack(0x000000ee38a00000,0x000000ee38b00000) (1024K)]
  0x000002a323361e60 WorkerThread "GC Thread#20"                    [id=9724, stack(0x000000ee38b00000,0x000000ee38c00000) (1024K)]
  0x000002a323362fa0 WorkerThread "GC Thread#21"                    [id=28048, stack(0x000000ee38c00000,0x000000ee38d00000) (1024K)]
  0x000002a324c33700 WorkerThread "GC Thread#22"                    [id=2548, stack(0x000000ee39500000,0x000000ee39600000) (1024K)]
  0x000002a37f8468b0 ConcurrentGCThread "G1 Main Marker"            [id=3440, stack(0x000000ee35700000,0x000000ee35800000) (1024K)]
  0x000002a37e74b310 WorkerThread "G1 Conc#0"                       [id=33576, stack(0x000000ee35800000,0x000000ee35900000) (1024K)]
  0x000002a323361a10 WorkerThread "G1 Conc#1"                       [id=28360, stack(0x000000ee38d00000,0x000000ee38e00000) (1024K)]
  0x000002a323362700 WorkerThread "G1 Conc#2"                       [id=23200, stack(0x000000ee38e00000,0x000000ee38f00000) (1024K)]
  0x000002a32335eef0 WorkerThread "G1 Conc#3"                       [id=24440, stack(0x000000ee38f00000,0x000000ee39000000) (1024K)]
  0x000002a3233633f0 WorkerThread "G1 Conc#4"                       [id=10140, stack(0x000000ee39000000,0x000000ee39100000) (1024K)]
=>0x000002a3233622b0 WorkerThread "G1 Conc#5"                       [id=29564, stack(0x000000ee39100000,0x000000ee39200000) (1024K)]
  0x000002a31bd6a0a0 ConcurrentGCThread "G1 Refine#0"               [id=25548, stack(0x000000ee35900000,0x000000ee35a00000) (1024K)]
  0x000002a31bd6aab0 ConcurrentGCThread "G1 Service"                [id=24824, stack(0x000000ee35a00000,0x000000ee35b00000) (1024K)]
Total: 34

Threads with active compile tasks:
C1 CompilerThread1  59382 53630       3       org.gradle.internal.classpath.transforms.InstrumentingBackwardsCompatibilityVisitor$BackwardCompatibilityMethodVisitor::visitMultiANewArrayInsn (12 bytes)
C2 CompilerThread4  59382 53627       4       org.gradle.internal.classpath.transforms.LambdaSerializationTransformer$1::<init> (508 bytes)
Total: 2

VM state: not at safepoint (normal execution)

VM Mutex/Monitor currently owned by a thread: None

Heap address: 0x0000000740000000, size: 3072 MB, Compressed Oops mode: Zero based, Oop shift amount: 3

CDS archive(s) not mapped
Compressed class space mapped at: 0x0000000011000000-0x0000000045000000, reserved size: 872415232
UseCompressedClassPointers 1, UseCompactObjectHeaders 0
Narrow klass pointer bits 32, Max shift 3
Narrow klass base: 0x0000000000000000, Narrow klass shift: 0
Encoding Range: [0x0000000000000000 - 0x0000000100000000), (4294967296 bytes)
Klass Range:    [0x0000000011000000 - 0x0000000045000000), (872415232 bytes)
Klass ID Range:  [285212672 - 1157627897) (872415225)
No protection zone.

GC Precious Log:
 CardTable entry size: 512
 Card Set container configuration: InlinePtr #cards 4 size 8 Array Of Cards #cards 16 size 48 Howl #buckets 8 coarsen threshold 3686 Howl Bitmap #cards 512 size 80 coarsen threshold 460 Card regions per heap region 1 cards per card region 4096
 CPUs: 32 total, 32 available
 Memory: 31892M
 Large Page Support: Disabled
 NUMA Support: Disabled
 Compressed Oops: Enabled (Zero based)
 Heap Region Size: 2M
 Heap Min Capacity: 8M
 Heap Initial Capacity: 500M
 Heap Max Capacity: 3G
 Pre-touch: Disabled
 Parallel Workers: 23
 Concurrent Workers: 6
 Concurrent Refinement Workers: 23
 Periodic GC: Disabled

Heap:
 garbage-first heap   total reserved 3145728K, committed 894976K, used 641366K [0x0000000740000000, 0x0000000800000000)
  region size 2048K, 200 young (409600K), 14 survivors (28672K)

Heap Regions: E=young(eden), S=young(survivor), O=old, HS=humongous(starts), HC=humongous(continues), CS=collection set, F=free, TAMS=top-at-mark-start, PB=parsable bottom
|   0|0x0000000740000000, 0x0000000740200000, 0x0000000740200000|100%|HS|  |TAMS 0x0000000740200000| PB 0x0000000740000000| Complete |  0
|   1|0x0000000740200000, 0x0000000740400000, 0x0000000740400000|100%|HC|  |TAMS 0x0000000740400000| PB 0x0000000740200000| Complete |  0
|   2|0x0000000740400000, 0x0000000740600000, 0x0000000740600000|100%| O|  |TAMS 0x0000000740600000| PB 0x0000000740400000| Untracked |  0
|   3|0x0000000740600000, 0x0000000740800000, 0x0000000740800000|100%| O|  |TAMS 0x0000000740800000| PB 0x0000000740600000| Untracked |  0
|   4|0x0000000740800000, 0x0000000740a00000, 0x0000000740a00000|100%| O|  |TAMS 0x0000000740a00000| PB 0x0000000740800000| Untracked |  0
|   5|0x0000000740a00000, 0x0000000740c00000, 0x0000000740c00000|100%| O|  |TAMS 0x0000000740c00000| PB 0x0000000740a00000| Untracked |  0
|   6|0x0000000740c00000, 0x0000000740e00000, 0x0000000740e00000|100%| O|  |TAMS 0x0000000740e00000| PB 0x0000000740c00000| Untracked |  0
|   7|0x0000000740e00000, 0x0000000741000000, 0x0000000741000000|100%| O|  |TAMS 0x0000000741000000| PB 0x0000000740e00000| Untracked |  0
|   8|0x0000000741000000, 0x0000000741200000, 0x0000000741200000|100%| O|  |TAMS 0x0000000741200000| PB 0x0000000741000000| Untracked |  0
|   9|0x0000000741200000, 0x0000000741400000, 0x0000000741400000|100%| O|  |TAMS 0x0000000741400000| PB 0x0000000741200000| Untracked |  0
|  10|0x0000000741400000, 0x0000000741600000, 0x0000000741600000|100%| O|  |TAMS 0x0000000741600000| PB 0x0000000741400000| Untracked |  0
|  11|0x0000000741600000, 0x0000000741800000, 0x0000000741800000|100%| O|  |TAMS 0x0000000741800000| PB 0x0000000741600000| Untracked |  0
|  12|0x0000000741800000, 0x0000000741a00000, 0x0000000741a00000|100%| O|  |TAMS 0x0000000741a00000| PB 0x0000000741800000| Untracked |  0
|  13|0x0000000741a00000, 0x0000000741c00000, 0x0000000741c00000|100%| O|  |TAMS 0x0000000741c00000| PB 0x0000000741a00000| Untracked |  0
|  14|0x0000000741c00000, 0x0000000741e00000, 0x0000000741e00000|100%| O|  |TAMS 0x0000000741e00000| PB 0x0000000741c00000| Untracked |  0
|  15|0x0000000741e00000, 0x0000000742000000, 0x0000000742000000|100%| O|  |TAMS 0x0000000742000000| PB 0x0000000741e00000| Untracked |  0
|  16|0x0000000742000000, 0x0000000742200000, 0x0000000742200000|100%| O|  |TAMS 0x0000000742200000| PB 0x0000000742000000| Untracked |  0
|  17|0x0000000742200000, 0x0000000742400000, 0x0000000742400000|100%| O|  |TAMS 0x0000000742400000| PB 0x0000000742200000| Untracked |  0
|  18|0x0000000742400000, 0x0000000742600000, 0x0000000742600000|100%| O|  |TAMS 0x0000000742600000| PB 0x0000000742400000| Untracked |  0
|  19|0x0000000742600000, 0x0000000742800000, 0x0000000742800000|100%| O|  |TAMS 0x0000000742800000| PB 0x0000000742600000| Untracked |  0
|  20|0x0000000742800000, 0x0000000742a00000, 0x0000000742a00000|100%|HS|  |TAMS 0x0000000742a00000| PB 0x0000000742800000| Complete |  0
|  21|0x0000000742a00000, 0x0000000742c00000, 0x0000000742c00000|100%| O|  |TAMS 0x0000000742c00000| PB 0x0000000742a00000| Untracked |  0
|  22|0x0000000742c00000, 0x0000000742e00000, 0x0000000742e00000|100%| O|  |TAMS 0x0000000742e00000| PB 0x0000000742c00000| Untracked |  0
|  23|0x0000000742e00000, 0x0000000743000000, 0x0000000743000000|100%| O|  |TAMS 0x0000000743000000| PB 0x0000000742e00000| Untracked |  0
|  24|0x0000000743000000, 0x0000000743200000, 0x0000000743200000|100%|HS|  |TAMS 0x0000000743200000| PB 0x0000000743000000| Complete |  0
|  25|0x0000000743200000, 0x0000000743400000, 0x0000000743400000|100%| O|  |TAMS 0x0000000743400000| PB 0x0000000743200000| Untracked |  0
|  26|0x0000000743400000, 0x0000000743600000, 0x0000000743600000|100%| O|  |TAMS 0x0000000743600000| PB 0x0000000743400000| Untracked |  0
|  27|0x0000000743600000, 0x0000000743800000, 0x0000000743800000|100%| O|  |TAMS 0x0000000743800000| PB 0x0000000743600000| Untracked |  0
|  28|0x0000000743800000, 0x0000000743a00000, 0x0000000743a00000|100%| O|  |TAMS 0x0000000743a00000| PB 0x0000000743800000| Untracked |  0
|  29|0x0000000743a00000, 0x0000000743c00000, 0x0000000743c00000|100%| O|  |TAMS 0x0000000743c00000| PB 0x0000000743a00000| Untracked |  0
|  30|0x0000000743c00000, 0x0000000743e00000, 0x0000000743e00000|100%| O|  |TAMS 0x0000000743e00000| PB 0x0000000743c00000| Untracked |  0
|  31|0x0000000743e00000, 0x0000000744000000, 0x0000000744000000|100%| O|  |TAMS 0x0000000744000000| PB 0x0000000743e00000| Untracked |  0
|  32|0x0000000744000000, 0x0000000744200000, 0x0000000744200000|100%|HS|  |TAMS 0x0000000744200000| PB 0x0000000744000000| Complete |  0
|  33|0x0000000744200000, 0x0000000744400000, 0x0000000744400000|100%| O|  |TAMS 0x0000000744400000| PB 0x0000000744200000| Untracked |  0
|  34|0x0000000744400000, 0x0000000744600000, 0x0000000744600000|100%| O|  |TAMS 0x0000000744600000| PB 0x0000000744400000| Untracked |  0
|  35|0x0000000744600000, 0x0000000744800000, 0x0000000744800000|100%| O|  |TAMS 0x0000000744800000| PB 0x0000000744600000| Untracked |  0
|  36|0x0000000744800000, 0x0000000744a00000, 0x0000000744a00000|100%| O|  |TAMS 0x0000000744a00000| PB 0x0000000744800000| Untracked |  0
|  37|0x0000000744a00000, 0x0000000744c00000, 0x0000000744c00000|100%| O|  |TAMS 0x0000000744c00000| PB 0x0000000744a00000| Untracked |  0
|  38|0x0000000744c00000, 0x0000000744e00000, 0x0000000744e00000|100%| O|  |TAMS 0x0000000744e00000| PB 0x0000000744c00000| Untracked |  0
|  39|0x0000000744e00000, 0x0000000745000000, 0x0000000745000000|100%| O|  |TAMS 0x0000000745000000| PB 0x0000000744e00000| Untracked |  0
|  40|0x0000000745000000, 0x0000000745200000, 0x0000000745200000|100%| O|  |TAMS 0x0000000745200000| PB 0x0000000745000000| Untracked |  0
|  41|0x0000000745200000, 0x0000000745400000, 0x0000000745400000|100%| O|  |TAMS 0x0000000745400000| PB 0x0000000745200000| Untracked |  0
|  42|0x0000000745400000, 0x0000000745600000, 0x0000000745600000|100%| O|  |TAMS 0x0000000745600000| PB 0x0000000745400000| Untracked |  0
|  43|0x0000000745600000, 0x0000000745800000, 0x0000000745800000|100%| O|  |TAMS 0x0000000745800000| PB 0x0000000745600000| Untracked |  0
|  44|0x0000000745800000, 0x0000000745a00000, 0x0000000745a00000|100%| O|  |TAMS 0x0000000745a00000| PB 0x0000000745800000| Untracked |  0
|  45|0x0000000745a00000, 0x0000000745c00000, 0x0000000745c00000|100%| O|  |TAMS 0x0000000745c00000| PB 0x0000000745a00000| Untracked |  0
|  46|0x0000000745c00000, 0x0000000745e00000, 0x0000000745e00000|100%| O|  |TAMS 0x0000000745e00000| PB 0x0000000745c00000| Untracked |  0
|  47|0x0000000745e00000, 0x0000000746000000, 0x0000000746000000|100%| O|  |TAMS 0x0000000746000000| PB 0x0000000745e00000| Untracked |  0
|  48|0x0000000746000000, 0x0000000746200000, 0x0000000746200000|100%|HS|  |TAMS 0x0000000746200000| PB 0x0000000746000000| Complete |  0
|  49|0x0000000746200000, 0x0000000746400000, 0x0000000746400000|100%|HC|  |TAMS 0x0000000746400000| PB 0x0000000746200000| Complete |  0
|  50|0x0000000746400000, 0x0000000746600000, 0x0000000746600000|100%| O|  |TAMS 0x0000000746600000| PB 0x0000000746400000| Untracked |  0
|  51|0x0000000746600000, 0x0000000746800000, 0x0000000746800000|100%| O|  |TAMS 0x0000000746800000| PB 0x0000000746600000| Untracked |  0
|  52|0x0000000746800000, 0x0000000746a00000, 0x0000000746a00000|100%| O|  |TAMS 0x0000000746a00000| PB 0x0000000746800000| Untracked |  0
|  53|0x0000000746a00000, 0x0000000746c00000, 0x0000000746c00000|100%| O|  |TAMS 0x0000000746c00000| PB 0x0000000746a00000| Untracked |  0
|  54|0x0000000746c00000, 0x0000000746e00000, 0x0000000746e00000|100%| O|  |TAMS 0x0000000746e00000| PB 0x0000000746c00000| Untracked |  0
|  55|0x0000000746e00000, 0x0000000747000000, 0x0000000747000000|100%| O|  |TAMS 0x0000000747000000| PB 0x0000000746e00000| Untracked |  0
|  56|0x0000000747000000, 0x0000000747200000, 0x0000000747200000|100%| O|  |TAMS 0x0000000747200000| PB 0x0000000747000000| Untracked |  0
|  57|0x0000000747200000, 0x0000000747400000, 0x0000000747400000|100%| O|  |TAMS 0x0000000747400000| PB 0x0000000747200000| Untracked |  0
|  58|0x0000000747400000, 0x0000000747600000, 0x0000000747600000|100%| O|  |TAMS 0x0000000747600000| PB 0x0000000747400000| Untracked |  0
|  59|0x0000000747600000, 0x0000000747800000, 0x0000000747800000|100%| O|  |TAMS 0x0000000747800000| PB 0x0000000747600000| Untracked |  0
|  60|0x0000000747800000, 0x0000000747a00000, 0x0000000747a00000|100%| O|  |TAMS 0x0000000747a00000| PB 0x0000000747800000| Untracked |  0
|  61|0x0000000747a00000, 0x0000000747c00000, 0x0000000747c00000|100%| O|  |TAMS 0x0000000747c00000| PB 0x0000000747a00000| Untracked |  0
|  62|0x0000000747c00000, 0x0000000747e00000, 0x0000000747e00000|100%| O|  |TAMS 0x0000000747e00000| PB 0x0000000747c00000| Untracked |  0
|  63|0x0000000747e00000, 0x0000000748000000, 0x0000000748000000|100%| O|  |TAMS 0x0000000748000000| PB 0x0000000747e00000| Untracked |  0
|  64|0x0000000748000000, 0x0000000748200000, 0x0000000748200000|100%| O|  |TAMS 0x0000000748200000| PB 0x0000000748000000| Untracked |  0
|  65|0x0000000748200000, 0x0000000748200000, 0x0000000748400000|  0%| F|  |TAMS 0x0000000748200000| PB 0x0000000748200000| Untracked |  0
|  66|0x0000000748400000, 0x0000000748400000, 0x0000000748600000|  0%| F|  |TAMS 0x0000000748400000| PB 0x0000000748400000| Untracked |  0
|  67|0x0000000748600000, 0x0000000748800000, 0x0000000748800000|100%| O|  |TAMS 0x0000000748800000| PB 0x0000000748600000| Untracked |  0
|  68|0x0000000748800000, 0x0000000748a00000, 0x0000000748a00000|100%| O|  |TAMS 0x0000000748a00000| PB 0x0000000748800000| Untracked |  0
|  69|0x0000000748a00000, 0x0000000748c00000, 0x0000000748c00000|100%| O|  |TAMS 0x0000000748c00000| PB 0x0000000748a00000| Untracked |  0
|  70|0x0000000748c00000, 0x0000000748e00000, 0x0000000748e00000|100%| O|  |TAMS 0x0000000748e00000| PB 0x0000000748c00000| Untracked |  0
|  71|0x0000000748e00000, 0x0000000749000000, 0x0000000749000000|100%| O|  |TAMS 0x0000000749000000| PB 0x0000000748e00000| Untracked |  0
|  72|0x0000000749000000, 0x0000000749200000, 0x0000000749200000|100%| O|  |TAMS 0x0000000749200000| PB 0x0000000749000000| Untracked |  0
|  73|0x0000000749200000, 0x0000000749400000, 0x0000000749400000|100%| O|  |TAMS 0x0000000749400000| PB 0x0000000749200000| Untracked |  0
|  74|0x0000000749400000, 0x0000000749600000, 0x0000000749600000|100%| O|  |TAMS 0x0000000749600000| PB 0x0000000749400000| Untracked |  0
|  75|0x0000000749600000, 0x0000000749800000, 0x0000000749800000|100%| O|  |TAMS 0x0000000749800000| PB 0x0000000749600000| Untracked |  0
|  76|0x0000000749800000, 0x0000000749a00000, 0x0000000749a00000|100%| O|  |TAMS 0x0000000749a00000| PB 0x0000000749800000| Untracked |  0
|  77|0x0000000749a00000, 0x0000000749c00000, 0x0000000749c00000|100%| O|  |TAMS 0x0000000749c00000| PB 0x0000000749a00000| Untracked |  0
|  78|0x0000000749c00000, 0x0000000749c00000, 0x0000000749e00000|  0%| F|  |TAMS 0x0000000749c00000| PB 0x0000000749c00000| Untracked |  0
|  79|0x0000000749e00000, 0x000000074a000000, 0x000000074a000000|100%| O|  |TAMS 0x000000074a000000| PB 0x0000000749e00000| Untracked |  0
|  80|0x000000074a000000, 0x000000074a200000, 0x000000074a200000|100%| O|  |TAMS 0x000000074a200000| PB 0x000000074a000000| Untracked |  0
|  81|0x000000074a200000, 0x000000074a400000, 0x000000074a400000|100%|HS|  |TAMS 0x000000074a400000| PB 0x000000074a200000| Complete |  0
|  82|0x000000074a400000, 0x000000074a600000, 0x000000074a600000|100%| O|  |TAMS 0x000000074a600000| PB 0x000000074a400000| Untracked |  0
|  83|0x000000074a600000, 0x000000074a800000, 0x000000074a800000|100%| O|  |TAMS 0x000000074a800000| PB 0x000000074a600000| Untracked |  0
|  84|0x000000074a800000, 0x000000074aa00000, 0x000000074aa00000|100%| O|  |TAMS 0x000000074aa00000| PB 0x000000074a800000| Untracked |  0
|  85|0x000000074aa00000, 0x000000074ac00000, 0x000000074ac00000|100%| O|  |TAMS 0x000000074ac00000| PB 0x000000074aa00000| Untracked |  0
|  86|0x000000074ac00000, 0x000000074ae00000, 0x000000074ae00000|100%| O|  |TAMS 0x000000074ae00000| PB 0x000000074ac00000| Untracked |  0
|  87|0x000000074ae00000, 0x000000074b000000, 0x000000074b000000|100%| O|  |TAMS 0x000000074b000000| PB 0x000000074ae00000| Untracked |  0
|  88|0x000000074b000000, 0x000000074b200000, 0x000000074b200000|100%| O|  |TAMS 0x000000074b200000| PB 0x000000074b000000| Untracked |  0
|  89|0x000000074b200000, 0x000000074b400000, 0x000000074b400000|100%| O|  |TAMS 0x000000074b400000| PB 0x000000074b200000| Untracked |  0
|  90|0x000000074b400000, 0x000000074b600000, 0x000000074b600000|100%| O|  |TAMS 0x000000074b600000| PB 0x000000074b400000| Untracked |  0
|  91|0x000000074b600000, 0x000000074b600000, 0x000000074b800000|  0%| F|  |TAMS 0x000000074b600000| PB 0x000000074b600000| Untracked |  0
|  92|0x000000074b800000, 0x000000074ba00000, 0x000000074ba00000|100%| O|  |TAMS 0x000000074ba00000| PB 0x000000074b800000| Untracked |  0
|  93|0x000000074ba00000, 0x000000074bc00000, 0x000000074bc00000|100%| O|  |TAMS 0x000000074bc00000| PB 0x000000074ba00000| Untracked |  0
|  94|0x000000074bc00000, 0x000000074be00000, 0x000000074be00000|100%| O|  |TAMS 0x000000074be00000| PB 0x000000074bc00000| Untracked |  0
|  95|0x000000074be00000, 0x000000074c000000, 0x000000074c000000|100%| O|  |TAMS 0x000000074c000000| PB 0x000000074be00000| Untracked |  0
|  96|0x000000074c000000, 0x000000074c200000, 0x000000074c200000|100%| O|  |TAMS 0x000000074c200000| PB 0x000000074c000000| Untracked |  0
|  97|0x000000074c200000, 0x000000074c400000, 0x000000074c400000|100%| O|  |TAMS 0x000000074c400000| PB 0x000000074c200000| Untracked |  0
|  98|0x000000074c400000, 0x000000074c600000, 0x000000074c600000|100%| O|  |TAMS 0x000000074c600000| PB 0x000000074c400000| Untracked |  0
|  99|0x000000074c600000, 0x000000074c800000, 0x000000074c800000|100%| O|  |TAMS 0x000000074c800000| PB 0x000000074c600000| Untracked |  0
| 100|0x000000074c800000, 0x000000074ca00000, 0x000000074ca00000|100%| O|  |TAMS 0x000000074ca00000| PB 0x000000074c800000| Untracked |  0
| 101|0x000000074ca00000, 0x000000074cc00000, 0x000000074cc00000|100%| O|  |TAMS 0x000000074cc00000| PB 0x000000074ca00000| Untracked |  0
| 102|0x000000074cc00000, 0x000000074cc65838, 0x000000074ce00000| 19%| O|  |TAMS 0x000000074cc65838| PB 0x000000074cc00000| Untracked |  0
| 103|0x000000074ce00000, 0x000000074d000000, 0x000000074d000000|100%| O|  |TAMS 0x000000074d000000| PB 0x000000074ce00000| Untracked |  0
| 104|0x000000074d000000, 0x000000074d200000, 0x000000074d200000|100%| O|  |TAMS 0x000000074d200000| PB 0x000000074d000000| Untracked |  0
| 105|0x000000074d200000, 0x000000074d400000, 0x000000074d400000|100%| O|  |TAMS 0x000000074d400000| PB 0x000000074d200000| Untracked |  0
| 106|0x000000074d400000, 0x000000074d600000, 0x000000074d600000|100%| O|  |TAMS 0x000000074d600000| PB 0x000000074d400000| Untracked |  0
| 107|0x000000074d600000, 0x000000074d800000, 0x000000074d800000|100%| O|  |TAMS 0x000000074d800000| PB 0x000000074d600000| Untracked |  0
| 108|0x000000074d800000, 0x000000074da00000, 0x000000074da00000|100%| O|  |TAMS 0x000000074da00000| PB 0x000000074d800000| Untracked |  0
| 109|0x000000074da00000, 0x000000074dc00000, 0x000000074dc00000|100%| O|  |TAMS 0x000000074dc00000| PB 0x000000074da00000| Untracked |  0
| 110|0x000000074dc00000, 0x000000074de00000, 0x000000074de00000|100%| O|  |TAMS 0x000000074de00000| PB 0x000000074dc00000| Untracked |  0
| 111|0x000000074de00000, 0x000000074e000000, 0x000000074e000000|100%| O|  |TAMS 0x000000074e000000| PB 0x000000074de00000| Untracked |  0
| 112|0x000000074e000000, 0x000000074e200000, 0x000000074e200000|100%| O|  |TAMS 0x000000074e200000| PB 0x000000074e000000| Untracked |  0
| 113|0x000000074e200000, 0x000000074e400000, 0x000000074e400000|100%| O|  |TAMS 0x000000074e400000| PB 0x000000074e200000| Untracked |  0
| 114|0x000000074e400000, 0x000000074e600000, 0x000000074e600000|100%| O|  |TAMS 0x000000074e600000| PB 0x000000074e400000| Untracked |  0
| 115|0x000000074e600000, 0x000000074e800000, 0x000000074e800000|100%| O|  |TAMS 0x000000074e800000| PB 0x000000074e600000| Untracked |  0
| 116|0x000000074e800000, 0x000000074ea00000, 0x000000074ea00000|100%| O|  |TAMS 0x000000074ea00000| PB 0x000000074e800000| Untracked |  0
| 117|0x000000074ea00000, 0x000000074ec00000, 0x000000074ec00000|100%| O|  |TAMS 0x000000074ec00000| PB 0x000000074ea00000| Untracked |  0
| 118|0x000000074ec00000, 0x000000074ec00000, 0x000000074ee00000|  0%| F|  |TAMS 0x000000074ec00000| PB 0x000000074ec00000| Untracked |  0
| 119|0x000000074ee00000, 0x000000074ee00000, 0x000000074f000000|  0%| F|  |TAMS 0x000000074ee00000| PB 0x000000074ee00000| Untracked |  0
| 120|0x000000074f000000, 0x000000074f000000, 0x000000074f200000|  0%| F|  |TAMS 0x000000074f000000| PB 0x000000074f000000| Untracked |  0
| 121|0x000000074f200000, 0x000000074f200000, 0x000000074f400000|  0%| F|  |TAMS 0x000000074f200000| PB 0x000000074f200000| Untracked |  0
| 122|0x000000074f400000, 0x000000074f400000, 0x000000074f600000|  0%| F|  |TAMS 0x000000074f400000| PB 0x000000074f400000| Untracked |  0
| 123|0x000000074f600000, 0x000000074f600000, 0x000000074f800000|  0%| F|  |TAMS 0x000000074f600000| PB 0x000000074f600000| Untracked |  0
| 124|0x000000074f800000, 0x000000074f800000, 0x000000074fa00000|  0%| F|  |TAMS 0x000000074f800000| PB 0x000000074f800000| Untracked |  0
| 125|0x000000074fa00000, 0x000000074fa00000, 0x000000074fc00000|  0%| F|  |TAMS 0x000000074fa00000| PB 0x000000074fa00000| Untracked |  0
| 126|0x000000074fc00000, 0x000000074fc00000, 0x000000074fe00000|  0%| F|  |TAMS 0x000000074fc00000| PB 0x000000074fc00000| Untracked |  0
| 127|0x000000074fe00000, 0x000000074fe00000, 0x0000000750000000|  0%| F|  |TAMS 0x000000074fe00000| PB 0x000000074fe00000| Untracked |  0
| 128|0x0000000750000000, 0x0000000750000000, 0x0000000750200000|  0%| F|  |TAMS 0x0000000750000000| PB 0x0000000750000000| Untracked |  0
| 129|0x0000000750200000, 0x0000000750200000, 0x0000000750400000|  0%| F|  |TAMS 0x0000000750200000| PB 0x0000000750200000| Untracked |  0
| 130|0x0000000750400000, 0x0000000750400000, 0x0000000750600000|  0%| F|  |TAMS 0x0000000750400000| PB 0x0000000750400000| Untracked |  0
| 131|0x0000000750600000, 0x0000000750800000, 0x0000000750800000|100%| O|  |TAMS 0x0000000750800000| PB 0x0000000750600000| Untracked |  0
| 132|0x0000000750800000, 0x0000000750a00000, 0x0000000750a00000|100%| O|  |TAMS 0x0000000750a00000| PB 0x0000000750800000| Untracked |  0
| 133|0x0000000750a00000, 0x0000000750af7568, 0x0000000750c00000| 48%| O|  |TAMS 0x0000000750af7568| PB 0x0000000750a00000| Untracked |  0
| 134|0x0000000750c00000, 0x0000000750c00000, 0x0000000750e00000|  0%| F|  |TAMS 0x0000000750c00000| PB 0x0000000750c00000| Untracked |  0
| 135|0x0000000750e00000, 0x0000000750e00000, 0x0000000751000000|  0%| F|  |TAMS 0x0000000750e00000| PB 0x0000000750e00000| Untracked |  0
| 136|0x0000000751000000, 0x0000000751000000, 0x0000000751200000|  0%| F|  |TAMS 0x0000000751000000| PB 0x0000000751000000| Untracked |  0
| 137|0x0000000751200000, 0x0000000751200000, 0x0000000751400000|  0%| F|  |TAMS 0x0000000751200000| PB 0x0000000751200000| Untracked |  0
| 138|0x0000000751400000, 0x0000000751400000, 0x0000000751600000|  0%| F|  |TAMS 0x0000000751400000| PB 0x0000000751400000| Untracked |  0
| 139|0x0000000751600000, 0x0000000751600000, 0x0000000751800000|  0%| F|  |TAMS 0x0000000751600000| PB 0x0000000751600000| Untracked |  0
| 140|0x0000000751800000, 0x0000000751800000, 0x0000000751a00000|  0%| F|  |TAMS 0x0000000751800000| PB 0x0000000751800000| Untracked |  0
| 141|0x0000000751a00000, 0x0000000751a00000, 0x0000000751c00000|  0%| F|  |TAMS 0x0000000751a00000| PB 0x0000000751a00000| Untracked |  0
| 142|0x0000000751c00000, 0x0000000751c00000, 0x0000000751e00000|  0%| F|  |TAMS 0x0000000751c00000| PB 0x0000000751c00000| Untracked |  0
| 143|0x0000000751e00000, 0x0000000751e00000, 0x0000000752000000|  0%| F|  |TAMS 0x0000000751e00000| PB 0x0000000751e00000| Untracked |  0
| 144|0x0000000752000000, 0x0000000752000000, 0x0000000752200000|  0%| F|  |TAMS 0x0000000752000000| PB 0x0000000752000000| Untracked |  0
| 145|0x0000000752200000, 0x0000000752200000, 0x0000000752400000|  0%| F|  |TAMS 0x0000000752200000| PB 0x0000000752200000| Untracked |  0
| 146|0x0000000752400000, 0x0000000752400000, 0x0000000752600000|  0%| F|  |TAMS 0x0000000752400000| PB 0x0000000752400000| Untracked |  0
| 147|0x0000000752600000, 0x0000000752600000, 0x0000000752800000|  0%| F|  |TAMS 0x0000000752600000| PB 0x0000000752600000| Untracked |  0
| 148|0x0000000752800000, 0x0000000752800000, 0x0000000752a00000|  0%| F|  |TAMS 0x0000000752800000| PB 0x0000000752800000| Untracked |  0
| 149|0x0000000752a00000, 0x0000000752a00000, 0x0000000752c00000|  0%| F|  |TAMS 0x0000000752a00000| PB 0x0000000752a00000| Untracked |  0
| 150|0x0000000752c00000, 0x0000000752c00000, 0x0000000752e00000|  0%| F|  |TAMS 0x0000000752c00000| PB 0x0000000752c00000| Untracked |  0
| 151|0x0000000752e00000, 0x0000000752e00000, 0x0000000753000000|  0%| F|  |TAMS 0x0000000752e00000| PB 0x0000000752e00000| Untracked |  0
| 152|0x0000000753000000, 0x0000000753000000, 0x0000000753200000|  0%| F|  |TAMS 0x0000000753000000| PB 0x0000000753000000| Untracked |  0
| 153|0x0000000753200000, 0x0000000753200000, 0x0000000753400000|  0%| F|  |TAMS 0x0000000753200000| PB 0x0000000753200000| Untracked |  0
| 154|0x0000000753400000, 0x0000000753400000, 0x0000000753600000|  0%| F|  |TAMS 0x0000000753400000| PB 0x0000000753400000| Untracked |  0
| 155|0x0000000753600000, 0x0000000753600000, 0x0000000753800000|  0%| F|  |TAMS 0x0000000753600000| PB 0x0000000753600000| Untracked |  0
| 156|0x0000000753800000, 0x0000000753800000, 0x0000000753a00000|  0%| F|  |TAMS 0x0000000753800000| PB 0x0000000753800000| Untracked |  0
| 157|0x0000000753a00000, 0x0000000753a00000, 0x0000000753c00000|  0%| F|  |TAMS 0x0000000753a00000| PB 0x0000000753a00000| Untracked |  0
| 158|0x0000000753c00000, 0x0000000753c00000, 0x0000000753e00000|  0%| F|  |TAMS 0x0000000753c00000| PB 0x0000000753c00000| Untracked |  0
| 159|0x0000000753e00000, 0x0000000753e00000, 0x0000000754000000|  0%| F|  |TAMS 0x0000000753e00000| PB 0x0000000753e00000| Untracked |  0
| 160|0x0000000754000000, 0x0000000754000000, 0x0000000754200000|  0%| F|  |TAMS 0x0000000754000000| PB 0x0000000754000000| Untracked |  0
| 161|0x0000000754200000, 0x0000000754200000, 0x0000000754400000|  0%| F|  |TAMS 0x0000000754200000| PB 0x0000000754200000| Untracked |  0
| 162|0x0000000754400000, 0x0000000754400000, 0x0000000754600000|  0%| F|  |TAMS 0x0000000754400000| PB 0x0000000754400000| Untracked |  0
| 163|0x0000000754600000, 0x0000000754600000, 0x0000000754800000|  0%| F|  |TAMS 0x0000000754600000| PB 0x0000000754600000| Untracked |  0
| 164|0x0000000754800000, 0x0000000754800000, 0x0000000754a00000|  0%| F|  |TAMS 0x0000000754800000| PB 0x0000000754800000| Untracked |  0
| 165|0x0000000754a00000, 0x0000000754a00000, 0x0000000754c00000|  0%| F|  |TAMS 0x0000000754a00000| PB 0x0000000754a00000| Untracked |  0
| 166|0x0000000754c00000, 0x0000000754c00000, 0x0000000754e00000|  0%| F|  |TAMS 0x0000000754c00000| PB 0x0000000754c00000| Untracked |  0
| 167|0x0000000754e00000, 0x0000000754e00000, 0x0000000755000000|  0%| F|  |TAMS 0x0000000754e00000| PB 0x0000000754e00000| Untracked |  0
| 168|0x0000000755000000, 0x0000000755000000, 0x0000000755200000|  0%| F|  |TAMS 0x0000000755000000| PB 0x0000000755000000| Untracked |  0
| 169|0x0000000755200000, 0x0000000755200000, 0x0000000755400000|  0%| F|  |TAMS 0x0000000755200000| PB 0x0000000755200000| Untracked |  0
| 170|0x0000000755400000, 0x0000000755400000, 0x0000000755600000|  0%| F|  |TAMS 0x0000000755400000| PB 0x0000000755400000| Untracked |  0
| 171|0x0000000755600000, 0x0000000755600000, 0x0000000755800000|  0%| F|  |TAMS 0x0000000755600000| PB 0x0000000755600000| Untracked |  0
| 172|0x0000000755800000, 0x0000000755800000, 0x0000000755a00000|  0%| F|  |TAMS 0x0000000755800000| PB 0x0000000755800000| Untracked |  0
| 173|0x0000000755a00000, 0x0000000755a00000, 0x0000000755c00000|  0%| F|  |TAMS 0x0000000755a00000| PB 0x0000000755a00000| Untracked |  0
| 174|0x0000000755c00000, 0x0000000755cf8b80, 0x0000000755e00000| 48%| S|CS|TAMS 0x0000000755c00000| PB 0x0000000755c00000| Complete |  0
| 175|0x0000000755e00000, 0x0000000756000000, 0x0000000756000000|100%| S|CS|TAMS 0x0000000755e00000| PB 0x0000000755e00000| Complete |  0
| 176|0x0000000756000000, 0x0000000756200000, 0x0000000756200000|100%| S|CS|TAMS 0x0000000756000000| PB 0x0000000756000000| Complete |  0
| 177|0x0000000756200000, 0x0000000756400000, 0x0000000756400000|100%| S|CS|TAMS 0x0000000756200000| PB 0x0000000756200000| Complete |  0
| 178|0x0000000756400000, 0x0000000756600000, 0x0000000756600000|100%| S|CS|TAMS 0x0000000756400000| PB 0x0000000756400000| Complete |  0
| 179|0x0000000756600000, 0x0000000756800000, 0x0000000756800000|100%| S|CS|TAMS 0x0000000756600000| PB 0x0000000756600000| Complete |  0
| 180|0x0000000756800000, 0x0000000756a00000, 0x0000000756a00000|100%| S|CS|TAMS 0x0000000756800000| PB 0x0000000756800000| Complete |  0
| 181|0x0000000756a00000, 0x0000000756c00000, 0x0000000756c00000|100%| S|CS|TAMS 0x0000000756a00000| PB 0x0000000756a00000| Complete |  0
| 182|0x0000000756c00000, 0x0000000756e00000, 0x0000000756e00000|100%| S|CS|TAMS 0x0000000756c00000| PB 0x0000000756c00000| Complete |  0
| 183|0x0000000756e00000, 0x0000000757000000, 0x0000000757000000|100%| S|CS|TAMS 0x0000000756e00000| PB 0x0000000756e00000| Complete |  0
| 184|0x0000000757000000, 0x0000000757200000, 0x0000000757200000|100%| S|CS|TAMS 0x0000000757000000| PB 0x0000000757000000| Complete |  0
| 185|0x0000000757200000, 0x0000000757400000, 0x0000000757400000|100%| S|CS|TAMS 0x0000000757200000| PB 0x0000000757200000| Complete |  0
| 186|0x0000000757400000, 0x0000000757600000, 0x0000000757600000|100%| S|CS|TAMS 0x0000000757400000| PB 0x0000000757400000| Complete |  0
| 187|0x0000000757600000, 0x0000000757800000, 0x0000000757800000|100%| S|CS|TAMS 0x0000000757600000| PB 0x0000000757600000| Complete |  0
| 188|0x0000000757800000, 0x0000000757800000, 0x0000000757a00000|  0%| F|  |TAMS 0x0000000757800000| PB 0x0000000757800000| Untracked |  0
| 189|0x0000000757a00000, 0x0000000757a00000, 0x0000000757c00000|  0%| F|  |TAMS 0x0000000757a00000| PB 0x0000000757a00000| Untracked |  0
| 190|0x0000000757c00000, 0x0000000757c00000, 0x0000000757e00000|  0%| F|  |TAMS 0x0000000757c00000| PB 0x0000000757c00000| Untracked |  0
| 191|0x0000000757e00000, 0x0000000757e00000, 0x0000000758000000|  0%| F|  |TAMS 0x0000000757e00000| PB 0x0000000757e00000| Untracked |  0
| 192|0x0000000758000000, 0x0000000758000000, 0x0000000758200000|  0%| F|  |TAMS 0x0000000758000000| PB 0x0000000758000000| Untracked |  0
| 193|0x0000000758200000, 0x0000000758200000, 0x0000000758400000|  0%| F|  |TAMS 0x0000000758200000| PB 0x0000000758200000| Untracked |  0
| 194|0x0000000758400000, 0x0000000758400000, 0x0000000758600000|  0%| F|  |TAMS 0x0000000758400000| PB 0x0000000758400000| Untracked |  0
| 195|0x0000000758600000, 0x0000000758600000, 0x0000000758800000|  0%| F|  |TAMS 0x0000000758600000| PB 0x0000000758600000| Untracked |  0
| 196|0x0000000758800000, 0x0000000758800000, 0x0000000758a00000|  0%| F|  |TAMS 0x0000000758800000| PB 0x0000000758800000| Untracked |  0
| 197|0x0000000758a00000, 0x0000000758a00000, 0x0000000758c00000|  0%| F|  |TAMS 0x0000000758a00000| PB 0x0000000758a00000| Untracked |  0
| 198|0x0000000758c00000, 0x0000000758c00000, 0x0000000758e00000|  0%| F|  |TAMS 0x0000000758c00000| PB 0x0000000758c00000| Untracked |  0
| 199|0x0000000758e00000, 0x0000000758e00000, 0x0000000759000000|  0%| F|  |TAMS 0x0000000758e00000| PB 0x0000000758e00000| Untracked |  0
| 200|0x0000000759000000, 0x0000000759000000, 0x0000000759200000|  0%| F|  |TAMS 0x0000000759000000| PB 0x0000000759000000| Untracked |  0
| 201|0x0000000759200000, 0x0000000759200000, 0x0000000759400000|  0%| F|  |TAMS 0x0000000759200000| PB 0x0000000759200000| Untracked |  0
| 202|0x0000000759400000, 0x0000000759400000, 0x0000000759600000|  0%| F|  |TAMS 0x0000000759400000| PB 0x0000000759400000| Untracked |  0
| 203|0x0000000759600000, 0x0000000759600000, 0x0000000759800000|  0%| F|  |TAMS 0x0000000759600000| PB 0x0000000759600000| Untracked |  0
| 204|0x0000000759800000, 0x0000000759800000, 0x0000000759a00000|  0%| F|  |TAMS 0x0000000759800000| PB 0x0000000759800000| Untracked |  0
| 205|0x0000000759a00000, 0x0000000759a00000, 0x0000000759c00000|  0%| F|  |TAMS 0x0000000759a00000| PB 0x0000000759a00000| Untracked |  0
| 206|0x0000000759c00000, 0x0000000759c00000, 0x0000000759e00000|  0%| F|  |TAMS 0x0000000759c00000| PB 0x0000000759c00000| Untracked |  0
| 207|0x0000000759e00000, 0x0000000759e00000, 0x000000075a000000|  0%| F|  |TAMS 0x0000000759e00000| PB 0x0000000759e00000| Untracked |  0
| 208|0x000000075a000000, 0x000000075a000000, 0x000000075a200000|  0%| F|  |TAMS 0x000000075a000000| PB 0x000000075a000000| Untracked |  0
| 209|0x000000075a200000, 0x000000075a200000, 0x000000075a400000|  0%| F|  |TAMS 0x000000075a200000| PB 0x000000075a200000| Untracked |  0
| 210|0x000000075a400000, 0x000000075a400000, 0x000000075a600000|  0%| F|  |TAMS 0x000000075a400000| PB 0x000000075a400000| Untracked |  0
| 211|0x000000075a600000, 0x000000075a600000, 0x000000075a800000|  0%| F|  |TAMS 0x000000075a600000| PB 0x000000075a600000| Untracked |  0
| 212|0x000000075a800000, 0x000000075a800000, 0x000000075aa00000|  0%| F|  |TAMS 0x000000075a800000| PB 0x000000075a800000| Untracked |  0
| 213|0x000000075aa00000, 0x000000075aa00000, 0x000000075ac00000|  0%| F|  |TAMS 0x000000075aa00000| PB 0x000000075aa00000| Untracked |  0
| 214|0x000000075ac00000, 0x000000075ac00000, 0x000000075ae00000|  0%| F|  |TAMS 0x000000075ac00000| PB 0x000000075ac00000| Untracked |  0
| 215|0x000000075ae00000, 0x000000075ae00000, 0x000000075b000000|  0%| F|  |TAMS 0x000000075ae00000| PB 0x000000075ae00000| Untracked |  0
| 216|0x000000075b000000, 0x000000075b000000, 0x000000075b200000|  0%| F|  |TAMS 0x000000075b000000| PB 0x000000075b000000| Untracked |  0
| 217|0x000000075b200000, 0x000000075b200000, 0x000000075b400000|  0%| F|  |TAMS 0x000000075b200000| PB 0x000000075b200000| Untracked |  0
| 218|0x000000075b400000, 0x000000075b400000, 0x000000075b600000|  0%| F|  |TAMS 0x000000075b400000| PB 0x000000075b400000| Untracked |  0
| 219|0x000000075b600000, 0x000000075b600000, 0x000000075b800000|  0%| F|  |TAMS 0x000000075b600000| PB 0x000000075b600000| Untracked |  0
| 220|0x000000075b800000, 0x000000075b800000, 0x000000075ba00000|  0%| F|  |TAMS 0x000000075b800000| PB 0x000000075b800000| Untracked |  0
| 221|0x000000075ba00000, 0x000000075ba00000, 0x000000075bc00000|  0%| F|  |TAMS 0x000000075ba00000| PB 0x000000075ba00000| Untracked |  0
| 222|0x000000075bc00000, 0x000000075bc00000, 0x000000075be00000|  0%| F|  |TAMS 0x000000075bc00000| PB 0x000000075bc00000| Untracked |  0
| 223|0x000000075be00000, 0x000000075be00000, 0x000000075c000000|  0%| F|  |TAMS 0x000000075be00000| PB 0x000000075be00000| Untracked |  0
| 224|0x000000075c000000, 0x000000075c000000, 0x000000075c200000|  0%| F|  |TAMS 0x000000075c000000| PB 0x000000075c000000| Untracked |  0
| 225|0x000000075c200000, 0x000000075c200000, 0x000000075c400000|  0%| F|  |TAMS 0x000000075c200000| PB 0x000000075c200000| Untracked |  0
| 226|0x000000075c400000, 0x000000075c400000, 0x000000075c600000|  0%| F|  |TAMS 0x000000075c400000| PB 0x000000075c400000| Untracked |  0
| 227|0x000000075c600000, 0x000000075c600000, 0x000000075c800000|  0%| F|  |TAMS 0x000000075c600000| PB 0x000000075c600000| Untracked |  0
| 228|0x000000075c800000, 0x000000075c800000, 0x000000075ca00000|  0%| F|  |TAMS 0x000000075c800000| PB 0x000000075c800000| Untracked |  0
| 229|0x000000075ca00000, 0x000000075ca00000, 0x000000075cc00000|  0%| F|  |TAMS 0x000000075ca00000| PB 0x000000075ca00000| Untracked |  0
| 230|0x000000075cc00000, 0x000000075cc00000, 0x000000075ce00000|  0%| F|  |TAMS 0x000000075cc00000| PB 0x000000075cc00000| Untracked |  0
| 231|0x000000075ce00000, 0x000000075ce00000, 0x000000075d000000|  0%| F|  |TAMS 0x000000075ce00000| PB 0x000000075ce00000| Untracked |  0
| 232|0x000000075d000000, 0x000000075d000000, 0x000000075d200000|  0%| F|  |TAMS 0x000000075d000000| PB 0x000000075d000000| Untracked |  0
| 233|0x000000075d200000, 0x000000075d200000, 0x000000075d400000|  0%| F|  |TAMS 0x000000075d200000| PB 0x000000075d200000| Untracked |  0
| 234|0x000000075d400000, 0x000000075d400000, 0x000000075d600000|  0%| F|  |TAMS 0x000000075d400000| PB 0x000000075d400000| Untracked |  0
| 235|0x000000075d600000, 0x000000075d600000, 0x000000075d800000|  0%| F|  |TAMS 0x000000075d600000| PB 0x000000075d600000| Untracked |  0
| 236|0x000000075d800000, 0x000000075d800000, 0x000000075da00000|  0%| F|  |TAMS 0x000000075d800000| PB 0x000000075d800000| Untracked |  0
| 237|0x000000075da00000, 0x000000075da00000, 0x000000075dc00000|  0%| F|  |TAMS 0x000000075da00000| PB 0x000000075da00000| Untracked |  0
| 238|0x000000075dc00000, 0x000000075dc00000, 0x000000075de00000|  0%| F|  |TAMS 0x000000075dc00000| PB 0x000000075dc00000| Untracked |  0
| 239|0x000000075de00000, 0x000000075de00000, 0x000000075e000000|  0%| F|  |TAMS 0x000000075de00000| PB 0x000000075de00000| Untracked |  0
| 240|0x000000075e000000, 0x000000075e000000, 0x000000075e200000|  0%| F|  |TAMS 0x000000075e000000| PB 0x000000075e000000| Untracked |  0
| 241|0x000000075e200000, 0x000000075e3a7030, 0x000000075e400000| 82%| E|  |TAMS 0x000000075e200000| PB 0x000000075e200000| Complete |  2
| 242|0x000000075e400000, 0x000000075e600000, 0x000000075e600000|100%| E|CS|TAMS 0x000000075e400000| PB 0x000000075e400000| Complete |  3
| 243|0x000000075e600000, 0x000000075e800000, 0x000000075e800000|100%| E|CS|TAMS 0x000000075e600000| PB 0x000000075e600000| Complete |  0
| 244|0x000000075e800000, 0x000000075ea00000, 0x000000075ea00000|100%| E|CS|TAMS 0x000000075e800000| PB 0x000000075e800000| Complete |  0
| 245|0x000000075ea00000, 0x000000075ec00000, 0x000000075ec00000|100%| E|CS|TAMS 0x000000075ea00000| PB 0x000000075ea00000| Complete |  0
| 246|0x000000075ec00000, 0x000000075ee00000, 0x000000075ee00000|100%| E|CS|TAMS 0x000000075ec00000| PB 0x000000075ec00000| Complete |  0
| 247|0x000000075ee00000, 0x000000075f000000, 0x000000075f000000|100%| E|CS|TAMS 0x000000075ee00000| PB 0x000000075ee00000| Complete |  0
| 248|0x000000075f000000, 0x000000075f200000, 0x000000075f200000|100%| E|CS|TAMS 0x000000075f000000| PB 0x000000075f000000| Complete |  0
| 249|0x000000075f200000, 0x000000075f400000, 0x000000075f400000|100%| E|CS|TAMS 0x000000075f200000| PB 0x000000075f200000| Complete |  0
| 250|0x000000075f400000, 0x000000075f600000, 0x000000075f600000|100%| E|CS|TAMS 0x000000075f400000| PB 0x000000075f400000| Complete |  0
| 251|0x000000075f600000, 0x000000075f800000, 0x000000075f800000|100%| E|CS|TAMS 0x000000075f600000| PB 0x000000075f600000| Complete |  0
| 252|0x000000075f800000, 0x000000075fa00000, 0x000000075fa00000|100%| E|CS|TAMS 0x000000075f800000| PB 0x000000075f800000| Complete |  0
| 253|0x000000075fa00000, 0x000000075fc00000, 0x000000075fc00000|100%| E|CS|TAMS 0x000000075fa00000| PB 0x000000075fa00000| Complete |  0
| 254|0x000000075fc00000, 0x000000075fe00000, 0x000000075fe00000|100%| E|CS|TAMS 0x000000075fc00000| PB 0x000000075fc00000| Complete |  0
| 255|0x000000075fe00000, 0x0000000760000000, 0x0000000760000000|100%| E|CS|TAMS 0x000000075fe00000| PB 0x000000075fe00000| Complete |  0
| 256|0x0000000760000000, 0x0000000760200000, 0x0000000760200000|100%| E|CS|TAMS 0x0000000760000000| PB 0x0000000760000000| Complete |  0
| 257|0x0000000760200000, 0x0000000760400000, 0x0000000760400000|100%| E|CS|TAMS 0x0000000760200000| PB 0x0000000760200000| Complete |  0
| 258|0x0000000760400000, 0x0000000760600000, 0x0000000760600000|100%| E|CS|TAMS 0x0000000760400000| PB 0x0000000760400000| Complete |  0
| 259|0x0000000760600000, 0x0000000760800000, 0x0000000760800000|100%| E|CS|TAMS 0x0000000760600000| PB 0x0000000760600000| Complete |  0
| 260|0x0000000760800000, 0x0000000760a00000, 0x0000000760a00000|100%| E|CS|TAMS 0x0000000760800000| PB 0x0000000760800000| Complete |  0
| 261|0x0000000760a00000, 0x0000000760c00000, 0x0000000760c00000|100%| E|CS|TAMS 0x0000000760a00000| PB 0x0000000760a00000| Complete |  0
| 262|0x0000000760c00000, 0x0000000760e00000, 0x0000000760e00000|100%| E|CS|TAMS 0x0000000760c00000| PB 0x0000000760c00000| Complete |  0
| 263|0x0000000760e00000, 0x0000000761000000, 0x0000000761000000|100%| E|CS|TAMS 0x0000000760e00000| PB 0x0000000760e00000| Complete |  0
| 264|0x0000000761000000, 0x0000000761200000, 0x0000000761200000|100%| E|CS|TAMS 0x0000000761000000| PB 0x0000000761000000| Complete |  0
| 265|0x0000000761200000, 0x0000000761400000, 0x0000000761400000|100%| E|CS|TAMS 0x0000000761200000| PB 0x0000000761200000| Complete |  0
| 266|0x0000000761400000, 0x0000000761600000, 0x0000000761600000|100%| E|CS|TAMS 0x0000000761400000| PB 0x0000000761400000| Complete |  0
| 267|0x0000000761600000, 0x0000000761800000, 0x0000000761800000|100%| E|CS|TAMS 0x0000000761600000| PB 0x0000000761600000| Complete |  0
| 268|0x0000000761800000, 0x0000000761a00000, 0x0000000761a00000|100%| E|CS|TAMS 0x0000000761800000| PB 0x0000000761800000| Complete |  0
| 269|0x0000000761a00000, 0x0000000761c00000, 0x0000000761c00000|100%| E|CS|TAMS 0x0000000761a00000| PB 0x0000000761a00000| Complete |  0
| 270|0x0000000761c00000, 0x0000000761e00000, 0x0000000761e00000|100%| E|CS|TAMS 0x0000000761c00000| PB 0x0000000761c00000| Complete |  0
| 271|0x0000000761e00000, 0x0000000762000000, 0x0000000762000000|100%| E|CS|TAMS 0x0000000761e00000| PB 0x0000000761e00000| Complete |  0
| 272|0x0000000762000000, 0x0000000762200000, 0x0000000762200000|100%| E|CS|TAMS 0x0000000762000000| PB 0x0000000762000000| Complete |  0
| 273|0x0000000762200000, 0x0000000762400000, 0x0000000762400000|100%| E|CS|TAMS 0x0000000762200000| PB 0x0000000762200000| Complete |  0
| 274|0x0000000762400000, 0x0000000762600000, 0x0000000762600000|100%| E|CS|TAMS 0x0000000762400000| PB 0x0000000762400000| Complete |  0
| 275|0x0000000762600000, 0x0000000762800000, 0x0000000762800000|100%| E|CS|TAMS 0x0000000762600000| PB 0x0000000762600000| Complete |  0
| 276|0x0000000762800000, 0x0000000762a00000, 0x0000000762a00000|100%| E|CS|TAMS 0x0000000762800000| PB 0x0000000762800000| Complete |  0
| 277|0x0000000762a00000, 0x0000000762c00000, 0x0000000762c00000|100%| E|CS|TAMS 0x0000000762a00000| PB 0x0000000762a00000| Complete |  0
| 278|0x0000000762c00000, 0x0000000762e00000, 0x0000000762e00000|100%| E|CS|TAMS 0x0000000762c00000| PB 0x0000000762c00000| Complete |  0
| 279|0x0000000762e00000, 0x0000000763000000, 0x0000000763000000|100%| E|CS|TAMS 0x0000000762e00000| PB 0x0000000762e00000| Complete |  0
| 280|0x0000000763000000, 0x0000000763200000, 0x0000000763200000|100%| E|CS|TAMS 0x0000000763000000| PB 0x0000000763000000| Complete |  0
| 281|0x0000000763200000, 0x0000000763400000, 0x0000000763400000|100%| E|CS|TAMS 0x0000000763200000| PB 0x0000000763200000| Complete |  0
| 282|0x0000000763400000, 0x0000000763600000, 0x0000000763600000|100%| E|CS|TAMS 0x0000000763400000| PB 0x0000000763400000| Complete |  0
| 283|0x0000000763600000, 0x0000000763800000, 0x0000000763800000|100%| E|CS|TAMS 0x0000000763600000| PB 0x0000000763600000| Complete |  0
| 284|0x0000000763800000, 0x0000000763a00000, 0x0000000763a00000|100%| E|CS|TAMS 0x0000000763800000| PB 0x0000000763800000| Complete |  0
| 285|0x0000000763a00000, 0x0000000763c00000, 0x0000000763c00000|100%| E|CS|TAMS 0x0000000763a00000| PB 0x0000000763a00000| Complete |  0
| 286|0x0000000763c00000, 0x0000000763e00000, 0x0000000763e00000|100%| E|CS|TAMS 0x0000000763c00000| PB 0x0000000763c00000| Complete |  0
| 287|0x0000000763e00000, 0x0000000764000000, 0x0000000764000000|100%| E|CS|TAMS 0x0000000763e00000| PB 0x0000000763e00000| Complete |  0
| 288|0x0000000764000000, 0x0000000764200000, 0x0000000764200000|100%| E|CS|TAMS 0x0000000764000000| PB 0x0000000764000000| Complete |  0
| 289|0x0000000764200000, 0x0000000764400000, 0x0000000764400000|100%| E|CS|TAMS 0x0000000764200000| PB 0x0000000764200000| Complete |  0
| 290|0x0000000764400000, 0x0000000764600000, 0x0000000764600000|100%| E|CS|TAMS 0x0000000764400000| PB 0x0000000764400000| Complete |  0
| 291|0x0000000764600000, 0x0000000764800000, 0x0000000764800000|100%| E|CS|TAMS 0x0000000764600000| PB 0x0000000764600000| Complete |  0
| 292|0x0000000764800000, 0x0000000764a00000, 0x0000000764a00000|100%| E|CS|TAMS 0x0000000764800000| PB 0x0000000764800000| Complete |  0
| 293|0x0000000764a00000, 0x0000000764c00000, 0x0000000764c00000|100%| E|CS|TAMS 0x0000000764a00000| PB 0x0000000764a00000| Complete |  0
| 294|0x0000000764c00000, 0x0000000764e00000, 0x0000000764e00000|100%| E|CS|TAMS 0x0000000764c00000| PB 0x0000000764c00000| Complete |  0
| 295|0x0000000764e00000, 0x0000000765000000, 0x0000000765000000|100%| E|CS|TAMS 0x0000000764e00000| PB 0x0000000764e00000| Complete |  0
| 296|0x0000000765000000, 0x0000000765200000, 0x0000000765200000|100%| E|CS|TAMS 0x0000000765000000| PB 0x0000000765000000| Complete |  0
| 297|0x0000000765200000, 0x0000000765400000, 0x0000000765400000|100%| E|CS|TAMS 0x0000000765200000| PB 0x0000000765200000| Complete |  0
| 298|0x0000000765400000, 0x0000000765600000, 0x0000000765600000|100%| E|CS|TAMS 0x0000000765400000| PB 0x0000000765400000| Complete |  0
| 299|0x0000000765600000, 0x0000000765800000, 0x0000000765800000|100%| E|CS|TAMS 0x0000000765600000| PB 0x0000000765600000| Complete |  0
| 300|0x0000000765800000, 0x0000000765a00000, 0x0000000765a00000|100%| E|CS|TAMS 0x0000000765800000| PB 0x0000000765800000| Complete |  0
| 301|0x0000000765a00000, 0x0000000765c00000, 0x0000000765c00000|100%| E|CS|TAMS 0x0000000765a00000| PB 0x0000000765a00000| Complete |  0
| 302|0x0000000765c00000, 0x0000000765e00000, 0x0000000765e00000|100%| E|CS|TAMS 0x0000000765c00000| PB 0x0000000765c00000| Complete |  0
| 303|0x0000000765e00000, 0x0000000766000000, 0x0000000766000000|100%| E|CS|TAMS 0x0000000765e00000| PB 0x0000000765e00000| Complete |  0
| 304|0x0000000766000000, 0x0000000766200000, 0x0000000766200000|100%| E|CS|TAMS 0x0000000766000000| PB 0x0000000766000000| Complete |  0
| 305|0x0000000766200000, 0x0000000766400000, 0x0000000766400000|100%| E|CS|TAMS 0x0000000766200000| PB 0x0000000766200000| Complete |  0
| 306|0x0000000766400000, 0x0000000766600000, 0x0000000766600000|100%| E|CS|TAMS 0x0000000766400000| PB 0x0000000766400000| Complete |  0
| 307|0x0000000766600000, 0x0000000766800000, 0x0000000766800000|100%| E|CS|TAMS 0x0000000766600000| PB 0x0000000766600000| Complete |  0
| 308|0x0000000766800000, 0x0000000766a00000, 0x0000000766a00000|100%| E|CS|TAMS 0x0000000766800000| PB 0x0000000766800000| Complete |  0
| 309|0x0000000766a00000, 0x0000000766c00000, 0x0000000766c00000|100%| E|CS|TAMS 0x0000000766a00000| PB 0x0000000766a00000| Complete |  0
| 310|0x0000000766c00000, 0x0000000766e00000, 0x0000000766e00000|100%| E|CS|TAMS 0x0000000766c00000| PB 0x0000000766c00000| Complete |  0
| 311|0x0000000766e00000, 0x0000000767000000, 0x0000000767000000|100%| E|CS|TAMS 0x0000000766e00000| PB 0x0000000766e00000| Complete |  0
| 312|0x0000000767000000, 0x0000000767200000, 0x0000000767200000|100%| E|CS|TAMS 0x0000000767000000| PB 0x0000000767000000| Complete |  0
| 313|0x0000000767200000, 0x0000000767400000, 0x0000000767400000|100%| E|CS|TAMS 0x0000000767200000| PB 0x0000000767200000| Complete |  0
| 314|0x0000000767400000, 0x0000000767600000, 0x0000000767600000|100%| E|CS|TAMS 0x0000000767400000| PB 0x0000000767400000| Complete |  0
| 315|0x0000000767600000, 0x0000000767800000, 0x0000000767800000|100%| E|CS|TAMS 0x0000000767600000| PB 0x0000000767600000| Complete |  0
| 316|0x0000000767800000, 0x0000000767a00000, 0x0000000767a00000|100%| E|CS|TAMS 0x0000000767800000| PB 0x0000000767800000| Complete |  0
| 317|0x0000000767a00000, 0x0000000767c00000, 0x0000000767c00000|100%| E|CS|TAMS 0x0000000767a00000| PB 0x0000000767a00000| Complete |  0
| 318|0x0000000767c00000, 0x0000000767e00000, 0x0000000767e00000|100%| E|CS|TAMS 0x0000000767c00000| PB 0x0000000767c00000| Complete |  0
| 319|0x0000000767e00000, 0x0000000768000000, 0x0000000768000000|100%| E|CS|TAMS 0x0000000767e00000| PB 0x0000000767e00000| Complete |  0
| 320|0x0000000768000000, 0x0000000768200000, 0x0000000768200000|100%| E|CS|TAMS 0x0000000768000000| PB 0x0000000768000000| Complete |  0
| 321|0x0000000768200000, 0x0000000768400000, 0x0000000768400000|100%| E|CS|TAMS 0x0000000768200000| PB 0x0000000768200000| Complete |  0
| 322|0x0000000768400000, 0x0000000768600000, 0x0000000768600000|100%| E|CS|TAMS 0x0000000768400000| PB 0x0000000768400000| Complete |  0
| 323|0x0000000768600000, 0x0000000768800000, 0x0000000768800000|100%| E|CS|TAMS 0x0000000768600000| PB 0x0000000768600000| Complete |  0
| 324|0x0000000768800000, 0x0000000768a00000, 0x0000000768a00000|100%| E|CS|TAMS 0x0000000768800000| PB 0x0000000768800000| Complete |  0
| 325|0x0000000768a00000, 0x0000000768c00000, 0x0000000768c00000|100%| E|CS|TAMS 0x0000000768a00000| PB 0x0000000768a00000| Complete |  0
| 326|0x0000000768c00000, 0x0000000768e00000, 0x0000000768e00000|100%| E|CS|TAMS 0x0000000768c00000| PB 0x0000000768c00000| Complete |  0
| 327|0x0000000768e00000, 0x0000000769000000, 0x0000000769000000|100%| E|CS|TAMS 0x0000000768e00000| PB 0x0000000768e00000| Complete |  0
| 328|0x0000000769000000, 0x0000000769200000, 0x0000000769200000|100%| E|CS|TAMS 0x0000000769000000| PB 0x0000000769000000| Complete |  0
| 329|0x0000000769200000, 0x0000000769400000, 0x0000000769400000|100%| E|CS|TAMS 0x0000000769200000| PB 0x0000000769200000| Complete |  0
| 330|0x0000000769400000, 0x0000000769600000, 0x0000000769600000|100%| E|CS|TAMS 0x0000000769400000| PB 0x0000000769400000| Complete |  0
| 331|0x0000000769600000, 0x0000000769800000, 0x0000000769800000|100%| E|CS|TAMS 0x0000000769600000| PB 0x0000000769600000| Complete |  0
| 332|0x0000000769800000, 0x0000000769a00000, 0x0000000769a00000|100%| E|CS|TAMS 0x0000000769800000| PB 0x0000000769800000| Complete |  0
| 333|0x0000000769a00000, 0x0000000769c00000, 0x0000000769c00000|100%| E|CS|TAMS 0x0000000769a00000| PB 0x0000000769a00000| Complete |  0
| 334|0x0000000769c00000, 0x0000000769e00000, 0x0000000769e00000|100%| E|CS|TAMS 0x0000000769c00000| PB 0x0000000769c00000| Complete |  0
| 335|0x0000000769e00000, 0x000000076a000000, 0x000000076a000000|100%| E|CS|TAMS 0x0000000769e00000| PB 0x0000000769e00000| Complete |  0
| 336|0x000000076a000000, 0x000000076a200000, 0x000000076a200000|100%| E|CS|TAMS 0x000000076a000000| PB 0x000000076a000000| Complete |  0
| 337|0x000000076a200000, 0x000000076a400000, 0x000000076a400000|100%| E|CS|TAMS 0x000000076a200000| PB 0x000000076a200000| Complete |  0
| 338|0x000000076a400000, 0x000000076a600000, 0x000000076a600000|100%| E|CS|TAMS 0x000000076a400000| PB 0x000000076a400000| Complete |  0
| 339|0x000000076a600000, 0x000000076a800000, 0x000000076a800000|100%| E|CS|TAMS 0x000000076a600000| PB 0x000000076a600000| Complete |  0
| 340|0x000000076a800000, 0x000000076aa00000, 0x000000076aa00000|100%| E|CS|TAMS 0x000000076a800000| PB 0x000000076a800000| Complete |  0
| 341|0x000000076aa00000, 0x000000076ac00000, 0x000000076ac00000|100%| E|CS|TAMS 0x000000076aa00000| PB 0x000000076aa00000| Complete |  0
| 342|0x000000076ac00000, 0x000000076ae00000, 0x000000076ae00000|100%| E|CS|TAMS 0x000000076ac00000| PB 0x000000076ac00000| Complete |  0
| 343|0x000000076ae00000, 0x000000076b000000, 0x000000076b000000|100%| E|CS|TAMS 0x000000076ae00000| PB 0x000000076ae00000| Complete |  0
| 344|0x000000076b000000, 0x000000076b200000, 0x000000076b200000|100%| E|CS|TAMS 0x000000076b000000| PB 0x000000076b000000| Complete |  0
| 345|0x000000076b200000, 0x000000076b400000, 0x000000076b400000|100%| E|CS|TAMS 0x000000076b200000| PB 0x000000076b200000| Complete |  0
| 346|0x000000076b400000, 0x000000076b600000, 0x000000076b600000|100%| E|CS|TAMS 0x000000076b400000| PB 0x000000076b400000| Complete |  0
| 347|0x000000076b600000, 0x000000076b800000, 0x000000076b800000|100%| E|CS|TAMS 0x000000076b600000| PB 0x000000076b600000| Complete |  0
| 348|0x000000076b800000, 0x000000076ba00000, 0x000000076ba00000|100%| E|CS|TAMS 0x000000076b800000| PB 0x000000076b800000| Complete |  0
| 349|0x000000076ba00000, 0x000000076bc00000, 0x000000076bc00000|100%| E|CS|TAMS 0x000000076ba00000| PB 0x000000076ba00000| Complete |  0
| 350|0x000000076bc00000, 0x000000076be00000, 0x000000076be00000|100%| E|CS|TAMS 0x000000076bc00000| PB 0x000000076bc00000| Complete |  0
| 351|0x000000076be00000, 0x000000076c000000, 0x000000076c000000|100%| E|CS|TAMS 0x000000076be00000| PB 0x000000076be00000| Complete |  0
| 352|0x000000076c000000, 0x000000076c200000, 0x000000076c200000|100%| E|CS|TAMS 0x000000076c000000| PB 0x000000076c000000| Complete |  0
| 353|0x000000076c200000, 0x000000076c400000, 0x000000076c400000|100%| E|CS|TAMS 0x000000076c200000| PB 0x000000076c200000| Complete |  0
| 354|0x000000076c400000, 0x000000076c600000, 0x000000076c600000|100%| E|CS|TAMS 0x000000076c400000| PB 0x000000076c400000| Complete |  0
| 355|0x000000076c600000, 0x000000076c800000, 0x000000076c800000|100%| E|CS|TAMS 0x000000076c600000| PB 0x000000076c600000| Complete |  0
| 356|0x000000076c800000, 0x000000076ca00000, 0x000000076ca00000|100%| E|CS|TAMS 0x000000076c800000| PB 0x000000076c800000| Complete |  0
| 357|0x000000076ca00000, 0x000000076cc00000, 0x000000076cc00000|100%| E|CS|TAMS 0x000000076ca00000| PB 0x000000076ca00000| Complete |  0
| 358|0x000000076cc00000, 0x000000076ce00000, 0x000000076ce00000|100%| E|CS|TAMS 0x000000076cc00000| PB 0x000000076cc00000| Complete |  0
| 359|0x000000076ce00000, 0x000000076d000000, 0x000000076d000000|100%| E|CS|TAMS 0x000000076ce00000| PB 0x000000076ce00000| Complete |  0
| 360|0x000000076d000000, 0x000000076d200000, 0x000000076d200000|100%| E|CS|TAMS 0x000000076d000000| PB 0x000000076d000000| Complete |  0
| 361|0x000000076d200000, 0x000000076d400000, 0x000000076d400000|100%| E|CS|TAMS 0x000000076d200000| PB 0x000000076d200000| Complete |  0
| 362|0x000000076d400000, 0x000000076d600000, 0x000000076d600000|100%| E|CS|TAMS 0x000000076d400000| PB 0x000000076d400000| Complete |  0
| 363|0x000000076d600000, 0x000000076d800000, 0x000000076d800000|100%| E|CS|TAMS 0x000000076d600000| PB 0x000000076d600000| Complete |  0
| 364|0x000000076d800000, 0x000000076da00000, 0x000000076da00000|100%| E|CS|TAMS 0x000000076d800000| PB 0x000000076d800000| Complete |  0
| 365|0x000000076da00000, 0x000000076dc00000, 0x000000076dc00000|100%| E|CS|TAMS 0x000000076da00000| PB 0x000000076da00000| Complete |  1
| 366|0x000000076dc00000, 0x000000076de00000, 0x000000076de00000|100%| E|CS|TAMS 0x000000076dc00000| PB 0x000000076dc00000| Complete |  0
| 367|0x000000076de00000, 0x000000076e000000, 0x000000076e000000|100%| E|CS|TAMS 0x000000076de00000| PB 0x000000076de00000| Complete |  0
| 368|0x000000076e000000, 0x000000076e200000, 0x000000076e200000|100%| E|CS|TAMS 0x000000076e000000| PB 0x000000076e000000| Complete |  0
| 369|0x000000076e200000, 0x000000076e400000, 0x000000076e400000|100%| E|CS|TAMS 0x000000076e200000| PB 0x000000076e200000| Complete |  0
| 370|0x000000076e400000, 0x000000076e600000, 0x000000076e600000|100%| E|CS|TAMS 0x000000076e400000| PB 0x000000076e400000| Complete |  0
| 371|0x000000076e600000, 0x000000076e800000, 0x000000076e800000|100%| E|CS|TAMS 0x000000076e600000| PB 0x000000076e600000| Complete |  0
| 372|0x000000076e800000, 0x000000076ea00000, 0x000000076ea00000|100%| E|CS|TAMS 0x000000076e800000| PB 0x000000076e800000| Complete |  0
| 373|0x000000076ea00000, 0x000000076ec00000, 0x000000076ec00000|100%| E|CS|TAMS 0x000000076ea00000| PB 0x000000076ea00000| Complete |  0
| 374|0x000000076ec00000, 0x000000076ee00000, 0x000000076ee00000|100%| E|CS|TAMS 0x000000076ec00000| PB 0x000000076ec00000| Complete |  0
| 375|0x000000076ee00000, 0x000000076f000000, 0x000000076f000000|100%| E|CS|TAMS 0x000000076ee00000| PB 0x000000076ee00000| Complete |  0
| 376|0x000000076f000000, 0x000000076f200000, 0x000000076f200000|100%| E|CS|TAMS 0x000000076f000000| PB 0x000000076f000000| Complete |  0
| 377|0x000000076f200000, 0x000000076f400000, 0x000000076f400000|100%| E|CS|TAMS 0x000000076f200000| PB 0x000000076f200000| Complete |  0
| 378|0x000000076f400000, 0x000000076f600000, 0x000000076f600000|100%| E|CS|TAMS 0x000000076f400000| PB 0x000000076f400000| Complete |  0
| 379|0x000000076f600000, 0x000000076f800000, 0x000000076f800000|100%| E|CS|TAMS 0x000000076f600000| PB 0x000000076f600000| Complete |  0
| 380|0x000000076f800000, 0x000000076fa00000, 0x000000076fa00000|100%| E|CS|TAMS 0x000000076f800000| PB 0x000000076f800000| Complete |  0
| 381|0x000000076fa00000, 0x000000076fc00000, 0x000000076fc00000|100%| E|CS|TAMS 0x000000076fa00000| PB 0x000000076fa00000| Complete |  0
| 382|0x000000076fc00000, 0x000000076fe00000, 0x000000076fe00000|100%| E|CS|TAMS 0x000000076fc00000| PB 0x000000076fc00000| Complete |  0
| 383|0x000000076fe00000, 0x0000000770000000, 0x0000000770000000|100%| E|CS|TAMS 0x000000076fe00000| PB 0x000000076fe00000| Complete |  0
| 384|0x0000000770000000, 0x0000000770200000, 0x0000000770200000|100%| E|CS|TAMS 0x0000000770000000| PB 0x0000000770000000| Complete |  0
| 385|0x0000000770200000, 0x0000000770400000, 0x0000000770400000|100%| E|CS|TAMS 0x0000000770200000| PB 0x0000000770200000| Complete |  0
| 386|0x0000000770400000, 0x0000000770600000, 0x0000000770600000|100%| E|CS|TAMS 0x0000000770400000| PB 0x0000000770400000| Complete |  0
| 387|0x0000000770600000, 0x0000000770800000, 0x0000000770800000|100%| E|CS|TAMS 0x0000000770600000| PB 0x0000000770600000| Complete |  0
| 388|0x0000000770800000, 0x0000000770a00000, 0x0000000770a00000|100%| E|CS|TAMS 0x0000000770800000| PB 0x0000000770800000| Complete |  0
| 389|0x0000000770a00000, 0x0000000770c00000, 0x0000000770c00000|100%| E|CS|TAMS 0x0000000770a00000| PB 0x0000000770a00000| Complete |  0
| 390|0x0000000770c00000, 0x0000000770e00000, 0x0000000770e00000|100%| E|CS|TAMS 0x0000000770c00000| PB 0x0000000770c00000| Complete |  0
| 391|0x0000000770e00000, 0x0000000771000000, 0x0000000771000000|100%| E|CS|TAMS 0x0000000770e00000| PB 0x0000000770e00000| Complete |  0
| 392|0x0000000771000000, 0x0000000771200000, 0x0000000771200000|100%| E|CS|TAMS 0x0000000771000000| PB 0x0000000771000000| Complete |  0
| 393|0x0000000771200000, 0x0000000771400000, 0x0000000771400000|100%| E|CS|TAMS 0x0000000771200000| PB 0x0000000771200000| Complete |  0
| 394|0x0000000771400000, 0x0000000771600000, 0x0000000771600000|100%| E|CS|TAMS 0x0000000771400000| PB 0x0000000771400000| Complete |  0
| 395|0x0000000771600000, 0x0000000771800000, 0x0000000771800000|100%| E|CS|TAMS 0x0000000771600000| PB 0x0000000771600000| Complete |  0
| 396|0x0000000771800000, 0x0000000771a00000, 0x0000000771a00000|100%| E|CS|TAMS 0x0000000771800000| PB 0x0000000771800000| Complete |  0
| 397|0x0000000771a00000, 0x0000000771c00000, 0x0000000771c00000|100%| E|CS|TAMS 0x0000000771a00000| PB 0x0000000771a00000| Complete |  0
| 398|0x0000000771c00000, 0x0000000771e00000, 0x0000000771e00000|100%| E|CS|TAMS 0x0000000771c00000| PB 0x0000000771c00000| Complete |  0
| 399|0x0000000771e00000, 0x0000000772000000, 0x0000000772000000|100%| E|CS|TAMS 0x0000000771e00000| PB 0x0000000771e00000| Complete |  0
| 400|0x0000000772000000, 0x0000000772200000, 0x0000000772200000|100%| E|CS|TAMS 0x0000000772000000| PB 0x0000000772000000| Complete |  0
| 401|0x0000000772200000, 0x0000000772400000, 0x0000000772400000|100%| E|CS|TAMS 0x0000000772200000| PB 0x0000000772200000| Complete |  0
| 402|0x0000000772400000, 0x0000000772600000, 0x0000000772600000|100%| E|CS|TAMS 0x0000000772400000| PB 0x0000000772400000| Complete |  0
| 403|0x0000000772600000, 0x0000000772800000, 0x0000000772800000|100%| E|CS|TAMS 0x0000000772600000| PB 0x0000000772600000| Complete |  0
| 404|0x0000000772800000, 0x0000000772a00000, 0x0000000772a00000|100%| E|CS|TAMS 0x0000000772800000| PB 0x0000000772800000| Complete |  0
| 405|0x0000000772a00000, 0x0000000772c00000, 0x0000000772c00000|100%| E|CS|TAMS 0x0000000772a00000| PB 0x0000000772a00000| Complete |  0
| 406|0x0000000772c00000, 0x0000000772e00000, 0x0000000772e00000|100%| E|CS|TAMS 0x0000000772c00000| PB 0x0000000772c00000| Complete |  0
| 407|0x0000000772e00000, 0x0000000773000000, 0x0000000773000000|100%| E|CS|TAMS 0x0000000772e00000| PB 0x0000000772e00000| Complete |  0
| 408|0x0000000773000000, 0x0000000773200000, 0x0000000773200000|100%| E|CS|TAMS 0x0000000773000000| PB 0x0000000773000000| Complete |  0
| 409|0x0000000773200000, 0x0000000773400000, 0x0000000773400000|100%| E|CS|TAMS 0x0000000773200000| PB 0x0000000773200000| Complete |  0
| 410|0x0000000773400000, 0x0000000773600000, 0x0000000773600000|100%| E|CS|TAMS 0x0000000773400000| PB 0x0000000773400000| Complete |  0
| 411|0x0000000773600000, 0x0000000773800000, 0x0000000773800000|100%| E|CS|TAMS 0x0000000773600000| PB 0x0000000773600000| Complete |  0
| 412|0x0000000773800000, 0x0000000773a00000, 0x0000000773a00000|100%| E|CS|TAMS 0x0000000773800000| PB 0x0000000773800000| Complete |  0
| 413|0x0000000773a00000, 0x0000000773c00000, 0x0000000773c00000|100%| E|CS|TAMS 0x0000000773a00000| PB 0x0000000773a00000| Complete |  0
| 414|0x0000000773c00000, 0x0000000773e00000, 0x0000000773e00000|100%| E|CS|TAMS 0x0000000773c00000| PB 0x0000000773c00000| Complete |  0
| 415|0x0000000773e00000, 0x0000000774000000, 0x0000000774000000|100%| E|CS|TAMS 0x0000000773e00000| PB 0x0000000773e00000| Complete |  1
| 416|0x0000000774000000, 0x0000000774200000, 0x0000000774200000|100%| E|CS|TAMS 0x0000000774000000| PB 0x0000000774000000| Complete |  0
| 417|0x0000000774200000, 0x0000000774400000, 0x0000000774400000|100%| E|CS|TAMS 0x0000000774200000| PB 0x0000000774200000| Complete |  0
| 418|0x0000000774400000, 0x0000000774600000, 0x0000000774600000|100%| E|CS|TAMS 0x0000000774400000| PB 0x0000000774400000| Complete |  0
| 419|0x0000000774600000, 0x0000000774800000, 0x0000000774800000|100%| E|CS|TAMS 0x0000000774600000| PB 0x0000000774600000| Complete |  1
| 420|0x0000000774800000, 0x0000000774a00000, 0x0000000774a00000|100%| E|CS|TAMS 0x0000000774800000| PB 0x0000000774800000| Complete |  0
| 421|0x0000000774a00000, 0x0000000774c00000, 0x0000000774c00000|100%| E|CS|TAMS 0x0000000774a00000| PB 0x0000000774a00000| Complete |  0
| 422|0x0000000774c00000, 0x0000000774e00000, 0x0000000774e00000|100%| E|CS|TAMS 0x0000000774c00000| PB 0x0000000774c00000| Complete |  0
| 542|0x0000000783c00000, 0x0000000783e00000, 0x0000000783e00000|100%| E|CS|TAMS 0x0000000783c00000| PB 0x0000000783c00000| Complete |  0
| 543|0x0000000783e00000, 0x0000000784000000, 0x0000000784000000|100%| E|CS|TAMS 0x0000000783e00000| PB 0x0000000783e00000| Complete |  0
| 544|0x0000000784000000, 0x0000000784200000, 0x0000000784200000|100%| E|CS|TAMS 0x0000000784000000| PB 0x0000000784000000| Complete |  0
| 545|0x0000000784200000, 0x0000000784400000, 0x0000000784400000|100%| E|CS|TAMS 0x0000000784200000| PB 0x0000000784200000| Complete |  0
| 546|0x0000000784400000, 0x0000000784600000, 0x0000000784600000|100%| E|CS|TAMS 0x0000000784400000| PB 0x0000000784400000| Complete |  0
| 547|0x0000000784600000, 0x0000000784800000, 0x0000000784800000|100%| E|CS|TAMS 0x0000000784600000| PB 0x0000000784600000| Complete |  0
| 548|0x0000000784800000, 0x0000000784a00000, 0x0000000784a00000|100%| E|CS|TAMS 0x0000000784800000| PB 0x0000000784800000| Complete |  0
| 549|0x0000000784a00000, 0x0000000784c00000, 0x0000000784c00000|100%| E|CS|TAMS 0x0000000784a00000| PB 0x0000000784a00000| Complete |  0
| 550|0x0000000784c00000, 0x0000000784e00000, 0x0000000784e00000|100%| E|CS|TAMS 0x0000000784c00000| PB 0x0000000784c00000| Complete |  0
| 551|0x0000000784e00000, 0x0000000785000000, 0x0000000785000000|100%| E|CS|TAMS 0x0000000784e00000| PB 0x0000000784e00000| Complete |  0
| 552|0x0000000785000000, 0x0000000785200000, 0x0000000785200000|100%| E|CS|TAMS 0x0000000785000000| PB 0x0000000785000000| Complete |  0
| 553|0x0000000785200000, 0x0000000785400000, 0x0000000785400000|100%| E|CS|TAMS 0x0000000785200000| PB 0x0000000785200000| Complete |  0
| 612|0x000000078c800000, 0x000000078c9ffe40, 0x000000078ca00000| 99%| E|  |TAMS 0x000000078c800000| PB 0x000000078c800000| Complete |  0
| 613|0x000000078ca00000, 0x000000078cc00000, 0x000000078cc00000|100%| E|CS|TAMS 0x000000078ca00000| PB 0x000000078ca00000| Complete |  0

Card table byte_map: [0x000002a315b10000,0x000002a316110000] _byte_map_base: 0x000002a312110000

Marking Bits: (CMBitMap*) 0x000002a37f833f70
 Bits: [0x000002a316110000, 0x000002a319110000)

Polling page: 0x000002a37e640000

Metaspace:
Metaspace        used 220107K, committed 222336K, reserved 1048576K
 class space     used 29719K, committed 30784K, reserved 851968K

Usage:
  Non-class:    185.93 MB used.
      Class:     29.02 MB used.
       Both:    214.95 MB used.

Virtual space:
  Non-class space:      192.00 MB reserved,     187.06 MB ( 97%) committed,  3 nodes.
      Class space:      832.00 MB reserved,      30.06 MB (  4%) committed,  1 nodes.
             Both:        1.00 GB reserved,     217.12 MB ( 21%) committed. 

Chunk freelists:
   Non-Class:  4.79 MB
       Class:  1.85 MB
        Both:  6.64 MB

MaxMetaspaceSize: 1.00 GB
CompressedClassSpaceSize: 832.00 MB
Initial GC threshold: 21.00 MB
Current GC threshold: 361.88 MB
CDS: off
 - commit_granule_bytes: 65536.
 - commit_granule_words: 8192.
 - virtual_space_node_default_size: 8388608.
 - enlarge_chunks_in_place: 1.
UseCompressedClassPointers 1, UseCompactObjectHeaders 0
Narrow klass pointer bits 32, Max shift 3
Narrow klass base: 0x0000000000000000, Narrow klass shift: 0
Encoding Range: [0x0000000000000000 - 0x0000000100000000), (4294967296 bytes)
Klass Range:    [0x0000000011000000 - 0x0000000045000000), (872415232 bytes)
Klass ID Range:  [285212672 - 1157627897) (872415225)
No protection zone.


Internal statistics:

num_allocs_failed_limit: 12.
num_arena_births: 4348.
num_arena_deaths: 2.
num_vsnodes_births: 4.
num_vsnodes_deaths: 0.
num_space_committed: 3473.
num_space_uncommitted: 0.
num_chunks_returned_to_freelist: 16.
num_chunks_taken_from_freelist: 12379.
num_chunk_merges: 12.
num_chunk_splits: 9063.
num_chunks_enlarged: 6893.
num_inconsistent_stats: 0.

CodeHeap 'non-profiled nmethods': size=127104Kb used=16670Kb max_used=17554Kb free=110433Kb
 bounds [0x000002a30cc20000, 0x000002a30dd70000, 0x000002a314840000]
CodeHeap 'profiled nmethods': size=127040Kb used=44844Kb max_used=50834Kb free=82195Kb
 bounds [0x000002a304840000, 0x000002a307a10000, 0x000002a30c450000]
CodeHeap 'non-nmethods': size=8000Kb used=4990Kb max_used=5153Kb free=3009Kb
 bounds [0x000002a30c450000, 0x000002a30c990000, 0x000002a30cc20000]
CodeCache: size=262144Kb, used=66504Kb, max_used=73541Kb, free=195637Kb
 total_blobs=24557, nmethods=23301, adapters=1151, full_count=0
Compilation: enabled, stopped_count=0, restarted_count=0

Compilation events (20 events):
Event: 59.268 Thread 0x000002a328bf3ab0 53616       4       org.gradle.internal.instrumentation.reporting.listener.MethodInterceptionListener$$Lambda/0x0000000012024000::onInterceptedMethodInstruction (15 bytes)
Event: 59.268 Thread 0x000002a328bf1260 nmethod 53615 0x000002a30d456108 code [0x000002a30d456200, 0x000002a30d456310]
Event: 59.268 Thread 0x000002a328bf3ab0 nmethod 53616 0x000002a30d46e388 code [0x000002a30d46e480, 0x000002a30d46e4f8]
Event: 59.269 Thread 0x000002a328bf1260 53617       4       org.gradle.api.internal.provider.Providers$FixedValueProvider::calculateOwnValue (8 bytes)
Event: 59.269 Thread 0x000002a328bf1260 nmethod 53617 0x000002a30d46e088 code [0x000002a30d46e180, 0x000002a30d46e280]
Event: 59.272 Thread 0x000002a32104bab0 nmethod 53562 0x000002a30cd69908 code [0x000002a30cd69a00, 0x000002a30cd6e978]
Event: 59.279 Thread 0x000002a3403c1140 53619       4       com.google.common.collect.ImmutableMultimap$Builder::newValueCollectionBuilderWithExpectedSize (5 bytes)
Event: 59.279 Thread 0x000002a328852360 53618       3       org.objectweb.asm.tree.ClassNode::visitSource (11 bytes)
Event: 59.279 Thread 0x000002a328852360 nmethod 53618 0x000002a304d33b88 code [0x000002a304d33c80, 0x000002a304d33e50]
Event: 59.280 Thread 0x000002a3403c1140 nmethod 53619 0x000002a30d487588 code [0x000002a30d487680, 0x000002a30d487940]
Event: 59.283 Thread 0x000002a328bf42c0 nmethod 53614 0x000002a30ce38608 code [0x000002a30ce38700, 0x000002a30ce3ad80]
Event: 59.291 Thread 0x000002a328bf32a0 53620       4       org.gradle.util.internal.DeferredUtil::unpack (46 bytes)
Event: 59.293 Thread 0x000002a328bf1260 53621       4       org.apache.commons.io.FilenameUtils::getPrefixLength (343 bytes)
Event: 59.294 Thread 0x000002a328bf32a0 nmethod 53620 0x000002a30d494c08 code [0x000002a30d494d00, 0x000002a30d495250]
Event: 59.295 Thread 0x000002a328bf1260 nmethod 53621 0x000002a30d495d08 code [0x000002a30d495e00, 0x000002a30d496208]
Event: 59.298 Thread 0x000002a328bf0240 53622       4       org.gradle.internal.snapshot.FileSystemLeafSnapshot::accept (8 bytes)
Event: 59.298 Thread 0x000002a328bf0240 nmethod 53622 0x000002a30d4b8388 code [0x000002a30d4b8480, 0x000002a30d4b8528]
Event: 59.302 Thread 0x000002a328bf32a0 53623       4       org.apache.commons.compress.archivers.zip.ZipArchiveOutputStream::writeCentralDirectoryInChunks (96 bytes)
Event: 59.317 Thread 0x000002a328bf0240 53624   !   4       java.io.IoOverNioFileSystem::initializeStreamUsingNio (31 bytes)
Event: 59.318 Thread 0x000002a328bf32a0 nmethod 53623 0x000002a30d45f808 code [0x000002a30d45f900, 0x000002a30d460cb0]

GC Heap Usage History (20 events):
Event: 58.494 {heap Before GC invocations=137 (full 0):
 garbage-first heap   total reserved 3145728K, committed 634880K, used 572065K [0x0000000740000000, 0x0000000800000000)
  region size 2048K, 178 young (364544K), 15 survivors (30720K)
}
Event: 58.500 {heap After GC invocations=138 (full 0):
 garbage-first heap   total reserved 3145728K, committed 634880K, used 252271K [0x0000000740000000, 0x0000000800000000)
  region size 2048K, 16 young (32768K), 16 survivors (32768K)
}
Event: 58.579 {heap Before GC invocations=138 (full 0):
 garbage-first heap   total reserved 3145728K, committed 634880K, used 577903K [0x0000000740000000, 0x0000000800000000)
  region size 2048K, 176 young (360448K), 16 survivors (32768K)
}
Event: 58.584 {heap After GC invocations=139 (full 0):
 garbage-first heap   total reserved 3145728K, committed 634880K, used 252293K [0x0000000740000000, 0x0000000800000000)
  region size 2048K, 11 young (22528K), 11 survivors (22528K)
}
Event: 58.797 {heap Before GC invocations=139 (full 0):
 garbage-first heap   total reserved 3145728K, committed 634880K, used 582021K [0x0000000740000000, 0x0000000800000000)
  region size 2048K, 173 young (354304K), 11 survivors (22528K)
}
Event: 58.801 {heap After GC invocations=140 (full 0):
 garbage-first heap   total reserved 3145728K, committed 634880K, used 258133K [0x0000000740000000, 0x0000000800000000)
  region size 2048K, 14 young (28672K), 14 survivors (28672K)
}
Event: 58.888 {heap Before GC invocations=141 (full 0):
 garbage-first heap   total reserved 3145728K, committed 634880K, used 585813K [0x0000000740000000, 0x0000000800000000)
  region size 2048K, 175 young (358400K), 14 survivors (28672K)
}
Event: 58.892 {heap After GC invocations=142 (full 0):
 garbage-first heap   total reserved 3145728K, committed 634880K, used 261696K [0x0000000740000000, 0x0000000800000000)
  region size 2048K, 12 young (24576K), 12 survivors (24576K)
}
Event: 58.965 {heap Before GC invocations=142 (full 0):
 garbage-first heap   total reserved 3145728K, committed 634880K, used 591424K [0x0000000740000000, 0x0000000800000000)
  region size 2048K, 173 young (354304K), 12 survivors (24576K)
}
Event: 58.970 {heap After GC invocations=143 (full 0):
 garbage-first heap   total reserved 3145728K, committed 634880K, used 261148K [0x0000000740000000, 0x0000000800000000)
  region size 2048K, 13 young (26624K), 13 survivors (26624K)
}
Event: 59.024 {heap Before GC invocations=143 (full 0):
 garbage-first heap   total reserved 3145728K, committed 634880K, used 597020K [0x0000000740000000, 0x0000000800000000)
  region size 2048K, 178 young (364544K), 13 survivors (26624K)
}
Event: 59.028 {heap After GC invocations=144 (full 0):
 garbage-first heap   total reserved 3145728K, committed 634880K, used 264315K [0x0000000740000000, 0x0000000800000000)
  region size 2048K, 15 young (30720K), 15 survivors (30720K)
}
Event: 59.077 {heap Before GC invocations=144 (full 0):
 garbage-first heap   total reserved 3145728K, committed 634880K, used 598139K [0x0000000740000000, 0x0000000800000000)
  region size 2048K, 179 young (366592K), 15 survivors (30720K)
}
Event: 59.081 {heap After GC invocations=145 (full 0):
 garbage-first heap   total reserved 3145728K, committed 1138688K, used 267223K [0x0000000740000000, 0x0000000800000000)
  region size 2048K, 11 young (22528K), 11 survivors (22528K)
}
Event: 59.175 {heap Before GC invocations=146 (full 0):
 garbage-first heap   total reserved 3145728K, committed 894976K, used 779223K [0x0000000740000000, 0x0000000800000000)
  region size 2048K, 262 young (536576K), 11 survivors (22528K)
}
Event: 59.178 {heap After GC invocations=147 (full 0):
 garbage-first heap   total reserved 3145728K, committed 894976K, used 268990K [0x0000000740000000, 0x0000000800000000)
  region size 2048K, 12 young (24576K), 12 survivors (24576K)
}
Event: 59.246 {heap Before GC invocations=147 (full 0):
 garbage-first heap   total reserved 3145728K, committed 894976K, used 778942K [0x0000000740000000, 0x0000000800000000)
  region size 2048K, 262 young (536576K), 12 survivors (24576K)
}
Event: 59.251 {heap After GC invocations=148 (full 0):
 garbage-first heap   total reserved 3145728K, committed 894976K, used 262816K [0x0000000740000000, 0x0000000800000000)
  region size 2048K, 13 young (26624K), 13 survivors (26624K)
}
Event: 59.311 {heap Before GC invocations=148 (full 0):
 garbage-first heap   total reserved 3145728K, committed 894976K, used 770720K [0x0000000740000000, 0x0000000800000000)
  region size 2048K, 262 young (536576K), 13 survivors (26624K)
}
Event: 59.316 {heap After GC invocations=149 (full 0):
 garbage-first heap   total reserved 3145728K, committed 894976K, used 264534K [0x0000000740000000, 0x0000000800000000)
  region size 2048K, 14 young (28672K), 14 survivors (28672K)
}

Metaspace Usage History (20 events):
Event: 58.494 {metaspace Before GC invocations=137 (full 0):
 Metaspace       used 220092K, committed 222336K, reserved 1048576K
  class space    used 29722K, committed 30784K, reserved 851968K
}
Event: 58.500 {metaspace After GC invocations=138 (full 0):
 Metaspace       used 220092K, committed 222336K, reserved 1048576K
  class space    used 29722K, committed 30784K, reserved 851968K
}
Event: 58.579 {metaspace Before GC invocations=138 (full 0):
 Metaspace       used 220093K, committed 222336K, reserved 1048576K
  class space    used 29722K, committed 30784K, reserved 851968K
}
Event: 58.584 {metaspace After GC invocations=139 (full 0):
 Metaspace       used 220093K, committed 222336K, reserved 1048576K
  class space    used 29722K, committed 30784K, reserved 851968K
}
Event: 58.797 {metaspace Before GC invocations=139 (full 0):
 Metaspace       used 220105K, committed 222336K, reserved 1048576K
  class space    used 29723K, committed 30784K, reserved 851968K
}
Event: 58.801 {metaspace After GC invocations=140 (full 0):
 Metaspace       used 220105K, committed 222336K, reserved 1048576K
  class space    used 29723K, committed 30784K, reserved 851968K
}
Event: 58.888 {metaspace Before GC invocations=141 (full 0):
 Metaspace       used 220093K, committed 222336K, reserved 1048576K
  class space    used 29718K, committed 30784K, reserved 851968K
}
Event: 58.892 {metaspace After GC invocations=142 (full 0):
 Metaspace       used 220093K, committed 222336K, reserved 1048576K
  class space    used 29718K, committed 30784K, reserved 851968K
}
Event: 58.965 {metaspace Before GC invocations=142 (full 0):
 Metaspace       used 220094K, committed 222336K, reserved 1048576K
  class space    used 29718K, committed 30784K, reserved 851968K
}
Event: 58.970 {metaspace After GC invocations=143 (full 0):
 Metaspace       used 220094K, committed 222336K, reserved 1048576K
  class space    used 29718K, committed 30784K, reserved 851968K
}
Event: 59.024 {metaspace Before GC invocations=143 (full 0):
 Metaspace       used 220095K, committed 222336K, reserved 1048576K
  class space    used 29718K, committed 30784K, reserved 851968K
}
Event: 59.028 {metaspace After GC invocations=144 (full 0):
 Metaspace       used 220095K, committed 222336K, reserved 1048576K
  class space    used 29718K, committed 30784K, reserved 851968K
}
Event: 59.077 {metaspace Before GC invocations=144 (full 0):
 Metaspace       used 220097K, committed 222336K, reserved 1048576K
  class space    used 29718K, committed 30784K, reserved 851968K
}
Event: 59.081 {metaspace After GC invocations=145 (full 0):
 Metaspace       used 220097K, committed 222336K, reserved 1048576K
  class space    used 29718K, committed 30784K, reserved 851968K
}
Event: 59.175 {metaspace Before GC invocations=146 (full 0):
 Metaspace       used 220101K, committed 222336K, reserved 1048576K
  class space    used 29718K, committed 30784K, reserved 851968K
}
Event: 59.178 {metaspace After GC invocations=147 (full 0):
 Metaspace       used 220101K, committed 222336K, reserved 1048576K
  class space    used 29718K, committed 30784K, reserved 851968K
}
Event: 59.246 {metaspace Before GC invocations=147 (full 0):
 Metaspace       used 220103K, committed 222336K, reserved 1048576K
  class space    used 29719K, committed 30784K, reserved 851968K
}
Event: 59.251 {metaspace After GC invocations=148 (full 0):
 Metaspace       used 220103K, committed 222336K, reserved 1048576K
  class space    used 29719K, committed 30784K, reserved 851968K
}
Event: 59.311 {metaspace Before GC invocations=148 (full 0):
 Metaspace       used 220107K, committed 222336K, reserved 1048576K
  class space    used 29719K, committed 30784K, reserved 851968K
}
Event: 59.316 {metaspace After GC invocations=149 (full 0):
 Metaspace       used 220107K, committed 222336K, reserved 1048576K
  class space    used 29719K, committed 30784K, reserved 851968K
}

Dll operation events (3 events):
Event: 0.008 Loaded shared library C:\Program Files\Android\Android Studio\jbr\bin\java.dll
Event: 0.011 Loaded shared library C:\Program Files\Android\Android Studio\jbr\bin\zip.dll
Event: 0.243 Loaded shared library C:\Program Files\Android\Android Studio\jbr\bin\verify.dll

Deoptimization events (20 events):
Event: 58.996 Thread 0x000002a340812540 Uncommon trap: trap_request=0xffffff45 fr.pc=0x000002a30d008570 relative=0x0000000000004070
Event: 58.996 Thread 0x000002a340812540 Uncommon trap: reason=unstable_if action=reinterpret pc=0x000002a30d008570 method=org.gradle.internal.classpath.transforms.LambdaSerializationTransformer$1.<init>(Lorg/gradle/internal/classpath/transforms/LambdaSerializationTransformer;Lorg/objectweb/asm/
Event: 58.996 Thread 0x000002a340812540 DEOPT PACKING pc=0x000002a30d008570 sp=0x000000ee4a4faca0
Event: 58.996 Thread 0x000002a340812540 DEOPT UNPACKING pc=0x000002a30c577e02 sp=0x000000ee4a4fac60 mode 2
Event: 59.095 Thread 0x000002a322974920 DEOPT PACKING pc=0x000002a30631f7d4 sp=0x000000ee491fbdb0
Event: 59.095 Thread 0x000002a322974920 DEOPT UNPACKING pc=0x000002a30c4a12a2 sp=0x000000ee491fb338 mode 0
Event: 59.132 Thread 0x000002a3316d67d0 DEOPT PACKING pc=0x000002a304c7a8e4 sp=0x000000ee496fb800
Event: 59.132 Thread 0x000002a3316d67d0 DEOPT UNPACKING pc=0x000002a30c4a12a2 sp=0x000000ee496facc8 mode 0
Event: 59.229 Thread 0x000002a3268ddf10 Uncommon trap: trap_request=0xffffff45 fr.pc=0x000002a30d144aa4 relative=0x00000000000020a4
Event: 59.229 Thread 0x000002a3268ddf10 Uncommon trap: reason=unstable_if action=reinterpret pc=0x000002a30d144aa4 method=org.objectweb.asm.SymbolTable.addConstantMemberReference(ILjava/lang/String;Ljava/lang/String;Ljava/lang/String;)Lorg/objectweb/asm/SymbolTable$Entry; @ 63 c2
Event: 59.229 Thread 0x000002a3268ddf10 DEOPT PACKING pc=0x000002a30d144aa4 sp=0x000000ee481fb230
Event: 59.229 Thread 0x000002a3268ddf10 DEOPT UNPACKING pc=0x000002a30c577e02 sp=0x000000ee481fb218 mode 2
Event: 59.229 Thread 0x000002a3268ddf10 Uncommon trap: trap_request=0xffffff45 fr.pc=0x000002a30d2afff8 relative=0x0000000000000e78
Event: 59.229 Thread 0x000002a3268ddf10 Uncommon trap: reason=unstable_if action=reinterpret pc=0x000002a30d2afff8 method=org.objectweb.asm.SymbolTable.addConstantNameAndType(Ljava/lang/String;Ljava/lang/String;)I @ 54 c2
Event: 59.229 Thread 0x000002a3268ddf10 DEOPT PACKING pc=0x000002a30d2afff8 sp=0x000000ee481fb1c0
Event: 59.229 Thread 0x000002a3268ddf10 DEOPT UNPACKING pc=0x000002a30c577e02 sp=0x000000ee481fb178 mode 2
Event: 59.230 Thread 0x000002a32c2c76d0 DEOPT PACKING pc=0x000002a30631f7d4 sp=0x000000ee4a3fbb10
Event: 59.230 Thread 0x000002a32c2c76d0 DEOPT UNPACKING pc=0x000002a30c4a12a2 sp=0x000000ee4a3fb098 mode 0
Event: 59.302 Thread 0x000002a3316d67d0 DEOPT PACKING pc=0x000002a304f2ec60 sp=0x000000ee496fb4b0
Event: 59.302 Thread 0x000002a3316d67d0 DEOPT UNPACKING pc=0x000002a30c4a12a2 sp=0x000000ee496fa9a0 mode 0

Classes loaded (20 events):
Event: 50.828 Loading class java/lang/invoke/MethodHandleImpl$Makers$1
Event: 50.828 Loading class java/lang/invoke/MethodHandleImpl$Makers$1 done
Event: 50.828 Loading class java/lang/invoke/MethodHandleImpl$Makers$2
Event: 50.828 Loading class java/lang/invoke/MethodHandleImpl$Makers$2 done
Event: 50.828 Loading class java/lang/invoke/MethodHandleImpl$Makers$3
Event: 50.828 Loading class java/lang/invoke/MethodHandleImpl$Makers$3 done
Event: 50.828 Loading class java/lang/invoke/MethodHandleImpl$CountingWrapper
Event: 50.828 Loading class java/lang/invoke/MethodHandleImpl$CountingWrapper done
Event: 50.847 Loading class java/util/AbstractCollectionBeanInfo
Event: 50.847 Loading class java/util/AbstractCollectionBeanInfo done
Event: 50.847 Loading class java/util/AbstractCollectionBeanInfo
Event: 50.847 Loading class java/util/AbstractCollectionBeanInfo done
Event: 50.847 Loading class java/util/AbstractCollectionCustomizer
Event: 50.847 Loading class java/util/AbstractCollectionCustomizer done
Event: 50.847 Loading class java/util/AbstractCollectionCustomizer
Event: 50.847 Loading class java/util/AbstractCollectionCustomizer done
Event: 53.403 Loading class java/util/Collections$ReverseComparator
Event: 53.403 Loading class java/util/Collections$ReverseComparator done
Event: 53.403 Loading class java/util/Collections$ReverseComparator2
Event: 53.403 Loading class java/util/Collections$ReverseComparator2 done

Classes unloaded (4 events):
Event: 58.851 Thread 0x000002a31bed5930 Unloading class 0x0000000012e05000 '_BuildScript_$_run_closure1$_closure3'
Event: 58.851 Thread 0x000002a31bed5930 Unloading class 0x0000000012e04968 '_BuildScript_$_run_closure1$_closure2'
Event: 58.851 Thread 0x000002a31bed5930 Unloading class 0x0000000012e04540 '_BuildScript_$_run_closure1'
Event: 58.851 Thread 0x000002a31bed5930 Unloading class 0x0000000012e04000 '_BuildScript_'

Classes redefined (0 events):
No events

Internal exceptions (20 events):
Event: 59.308 Thread 0x000002a33154a800 Exception <a 'sun/nio/fs/WindowsException'{0x00000007590950c8}> (0x00000007590950c8) 
thrown [s\src\hotspot\share\prims\jni.cpp, line 535]
Event: 59.308 Thread 0x000002a33154a800 Exception <a 'sun/nio/fs/WindowsException'{0x0000000759095f78}> (0x0000000759095f78) 
thrown [s\src\hotspot\share\prims\jni.cpp, line 535]
Event: 59.308 Thread 0x000002a33154a800 Exception <a 'sun/nio/fs/WindowsException'{0x0000000759097050}> (0x0000000759097050) 
thrown [s\src\hotspot\share\prims\jni.cpp, line 535]
Event: 59.308 Thread 0x000002a33154a800 Exception <a 'sun/nio/fs/WindowsException'{0x00000007590983e8}> (0x00000007590983e8) 
thrown [s\src\hotspot\share\prims\jni.cpp, line 535]
Event: 59.308 Thread 0x000002a3316d6fa0 Exception <a 'sun/nio/fs/WindowsException'{0x0000000759020d50}> (0x0000000759020d50) 
thrown [s\src\hotspot\share\prims\jni.cpp, line 535]
Event: 59.308 Thread 0x000002a3316d6fa0 Exception <a 'sun/nio/fs/WindowsException'{0x0000000758db3c30}> (0x0000000758db3c30) 
thrown [s\src\hotspot\share\prims\jni.cpp, line 535]
Event: 59.308 Thread 0x000002a3316d6fa0 Exception <a 'sun/nio/fs/WindowsException'{0x0000000758db4ae0}> (0x0000000758db4ae0) 
thrown [s\src\hotspot\share\prims\jni.cpp, line 535]
Event: 59.308 Thread 0x000002a3316d6fa0 Exception <a 'sun/nio/fs/WindowsException'{0x0000000758db5bb8}> (0x0000000758db5bb8) 
thrown [s\src\hotspot\share\prims\jni.cpp, line 535]
Event: 59.308 Thread 0x000002a3316d6fa0 Exception <a 'sun/nio/fs/WindowsException'{0x0000000758db6f50}> (0x0000000758db6f50) 
thrown [s\src\hotspot\share\prims\jni.cpp, line 535]
Event: 59.310 Thread 0x000002a32c2c76d0 Exception <a 'sun/nio/fs/WindowsException'{0x00000007598ae918}> (0x00000007598ae918) 
thrown [s\src\hotspot\share\prims\jni.cpp, line 535]
Event: 59.311 Thread 0x000002a33154a800 Exception <a 'sun/nio/fs/WindowsException'{0x00000007590b9388}> (0x00000007590b9388) 
thrown [s\src\hotspot\share\prims\jni.cpp, line 535]
Event: 59.311 Thread 0x000002a32269fbe0 Exception <a 'sun/nio/fs/WindowsException'{0x0000000759d9f980}> (0x0000000759d9f980) 
thrown [s\src\hotspot\share\prims\jni.cpp, line 535]
Event: 59.311 Thread 0x000002a3254bec40 Exception <a 'sun/nio/fs/WindowsException'{0x00000007583ce2a0}> (0x00000007583ce2a0) 
thrown [s\src\hotspot\share\prims\jni.cpp, line 535]
Event: 59.317 Thread 0x000002a3254bec40 Exception <a 'sun/nio/fs/WindowsException'{0x000000078cbb77f8}> (0x000000078cbb77f8) 
thrown [s\src\hotspot\share\prims\jni.cpp, line 535]
Event: 59.317 Thread 0x000002a3254bec40 Exception <a 'sun/nio/fs/WindowsException'{0x000000078cbb86a8}> (0x000000078cbb86a8) 
thrown [s\src\hotspot\share\prims\jni.cpp, line 535]
Event: 59.317 Thread 0x000002a3254bec40 Exception <a 'sun/nio/fs/WindowsException'{0x000000078cbb9780}> (0x000000078cbb9780) 
thrown [s\src\hotspot\share\prims\jni.cpp, line 535]
Event: 59.318 Thread 0x000002a3254bec40 Exception <a 'sun/nio/fs/WindowsException'{0x000000078cbbab18}> (0x000000078cbbab18) 
thrown [s\src\hotspot\share\prims\jni.cpp, line 535]
Event: 59.318 Thread 0x000002a3316d6fa0 Exception <a 'sun/nio/fs/WindowsException'{0x00000007852f0ca8}> (0x00000007852f0ca8) 
thrown [s\src\hotspot\share\prims\jni.cpp, line 535]
Event: 59.318 Thread 0x000002a32269fbe0 Exception <a 'sun/nio/fs/WindowsException'{0x000000078532c0c0}> (0x000000078532c0c0) 
thrown [s\src\hotspot\share\prims\jni.cpp, line 535]
Event: 59.319 Thread 0x000002a32a9a9b10 Exception <a 'sun/nio/fs/WindowsException'{0x000000078c908b80}> (0x000000078c908b80) 
thrown [s\src\hotspot\share\prims\jni.cpp, line 535]

VM Operations (20 events):
Event: 58.880 Executing safepoint VM operation: G1PauseCleanup
Event: 58.880 Executing safepoint VM operation: G1PauseCleanup done
Event: 58.888 Executing safepoint VM operation: G1CollectForAllocation (G1 Evacuation Pause)
Event: 58.892 Executing safepoint VM operation: G1CollectForAllocation (G1 Evacuation Pause) done
Event: 58.965 Executing safepoint VM operation: G1CollectForAllocation (G1 Evacuation Pause)
Event: 58.970 Executing safepoint VM operation: G1CollectForAllocation (G1 Evacuation Pause) done
Event: 59.024 Executing safepoint VM operation: G1CollectForAllocation (G1 Evacuation Pause)
Event: 59.028 Executing safepoint VM operation: G1CollectForAllocation (G1 Evacuation Pause) done
Event: 59.076 Executing safepoint VM operation: G1CollectForAllocation (G1 Evacuation Pause)
Event: 59.082 Executing safepoint VM operation: G1CollectForAllocation (G1 Evacuation Pause) done
Event: 59.086 Executing safepoint VM operation: G1PauseRemark
Event: 59.091 Executing safepoint VM operation: G1PauseRemark done
Event: 59.105 Executing safepoint VM operation: G1PauseCleanup
Event: 59.105 Executing safepoint VM operation: G1PauseCleanup done
Event: 59.175 Executing safepoint VM operation: G1CollectForAllocation (G1 Evacuation Pause)
Event: 59.178 Executing safepoint VM operation: G1CollectForAllocation (G1 Evacuation Pause) done
Event: 59.246 Executing safepoint VM operation: G1CollectForAllocation (G1 Evacuation Pause)
Event: 59.251 Executing safepoint VM operation: G1CollectForAllocation (G1 Evacuation Pause) done
Event: 59.311 Executing safepoint VM operation: G1CollectForAllocation (G1 Evacuation Pause)
Event: 59.317 Executing safepoint VM operation: G1CollectForAllocation (G1 Evacuation Pause) done

Memory protections (0 events):
No events

Nmethod flushes (20 events):
Event: 59.089 Thread 0x000002a31bed5930 flushing  nmethod 0x000002a307616108
Event: 59.089 Thread 0x000002a31bed5930 flushing  nmethod 0x000002a304e55608
Event: 59.089 Thread 0x000002a31bed5930 flushing  nmethod 0x000002a306299708
Event: 59.089 Thread 0x000002a31bed5930 flushing  nmethod 0x000002a306595d88
Event: 59.089 Thread 0x000002a31bed5930 flushing  nmethod 0x000002a306c05308
Event: 59.089 Thread 0x000002a31bed5930 flushing  nmethod 0x000002a306c05c08
Event: 59.089 Thread 0x000002a31bed5930 flushing  nmethod 0x000002a3075ad488
Event: 59.089 Thread 0x000002a31bed5930 flushing  nmethod 0x000002a30497e108
Event: 59.089 Thread 0x000002a31bed5930 flushing  nmethod 0x000002a304c28108
Event: 59.089 Thread 0x000002a31bed5930 flushing  nmethod 0x000002a3056bc388
Event: 59.089 Thread 0x000002a31bed5930 flushing  nmethod 0x000002a306117f88
Event: 59.089 Thread 0x000002a31bed5930 flushing  nmethod 0x000002a30d30ca08
Event: 59.089 Thread 0x000002a31bed5930 flushing  nmethod 0x000002a3074afd08
Event: 59.089 Thread 0x000002a31bed5930 flushing  nmethod 0x000002a3074b0588
Event: 59.089 Thread 0x000002a31bed5930 flushing  nmethod 0x000002a3074b3e08
Event: 59.089 Thread 0x000002a31bed5930 flushing  nmethod 0x000002a3052c5508
Event: 59.089 Thread 0x000002a31bed5930 flushing  nmethod 0x000002a305362c08
Event: 59.089 Thread 0x000002a31bed5930 flushing  nmethod 0x000002a3057b0108
Event: 59.089 Thread 0x000002a31bed5930 flushing  nmethod 0x000002a306437588
Event: 59.089 Thread 0x000002a31bed5930 flushing  nmethod 0x000002a3075a1b88

Events (20 events):
Event: 54.280 Thread 0x000002a3404334d0 Thread exited: 0x000002a3404334d0
Event: 54.394 Thread 0x000002a3272af960 Thread exited: 0x000002a3272af960
Event: 54.583 Thread 0x000002a330f8aa40 Thread exited: 0x000002a330f8aa40
Event: 54.858 Thread 0x000002a321076fa0 Thread added: 0x000002a3217e0b00
Event: 54.858 Thread 0x000002a321076fa0 Thread added: 0x000002a3217deac0
Event: 55.076 Thread 0x000002a3217deac0 Thread exited: 0x000002a3217deac0
Event: 55.820 Thread 0x000002a3217e0b00 Thread exited: 0x000002a3217e0b00
Event: 57.935 Thread 0x000002a3272999a0 Thread exited: 0x000002a3272999a0
Event: 58.366 Thread 0x000002a32c2240a0 Thread exited: 0x000002a32c2240a0
Event: 58.389 Thread 0x000002a321076fa0 Thread added: 0x000002a328bf3ab0
Event: 58.390 Thread 0x000002a321076fa0 Thread added: 0x000002a328bf32a0
Event: 58.390 Thread 0x000002a321076fa0 Thread added: 0x000002a328bf0240
Event: 58.390 Thread 0x000002a321076fa0 Thread added: 0x000002a328bf1260
Event: 58.390 Thread 0x000002a321076fa0 Thread added: 0x000002a328bf0a50
Event: 58.390 Thread 0x000002a321076fa0 Thread added: 0x000002a328bf42c0
Event: 58.390 Thread 0x000002a321076fa0 Thread added: 0x000002a3261e16d0
Event: 58.390 Thread 0x000002a328bf0240 Thread added: 0x000002a3403c1140
Event: 58.391 Thread 0x000002a328bf0240 Thread added: 0x000002a3403bd8d0
Event: 58.793 Thread 0x000002a321076fa0 Thread added: 0x000002a3219b7490
Event: 58.793 Thread 0x000002a328852360 Thread added: 0x000002a32a159f80


Dynamic libraries:
0x00007ff7f2da0000 - 0x00007ff7f2daa000 	C:\Program Files\Android\Android Studio\jbr\bin\java.exe
0x00007ff9ff080000 - 0x00007ff9ff2e6000 	C:\WINDOWS\SYSTEM32\ntdll.dll
0x00007ff9fdfb0000 - 0x00007ff9fe079000 	C:\WINDOWS\System32\KERNEL32.DLL
0x00007ff9fc780000 - 0x00007ff9fcb7f000 	C:\WINDOWS\System32\KERNELBASE.dll
0x00007ff9fc620000 - 0x00007ff9fc76c000 	C:\WINDOWS\System32\ucrtbase.dll
0x00007ff9ccd60000 - 0x00007ff9ccd76000 	C:\Program Files\Android\Android Studio\jbr\bin\jli.dll
0x00007ff9f8070000 - 0x00007ff9f808b000 	C:\Program Files\Android\Android Studio\jbr\bin\VCRUNTIME140.dll
0x00007ff9fe2f0000 - 0x00007ff9fe4b6000 	C:\WINDOWS\System32\USER32.dll
0x00007ff9de4d0000 - 0x00007ff9de761000 	C:\WINDOWS\WinSxS\amd64_microsoft.windows.common-controls_6595b64144ccf1df_6.0.26100.8972_none_3e0da176e32f9d4b\COMCTL32.dll
0x00007ff9fcd80000 - 0x00007ff9fcda7000 	C:\WINDOWS\System32\win32u.dll
0x00007ff9fe0a0000 - 0x00007ff9fe149000 	C:\WINDOWS\System32\msvcrt.dll
0x00007ff9fce10000 - 0x00007ff9fce3b000 	C:\WINDOWS\System32\GDI32.dll
0x00007ff9fcb90000 - 0x00007ff9fccb9000 	C:\WINDOWS\System32\gdi32full.dll
0x00007ff9fc320000 - 0x00007ff9fc3c3000 	C:\WINDOWS\System32\msvcp_win.dll
0x00007ff9fcfd0000 - 0x00007ff9fd002000 	C:\WINDOWS\System32\IMM32.DLL
0x00007ff9f8060000 - 0x00007ff9f806c000 	C:\Program Files\Android\Android Studio\jbr\bin\vcruntime140_1.dll
0x00007ff9696d0000 - 0x00007ff96975d000 	C:\Program Files\Android\Android Studio\jbr\bin\msvcp140.dll
0x00007ff95d7f0000 - 0x00007ff95e6ca000 	C:\Program Files\Android\Android Studio\jbr\bin\server\jvm.dll
0x00007ff9fde50000 - 0x00007ff9fdf0c000 	C:\WINDOWS\System32\ADVAPI32.dll
0x00007ff9fee90000 - 0x00007ff9fef39000 	C:\WINDOWS\System32\sechost.dll
0x00007ff9fed70000 - 0x00007ff9fee88000 	C:\WINDOWS\System32\RPCRT4.dll
0x00007ff9fe850000 - 0x00007ff9fe8d2000 	C:\WINDOWS\System32\WS2_32.dll
0x00007ff9eb990000 - 0x00007ff9eb9c6000 	C:\WINDOWS\SYSTEM32\WINMM.dll
0x00007ff9f44f0000 - 0x00007ff9f44fb000 	C:\WINDOWS\SYSTEM32\VERSION.dll
0x00007ff9fbf30000 - 0x00007ff9fbf8e000 	C:\WINDOWS\SYSTEM32\POWRPROF.dll
0x00007ff9fbf10000 - 0x00007ff9fbf25000 	C:\WINDOWS\SYSTEM32\UMPDC.dll
0x00007ff9faf40000 - 0x00007ff9faf5b000 	C:\WINDOWS\SYSTEM32\kernel.appcore.dll
0x00007ff9f8050000 - 0x00007ff9f805a000 	C:\Program Files\Android\Android Studio\jbr\bin\jimage.dll
0x00007ff9f2f70000 - 0x00007ff9f31b2000 	C:\WINDOWS\SYSTEM32\DBGHELP.DLL
0x00007ff9fe4c0000 - 0x00007ff9fe845000 	C:\WINDOWS\System32\combase.dll
0x00007ff9fd300000 - 0x00007ff9fd3d9000 	C:\WINDOWS\System32\OLEAUT32.dll
0x00007ff9d3310000 - 0x00007ff9d334b000 	C:\WINDOWS\SYSTEM32\dbgcore.DLL
0x00007ff9fc3d0000 - 0x00007ff9fc47c000 	C:\WINDOWS\System32\bcryptPrimitives.dll
0x00007ff9ccdf0000 - 0x00007ff9ccdfe000 	C:\Program Files\Android\Android Studio\jbr\bin\instrument.dll
0x00007ff9f8030000 - 0x00007ff9f804f000 	C:\Program Files\Android\Android Studio\jbr\bin\java.dll
0x00007ff9fd110000 - 0x00007ff9fd2a9000 	C:\WINDOWS\System32\ole32.dll
0x00007ff9fd4e0000 - 0x00007ff9fdc68000 	C:\WINDOWS\System32\SHELL32.dll
0x00007ff9ccaf0000 - 0x00007ff9ccb07000 	C:\Program Files\Android\Android Studio\jbr\bin\zip.dll
0x00007ff9f9d20000 - 0x00007ff9fa5bb000 	C:\WINDOWS\SYSTEM32\windows.storage.dll
0x00007ff9fe150000 - 0x00007ff9fe249000 	C:\WINDOWS\System32\SHCORE.dll
0x00007ff9fd3e0000 - 0x00007ff9fd446000 	C:\WINDOWS\System32\shlwapi.dll
0x00007ff9fc1b0000 - 0x00007ff9fc1d9000 	C:\WINDOWS\SYSTEM32\profapi.dll
0x00007ff9f58f0000 - 0x00007ff9f5900000 	C:\Program Files\Android\Android Studio\jbr\bin\net.dll
0x00007ff9fb4d0000 - 0x00007ff9fb53c000 	C:\WINDOWS\system32\mswsock.dll
0x00007ff9cb1b0000 - 0x00007ff9cb1c6000 	C:\Program Files\Android\Android Studio\jbr\bin\nio.dll
0x00007ff9c9710000 - 0x00007ff9c9720000 	C:\Program Files\Android\Android Studio\jbr\bin\verify.dll
0x00007ff9c8ae0000 - 0x00007ff9c8b07000 	C:\Users\Lambert 2\.gradle\native\1def1411415f61bf3af743bc5b6707747c0891f09f0c88961ee8f79bc544acac\windows-amd64\native-platform.dll
0x00007ff9c88d0000 - 0x00007ff9c8947000 	C:\Users\Lambert 2\.gradle\native\0.2.8\x86_64-windows-gnu\gradle-fileevents.dll
0x00007ff9f8020000 - 0x00007ff9f8029000 	C:\Program Files\Android\Android Studio\jbr\bin\management.dll
0x00007ff9cb830000 - 0x00007ff9cb83b000 	C:\Program Files\Android\Android Studio\jbr\bin\management_ext.dll
0x00007ff9fe2e0000 - 0x00007ff9fe2e8000 	C:\WINDOWS\System32\PSAPI.DLL
0x00007ff9fa8f0000 - 0x00007ff9fa923000 	C:\WINDOWS\SYSTEM32\IPHLPAPI.DLL
0x00007ff9fef40000 - 0x00007ff9fef4a000 	C:\WINDOWS\System32\NSI.dll
0x00007ff9ccae0000 - 0x00007ff9ccae9000 	C:\Program Files\Android\Android Studio\jbr\bin\extnet.dll
0x00007ff9fb8f0000 - 0x00007ff9fb90b000 	C:\WINDOWS\SYSTEM32\CRYPTSP.dll
0x00007ff9faea0000 - 0x00007ff9faed9000 	C:\WINDOWS\system32\rsaenh.dll
0x00007ff9fb580000 - 0x00007ff9fb5b2000 	C:\WINDOWS\SYSTEM32\USERENV.dll
0x00007ff9fc180000 - 0x00007ff9fc1aa000 	C:\WINDOWS\SYSTEM32\bcrypt.dll
0x00007ff9fb730000 - 0x00007ff9fb73c000 	C:\WINDOWS\SYSTEM32\CRYPTBASE.dll
0x00007ff9d6600000 - 0x00007ff9d6608000 	C:\WINDOWS\system32\wshunix.dll
0x00007ff9fa930000 - 0x00007ff9faa88000 	C:\WINDOWS\SYSTEM32\DNSAPI.dll
0x00007ff9fb2f0000 - 0x00007ff9fb2fd000 	C:\WINDOWS\SYSTEM32\DSPARSE.dll
0x00007ff9ed1f0000 - 0x00007ff9ed1fb000 	C:\Windows\System32\rasadhlp.dll
0x00007ff9f2ee0000 - 0x00007ff9f2f66000 	C:\WINDOWS\System32\fwpuclnt.dll
0x00007ff9fb070000 - 0x00007ff9fb0a6000 	C:\WINDOWS\SYSTEM32\ntmarta.dll

JVMTI agents:
C:\Users\Lambert 2\.gradle\wrapper\dists\gradle-9.1.0-all\7wzd0jkjit61aq2p43wpjgij9\gradle-9.1.0\lib\agents\gradle-instrumentation-agent-9.1.0.jar path:C:\Program Files\Android\Android Studio\jbr\bin\instrument.dll, loaded, initialized, instrumentlib options:none

dbghelp: loaded successfully - version: 4.0.5 - missing functions: none
symbol engine: initialized successfully - sym options: 0x614 - pdb path: .;C:\Program Files\Android\Android Studio\jbr\bin;C:\WINDOWS\SYSTEM32;C:\WINDOWS\WinSxS\amd64_microsoft.windows.common-controls_6595b64144ccf1df_6.0.26100.8972_none_3e0da176e32f9d4b;C:\Program Files\Android\Android Studio\jbr\bin\server;C:\Users\Lambert 2\.gradle\native\1def1411415f61bf3af743bc5b6707747c0891f09f0c88961ee8f79bc544acac\windows-amd64;C:\Users\Lambert 2\.gradle\native\0.2.8\x86_64-windows-gnu

VM Arguments:
jvm_args: --add-opens=java.base/java.lang=ALL-UNNAMED --add-opens=java.base/java.lang.invoke=ALL-UNNAMED --add-opens=java.base/java.util=ALL-UNNAMED --add-opens=java.prefs/java.util.prefs=ALL-UNNAMED --add-exports=jdk.compiler/com.sun.tools.javac.api=ALL-UNNAMED --add-exports=jdk.compiler/com.sun.tools.javac.util=ALL-UNNAMED --add-opens=java.base/java.util=ALL-UNNAMED --add-opens=java.prefs/java.util.prefs=ALL-UNNAMED --add-opens=java.base/java.nio.charset=ALL-UNNAMED --add-opens=java.base/java.net=ALL-UNNAMED --add-opens=java.base/java.util.concurrent=ALL-UNNAMED --add-opens=java.base/java.util.concurrent.atomic=ALL-UNNAMED --add-opens=java.xml/javax.xml.namespace=ALL-UNNAMED --add-opens=java.base/java.time=ALL-UNNAMED --enable-native-access=ALL-UNNAMED -XX:MaxMetaspaceSize=1G -XX:ReservedCodeCacheSize=256m -XX:+HeapDumpOnOutOfMemoryError -Xmx3G -Dfile.encoding=UTF-8 -Duser.country=ES -Duser.language=es -Duser.variant -javaagent:C:\Users\Lambert 2\.gradle\wrapper\dists\gradle-9.1.0-all\7wzd0jkjit61aq2p43wpjgij9\gradle-9.1.0\lib\agents\gradle-instrumentation-agent-9.1.0.jar 
java_command: org.gradle.launcher.daemon.bootstrap.GradleDaemon 9.1.0
java_class_path (initial): C:\Users\Lambert 2\.gradle\wrapper\dists\gradle-9.1.0-all\7wzd0jkjit61aq2p43wpjgij9\gradle-9.1.0\lib\gradle-daemon-main-9.1.0.jar
Launcher Type: SUN_STANDARD

[Global flags]
     intx CICompilerCount                          = 15                                        {product} {ergonomic}
   size_t CompressedClassSpaceSize                 = 872415232                                 {product} {ergonomic}
     uint ConcGCThreads                            = 6                                         {product} {ergonomic}
     uint G1ConcRefinementThreads                  = 23                                        {product} {ergonomic}
   size_t G1HeapRegionSize                         = 2097152                                   {product} {ergonomic}
     bool HeapDumpOnOutOfMemoryError               = true                                   {manageable} {command line}
   size_t InitialHeapSize                          = 524288000                                 {product} {ergonomic}
   size_t MarkStackSize                            = 4194304                                   {product} {ergonomic}
   size_t MarkStackSizeMax                         = 536870912                                 {product} {ergonomic}
   size_t MaxHeapSize                              = 3221225472                                {product} {command line}
   size_t MaxMetaspaceSize                         = 1073741824                                {product} {command line}
   size_t MaxNewSize                               = 1931476992                                {product} {ergonomic}
   size_t MinHeapDeltaBytes                        = 2097152                                   {product} {ergonomic}
   size_t MinHeapSize                              = 8388608                                   {product} {ergonomic}
    uintx NonNMethodCodeHeapSize                   = 8192000                                {pd product} {ergonomic}
    uintx NonProfiledCodeHeapSize                  = 130154496                              {pd product} {ergonomic}
    uintx ProfiledCodeHeapSize                     = 130088960                              {pd product} {ergonomic}
    uintx ReservedCodeCacheSize                    = 268435456                              {pd product} {command line, ergonomic}
     bool SegmentedCodeCache                       = true                                      {product} {ergonomic}
   size_t SoftMaxHeapSize                          = 3221225472                             {manageable} {ergonomic}
     bool UseCompressedOops                        = true                           {product lp64_product} {ergonomic}
     bool UseG1GC                                  = true                                      {product} {ergonomic}
     bool UseLargePagesIndividualAllocation        = false                                  {pd product} {ergonomic}

Logging:
Log output configuration:
 #0: stdout all=warning uptime,level,tags foldmultilines=false
 #1: stderr all=off uptime,level,tags foldmultilines=false

Release file:
JAVA_VERSION="25.0.2" 
MODULES="java.base java.compiler java.datatransfer java.xml java.prefs java.desktop java.instrument java.logging java.management java.security.sasl java.naming java.rmi java.management.rmi java.net.http java.scripting java.security.jgss java.transaction.xa java.sql java.sql.rowset java.xml.crypto java.se java.smartcardio jdk.accessibility jdk.internal.jvmstat jdk.attach jdk.charsets jdk.internal.opt jdk.zipfs jdk.compiler jdk.crypto.cryptoki jdk.crypto.ec jdk.dynalink jdk.hotspot.agent jdk.httpserver jdk.internal.ed jdk.internal.le jdk.internal.md jdk.internal.vm.ci jdk.jartool jdk.javadoc jdk.jcmd jdk.jdeps jdk.jdwp.agent jdk.jdi jdk.jfr jdk.jlink jdk.localedata jdk.management jdk.management.agent jdk.management.jfr jdk.naming.dns jdk.naming.rmi jdk.net jdk.sctp jdk.security.auth jdk.security.jgss jdk.unsupported jdk.unsupported.desktop jdk.xml.dom" 
IMPLEMENTOR="JetBrains s.r.o." 
JAVA_RUNTIME_VERSION="25.0.2+-15348964-b329.117" 
LIBC="default" 
OS_ARCH="x86_64" 
OS_NAME="Windows" 
SOURCE=".:git:3cf398e84a39" 

Environment Variables:
JAVA_HOME=C:\Program Files\Android\Android Studio\jbr
CLASSPATH=C:\dev\cicloplus_app\android\\gradle\wrapper\gradle-wrapper.jar
PATH=C:\Program Files\Android\Android Studio\jbr\bin;C:\Python314\Scripts\;C:\Python314\;C:\WINDOWS\system32;C:\WINDOWS;C:\WINDOWS\System32\Wbem;C:\WINDOWS\System32\WindowsPowerShell\v1.0\;C:\WINDOWS\System32\OpenSSH\;C:\Program Files\dotnet\;C:\Program Files\NVIDIA Corporation\NVIDIA App\NvDLISR;C:\Program Files (x86)\NVIDIA Corporation\PhysX\Common;C:\Program Files\nodejs\;C:\ProgramData\chocolatey\bin;C:\Users\Lambert 2\AppData\Local\Programs\Python\Python311\Scripts\;C:\Users\Lambert 2\AppData\Local\Programs\Python\Python311\;C:\Users\Lambert 2\AppData\Local\Microsoft\WindowsApps;C:\Users\Lambert 2\AppData\Local\Programs\Microsoft VS Code\bin;C:\Users\Lambert 2\AppData\Roaming\npm;C:\dev\flutter\bin;C:\dev\flutter\bin\mingit\cmd
USERNAME=Lambert 2
OS=Windows_NT
PROCESSOR_IDENTIFIER=AMD64 Family 26 Model 68 Stepping 0, AuthenticAMD
TMP=C:\Users\LAMBER~1\AppData\Local\Temp
TEMP=C:\Users\LAMBER~1\AppData\Local\Temp




Compilation memory statistics disabled.

Periodic native trim disabled

JNI global refs:
JNI global refs: 36, weak refs: 0

JNI global refs memory usage: 835, weak refs: 833

Process memory usage:
Resident Set Size: 1598664K (4% of 32658156K total physical memory with 11312792K free physical memory)

OOME stack traces (most recent first):
Classloader memory used:
Loader org.gradle.internal.classloader.VisitableURLClassLoader                         : 128 M
Loader bootstrap                                                                       : 35517 K
Loader org.gradle.internal.classloader.VisitableURLClassLoader$InstrumentingVisitableURLClassLoader: 33441 K
Loader org.gradle.initialization.MixInLegacyTypesClassLoader                           : 12997 K
Loader java.net.URLClassLoader                                                         : 5503 K
Loader jdk.internal.loader.ClassLoaders$PlatformClassLoader                            : 438 K
Loader jdk.internal.jrtfs.JrtFileSystemProvider$JrtFsLoader                            : 336 K
Loader jdk.internal.loader.ClassLoaders$AppClassLoader                                 : 228 K
Loader org.gradle.internal.classloader.VisitableURLClassLoader                         : 198 K
Loader org.gradle.groovy.scripts.internal.DefaultScriptCompilationHandler$ScriptClassLoader: 23600 B

Classes loaded by more than one classloader:
Class Program                                                                         : loaded 11 times (x 74B)
Class Build_gradle                                                                    : loaded 4 times (x 128B)
Class Build_gradle$2                                                                  : loaded 3 times (x 76B)
Class org.jetbrains.kotlin.build.report.metrics.BuildTime                             : loaded 3 times (x 72B)
Class org.jetbrains.kotlin.build.report.metrics.GradleBuildTime$Companion             : loaded 3 times (x 73B)
Class org.jetbrains.kotlin.util.capitalizeDecapitalize.CapitalizeDecapitalizeKt       : loaded 3 times (x 73B)
Class [Lorg.jetbrains.kotlin.build.report.metrics.GradleBuildTime;                    : loaded 3 times (x 71B)
Class Settings_gradle                                                                 : loaded 3 times (x 126B)
Class org.jetbrains.kotlin.build.report.metrics.BuildMetricsReporter                  : loaded 3 times (x 72B)
Class [Lorg.jetbrains.kotlin.build.report.metrics.BuildTime;                          : loaded 3 times (x 71B)
Class org.jetbrains.kotlin.build.report.metrics.GradleBuildTime                       : loaded 3 times (x 90B)
Class org.jetbrains.kotlin.buildtools.api.jvm.ClassSnapshotGranularity                : loaded 3 times (x 81B)
Class org.jetbrains.org.objectweb.asm.tree.MethodNode$1                               : loaded 2 times (x 211B)
Class org.jetbrains.kotlin.descriptors.SourceElement                                  : loaded 2 times (x 72B)
Class kotlin.NotImplementedError                                                      : loaded 2 times (x 84B)
Class kotlin.text.StringsKt__StringsKt                                                : loaded 2 times (x 73B)
Class org.gradle.internal.classloader.FilteringClassLoader                            : loaded 2 times (x 106B)
Class org.jetbrains.kotlin.gradle.tasks.CInteropProcess                               : loaded 2 times (x 346B)
Class org.jetbrains.kotlin.gradle.internal.KotlinDomApiDependencyManagementKt         : loaded 2 times (x 73B)
Class org.jetbrains.kotlin.gradle.plugin.KotlinPluginLifecycleImpl$launch$coroutine$1 : loaded 2 times (x 78B)
Class org.jetbrains.kotlin.gradle.targets.js.npm.NpmDependencyExtensionKt$defaultNpmDependencyDelegate$1: loaded 2 times (x 168B)
Class org.jetbrains.kotlin.gradle.plugin.diagnostics.checkers.MissingNativeStdlibChecker: loaded 2 times (x 76B)
Class org.jetbrains.kotlin.gradle.targets.ConfigureNonPackedKlibConsumingSideEffectKt : loaded 2 times (x 73B)
Class org.jetbrains.kotlin.gradle.targets.native.KotilnNativeConfigureBinariesSideEffectKt: loaded 2 times (x 73B)
Class org.jetbrains.kotlin.gradle.plugin.KotlinPlatformType$DisambiguationRule        : loaded 2 times (x 78B)
Class org.jetbrains.kotlin.gradle.plugin.KotlinPlatformType$Companion                 : loaded 2 times (x 73B)
Class org.jetbrains.kotlin.gradle.plugin.internal.ConfigurationCacheStartParameterAccessorKt: loaded 2 times (x 73B)
Class com.google.common.base.CharMatcher$IsEither                                     : loaded 2 times (x 113B)
Class kotlin.jvm.internal.CollectionToArray                                           : loaded 2 times (x 73B)
Class org.jetbrains.org.objectweb.asm.TypeReference                                   : loaded 2 times (x 82B)
Class [Lorg.jetbrains.kotlin.metadata.ProtoBuf$Visibility;                            : loaded 2 times (x 71B)
Class org.jetbrains.kotlin.metadata.ProtoBuf$ContractOrBuilder                        : loaded 2 times (x 72B)
Class org.jetbrains.kotlin.load.kotlin.FileBasedKotlinClass$OuterAndInnerName         : loaded 2 times (x 74B)
Class kotlin.io.FilesKt__FileTreeWalkKt                                               : loaded 2 times (x 73B)
Class kotlin.sequences.FilteringSequence$iterator$1                                   : loaded 2 times (x 81B)
Class kotlin.sequences.SequencesKt__SequenceBuilderKt                                 : loaded 2 times (x 73B)
Class kotlin.collections.CollectionsKt__ReversedViewsKt                               : loaded 2 times (x 73B)
Class org.jetbrains.kotlin.incremental.classpathDiff.DirectoryOrJarReader             : loaded 2 times (x 72B)
Class jdk.internal.jimage.BasicImageReader                                            : loaded 2 times (x 97B)
Class org.gradle.internal.classloader.ClassLoaderHierarchy                            : loaded 2 times (x 72B)
Class org.jetbrains.kotlin.gradle.plugin.hierarchy.KotlinSourceSetTreeClassifierKt    : loaded 2 times (x 73B)
Class org.jetbrains.kotlin.gradle.report.UsesBuildMetricsService                      : loaded 2 times (x 72B)
Class org.jetbrains.kotlin.gradle.plugin.mpp.compilationImpl.factory.KotlinCompilationImplFactory$KotlinCompilationSourceSetsContainerFactory: loaded 2 times (x 72B)
Class org.jetbrains.kotlin.gradle.utils.MutableObservableSet                          : loaded 2 times (x 72B)
Class org.jetbrains.kotlin.gradle.dsl.KotlinHierarchyDsl                              : loaded 2 times (x 72B)
Class org.jetbrains.kotlin.gradle.utils.ConfigurationCacheOpaqueValueSource           : loaded 2 times (x 81B)
Class org.jetbrains.kotlin.gradle.targets.native.KonanPropertiesBuildService$Companion$registerIfAbsent$2$1: loaded 2 times (x 81B)
Class org.jetbrains.kotlin.gradle.report.BuildReportType                              : loaded 2 times (x 81B)
Class org.jetbrains.kotlin.statistics.metrics.StringAnonymizationPolicy$AllowedListAnonymizer: loaded 2 times (x 81B)
Class com.google.common.collect.ImmutableEnumSet                                      : loaded 2 times (x 148B)
Class com.google.common.util.concurrent.ExecutionError                                : loaded 2 times (x 84B)
Class com.google.common.collect.ImmutableList$1                                       : loaded 2 times (x 99B)
Class [Lorg.jetbrains.kotlin.metadata.ProtoBuf$Modality;                              : loaded 2 times (x 71B)
Class org.jetbrains.org.objectweb.asm.tree.Util                                       : loaded 2 times (x 73B)
Class org.jetbrains.kotlin.inline.InlineUtilKt                                        : loaded 2 times (x 73B)
Class org.jetbrains.kotlin.metadata.deserialization.MetadataVersion$Companion         : loaded 2 times (x 73B)
Class org.gradle.api.internal.classpath.ManifestUtil                                  : loaded 2 times (x 73B)
Class org.jetbrains.kotlin.gradle.plugin.mpp.KotlinMetadataCompilation                : loaded 2 times (x 72B)
Class org.jetbrains.kotlin.gradle.plugin.sources.KotlinDependencyScope                : loaded 2 times (x 81B)
Class org.jetbrains.kotlin.gradle.tasks.configuration.AbstractKotlinCompileConfig$1   : loaded 2 times (x 81B)
Class org.jetbrains.kotlin.gradle.plugin.mpp.compilationImpl.KotlinCompilationFriendPathsResolver: loaded 2 times (x 72B)
Class org.jetbrains.kotlin.konan.target.KonanTarget$ANDROID_ARM64                     : loaded 2 times (x 80B)
Class org.jetbrains.kotlin.gradle.artifacts.KotlinNativeHostSpecificMetadataArtifactKt$KotlinNativeHostSpecificMetadataArtifact$1: loaded 2 times (x 76B)
Class org.jetbrains.kotlin.gradle.plugin.mpp.compilationImpl.KotlinCompilationSideEffect$Companion: loaded 2 times (x 73B)
Class org.jetbrains.kotlin.gradle.plugin.mpp.KotlinUsages$KotlinMetadataDisambiguation: loaded 2 times (x 78B)
Class org.jetbrains.kotlin.gradle.plugin.statistics.FlowActionBuildFusService$Companion$registerIfAbsentImpl$1: loaded 2 times (x 77B)
Class org.jetbrains.kotlin.gradle.internal.properties.PropertiesBuildService$IntGradleProperty: loaded 2 times (x 78B)
Class com.google.gson.stream.MalformedJsonException                                   : loaded 2 times (x 84B)
Class com.google.common.collect.RegularImmutableMap                                   : loaded 2 times (x 122B)
Class com.google.common.collect.ImmutableMap$MapViewOfValuesAsSingletonSets           : loaded 2 times (x 128B)
Class org.jetbrains.kotlin.metadata.ProtoBuf$Effect$InvocationKind$1                  : loaded 2 times (x 76B)
Class org.jetbrains.kotlin.incremental.storage.ProtoMapValue                          : loaded 2 times (x 74B)
Class org.jetbrains.kotlin.protobuf.GeneratedMessageLite$1                            : loaded 2 times (x 73B)
Class org.jetbrains.kotlin.metadata.ProtoBuf$FunctionOrBuilder                        : loaded 2 times (x 72B)
Class org.jetbrains.kotlin.protobuf.GeneratedMessageLite$ExtendableMessageOrBuilder   : loaded 2 times (x 72B)
Class org.jetbrains.kotlin.incremental.classpathDiff.impl.BasicClassInfo              : loaded 2 times (x 74B)
Class org.jetbrains.kotlin.incremental.classpathDiff.impl.ClassListSnapshotterKt      : loaded 2 times (x 73B)
Class org.jetbrains.kotlin.gradle.tasks.configuration.AbstractKotlinCompileConfig$2   : loaded 2 times (x 81B)
Class org.jetbrains.kotlin.gradle.plugin.mpp.compilationImpl.factory.KotlinCompilationImplFactory$PreConfigure: loaded 2 times (x 72B)
Class org.jetbrains.kotlin.gradle.plugin.KotlinProjectSetupActionKt$KotlinProjectSetupCoroutine$1$1: loaded 2 times (x 97B)
Class org.jetbrains.kotlin.konan.target.KonanTarget$WATCHOS_ARM32                     : loaded 2 times (x 80B)
Class org.jetbrains.kotlin.gradle.targets.js.dsl.KotlinJsTargetDsl                    : loaded 2 times (x 72B)
Class org.jetbrains.kotlin.gradle.plugin.KotlinPluginLifecycleImplKt                  : loaded 2 times (x 73B)
Class org.jetbrains.kotlin.gradle.plugin.diagnostics.checkers.DeprecatedKotlinNativeTargetsChecker$runChecks$1: loaded 2 times (x 89B)
Class org.jetbrains.kotlin.gradle.plugin.KotlinPluginLifecycleImpl$WhenMappings       : loaded 2 times (x 73B)
Class org.jetbrains.kotlin.gradle.dsl.KotlinCommonCompilerToolOptionsHelper           : loaded 2 times (x 73B)
Class org.jetbrains.kotlin.gradle.plugin.KotlinTargetComponent                        : loaded 2 times (x 72B)
Class org.jetbrains.kotlin.gradle.plugin.KotlinGradlePluginExtensionPointInternal     : loaded 2 times (x 78B)
Class org.jetbrains.kotlin.statistics.metrics.StringOverridePolicy$OVERRIDE_VERSION_IF_NOT_SET: loaded 2 times (x 87B)
Class org.jetbrains.kotlin.gradle.plugin.statistics.KotlinBuildStatsBeanService$Companion$initStatsService$1: loaded 2 times (x 81B)
Class org.jetbrains.kotlin.gradle.plugin.VariantImplementationFactories$Companion$getProvider$1: loaded 2 times (x 77B)
Class org.jetbrains.kotlin.gradle.internal.properties.PropertiesBuildService$BooleanGradleProperty: loaded 2 times (x 78B)
Class org.jetbrains.kotlin.gradle.dsl.KotlinProjectExtension                          : loaded 2 times (x 124B)
Class [Lorg.objectweb.asm.Symbol;                                                     : loaded 2 times (x 71B)
Class org.objectweb.asm.ClassVisitor                                                  : loaded 2 times (x 90B)
Class com.google.common.collect.UnmodifiableListIterator                              : loaded 2 times (x 97B)
Class org.jetbrains.org.objectweb.asm.tree.FieldInsnNode                              : loaded 2 times (x 81B)
Class org.jetbrains.kotlin.protobuf.ByteString$Output                                 : loaded 2 times (x 88B)
Class org.jetbrains.kotlin.incremental.classpathDiff.impl.ClassListSnapshotterKt$WhenMappings: loaded 2 times (x 73B)
Class jdk.internal.jimage.decompressor.StringSharingDecompressorFactory               : loaded 2 times (x 76B)
Class org.jetbrains.kotlin.gradle.plugin.KotlinPluginLifecycle$ProjectConfigurationResult$Failure: loaded 2 times (x 74B)
Class com.google.common.base.Platform$JdkPatternCompiler                              : loaded 2 times (x 77B)
Class org.jetbrains.kotlin.gradle.tasks.DefaultKotlinJavaToolchain$Companion          : loaded 2 times (x 73B)
Class org.jetbrains.kotlin.gradle.tasks.DefaultKotlinJavaToolchain                    : loaded 2 times (x 79B)
Class org.jetbrains.kotlin.gradle.targets.native.toolchain.KotlinNativeBundleBuildService$Parameters: loaded 2 times (x 72B)
Class org.jetbrains.kotlin.gradle.targets.native.toolchain.KotlinNativeBundleBuildService: loaded 2 times (x 78B)
Class org.jetbrains.kotlin.gradle.plugin.KotlinGradleBuildServices                    : loaded 2 times (x 82B)
Class [Lorg.jetbrains.kotlin.statistics.ValueAnonymizer;                              : loaded 2 times (x 71B)
Class org.jetbrains.kotlin.gradle.internal.properties.PropertiesBuildService$MemoizedCallable$value$2: loaded 2 times (x 81B)
Class org.objectweb.asm.MethodTooLargeException                                       : loaded 2 times (x 84B)
Class [Lcom.google.common.cache.CacheBuilder$OneWeigher;                              : loaded 2 times (x 71B)
Class com.google.common.base.Suppliers                                                : loaded 2 times (x 73B)
Class org.jetbrains.kotlin.metadata.ProtoBuf$Effect$EffectType                        : loaded 2 times (x 84B)
Class org.jetbrains.kotlin.buildtools.internal.CompilationServiceProxy                : loaded 2 times (x 84B)
Class org.gradle.internal.classloader.DefaultClassLoaderFactory                       : loaded 2 times (x 84B)
Class org.jetbrains.kotlin.compilerRunner.CompilerSystemPropertiesService$Parameters_Decorated: loaded 2 times (x 132B)
Class org.jetbrains.kotlin.gradle.dsl.abi.ExperimentalAbiValidation                   : loaded 2 times (x 72B)
Class org.jetbrains.kotlin.gradle.plugin.KotlinTargetWithTests                        : loaded 2 times (x 72B)
Class [Lorg.jetbrains.kotlin.gradle.dsl.KotlinVersion;                                : loaded 2 times (x 71B)
Class org.jetbrains.kotlin.gradle.plugin.diagnostics.checkers.JsEnvironmentChecker    : loaded 2 times (x 78B)
Class org.jetbrains.kotlin.gradle.targets.js.npm.NpmDependencyExtensionKt             : loaded 2 times (x 73B)
Class org.jetbrains.kotlin.gradle.plugin.diagnostics.ToolingDiagnosticRenderingOptions: loaded 2 times (x 74B)
Class org.jetbrains.kotlin.gradle.plugin.diagnostics.UsesKotlinToolingDiagnosticsParameters: loaded 2 times (x 72B)
Class org.jetbrains.kotlin.gradle.plugin.PropertiesProvider$classLoaderCacheTimeoutInSeconds$1: loaded 2 times (x 77B)
Class org.jetbrains.kotlin.gradle.report.BuildMetricsService                          : loaded 2 times (x 88B)
Class org.jetbrains.kotlin.statistics.metrics.NumberAnonymizationPolicy               : loaded 2 times (x 87B)
Class org.jetbrains.kotlin.statistics.metrics.StringAnonymizationPolicy               : loaded 2 times (x 80B)
Class org.jetbrains.kotlin.metadata.jvm.deserialization.JvmNameResolver               : loaded 2 times (x 82B)
Class org.jetbrains.org.objectweb.asm.ClassVisitor                                    : loaded 2 times (x 90B)
Class kotlin.sequences.SequencesKt___SequencesKt                                      : loaded 2 times (x 73B)
Class kotlin.collections.AbstractList$Companion                                       : loaded 2 times (x 73B)
Class org.gradle.internal.classloader.ClassLoaderVisitor                              : loaded 2 times (x 78B)
Class org.jetbrains.kotlin.gradle.plugin.mpp.compilationImpl.KotlinCompilationLanguageSettingsConfigurator: loaded 2 times (x 76B)
Class org.jetbrains.kotlin.gradle.plugin.KotlinPluginLifecycleKt$await$1              : loaded 2 times (x 89B)
Class [Lorg.jetbrains.kotlin.gradle.plugin.KotlinCompilation;                         : loaded 2 times (x 71B)
Class org.jetbrains.kotlin.gradle.plugin.mpp.KotlinTargetComponentWithPublication     : loaded 2 times (x 72B)
Class org.jetbrains.kotlin.gradle.plugin.mpp.compilationImpl.KotlinCreateNativeCompileTasksSideEffectKt: loaded 2 times (x 73B)
Class org.jetbrains.kotlin.gradle.plugin.KotlinProjectSetupActionKt                   : loaded 2 times (x 73B)
Class org.jetbrains.kotlin.gradle.dsl.KotlinTargetContainerWithJsPresetFunctions      : loaded 2 times (x 72B)
Class org.jetbrains.kotlin.gradle.report.ReportingSettings$Companion                  : loaded 2 times (x 73B)
Class org.jetbrains.kotlin.gradle.report.ConfigureReporingKt                          : loaded 2 times (x 73B)
Class org.jetbrains.kotlin.tooling.core.TypeUtils                                     : loaded 2 times (x 73B)
Class [Lcom.google.common.collect.ImmutableMapEntry;                                  : loaded 2 times (x 71B)
Class org.jetbrains.kotlin.inline.InlinePropertyAccessor                              : loaded 2 times (x 77B)
Class org.jetbrains.kotlin.metadata.deserialization.Flags$EnumLiteFlagField           : loaded 2 times (x 78B)
Class org.jetbrains.kotlin.metadata.ProtoBuf$Type$Argument$1                          : loaded 2 times (x 146B)
Class org.jetbrains.kotlin.metadata.jvm.JvmProtoBuf$StringTableTypesOrBuilder         : loaded 2 times (x 72B)
Class org.jetbrains.kotlin.com.intellij.util.io.IOUtil                                : loaded 2 times (x 73B)
Class org.jetbrains.org.objectweb.asm.tree.FrameNode                                  : loaded 2 times (x 80B)
Class org.jetbrains.org.objectweb.asm.ClassReader                                     : loaded 2 times (x 94B)
Class org.gradle.api.internal.classpath.EffectiveClassPath                            : loaded 2 times (x 92B)
Class org.jetbrains.kotlin.gradle.plugin.mpp.compilationImpl.DefaultKotlinCompilationConfigurationsContainer: loaded 2 times (x 86B)
Class com.google.common.collect.ImmutableRangeSet                                     : loaded 2 times (x 117B)
Class org.jetbrains.kotlin.gradle.tasks.TasksProviderKt                               : loaded 2 times (x 73B)
Class org.jetbrains.kotlin.konan.target.KonanTarget$ANDROID_ARM32                     : loaded 2 times (x 80B)
Class org.jetbrains.kotlin.gradle.plugin.sources.DefaultKotlinSourceSetFactory        : loaded 2 times (x 82B)
Class org.jetbrains.kotlin.gradle.plugin.diagnostics.ToolingDiagnostic                : loaded 2 times (x 74B)
Class com.google.common.collect.ListMultimap                                          : loaded 2 times (x 72B)
Class com.google.common.collect.ImmutableEnumMap                                      : loaded 2 times (x 128B)
Class org.jetbrains.org.objectweb.asm.Handle                                          : loaded 2 times (x 74B)
Class [Lorg.jetbrains.kotlin.descriptors.CallableMemberDescriptor$Kind;               : loaded 2 times (x 71B)
Class org.jetbrains.kotlin.metadata.ProtoBuf$EnumEntry                                : loaded 2 times (x 122B)
Class org.jetbrains.kotlin.incremental.classpathDiff.impl.SingleClassSnapshotter      : loaded 2 times (x 73B)
Class kotlin.text.StringsKt__AppendableKt                                             : loaded 2 times (x 73B)
Class [Lorg.jetbrains.kotlin.buildtools.api.internal.KotlinCompilerVersion$Maturity;  : loaded 2 times (x 71B)
Class org.jetbrains.kotlin.buildtools.api.internal.KotlinCompilerVersion$Maturity     : loaded 2 times (x 81B)
Class org.jetbrains.kotlin.metadata.ProtoBuf$Annotation$Argument$Value$Type           : loaded 2 times (x 84B)
Class org.jetbrains.kotlin.gradle.ExternalKotlinTargetApi                             : loaded 2 times (x 72B)
Class com.google.common.collect.Iterators$EmptyModifiableIterator                     : loaded 2 times (x 88B)
Class org.jetbrains.kotlin.gradle.plugin.diagnostics.checkers.AndroidPluginWithoutAndroidTargetChecker$runChecks$1: loaded 2 times (x 89B)
Class org.jetbrains.kotlin.gradle.plugin.diagnostics.checkers.AndroidSourceSetLayoutV1SourceSetsNotFoundChecker$runChecks$1: loaded 2 times (x 89B)
Class org.jetbrains.kotlin.gradle.plugin.diagnostics.KotlinGradleProjectCheckersRunnerKt$launchKotlinGradleProjectCheckers$1$1: loaded 2 times (x 97B)
Class org.jetbrains.kotlin.gradle.targets.CreateDefaultTestRunSideEffectKt            : loaded 2 times (x 73B)
Class org.jetbrains.kotlin.gradle.utils.ProviderApiUtilsKt$mapOrNull$1                : loaded 2 times (x 77B)
Class org.jetbrains.kotlin.konan.target.KonanTarget                                   : loaded 2 times (x 80B)
Class org.jetbrains.kotlin.gradle.targets.native.toolchain.KotlinNativeBundleBuildService$Companion$registerIfAbsent$1: loaded 2 times (x 77B)
Class org.jetbrains.kotlin.statistics.metrics.BooleanAnonymizationPolicy              : loaded 2 times (x 87B)
Class org.jetbrains.kotlin.statistics.metrics.BooleanOverridePolicy$OVERRIDE          : loaded 2 times (x 87B)
Class org.jetbrains.kotlin.gradle.plugin.PropertiesProvider$kotlinExperimentalTryNext$1: loaded 2 times (x 77B)
Class org.jetbrains.kotlin.gradle.fus.BuildUidService$Companion                       : loaded 2 times (x 73B)
Class org.jetbrains.kotlin.gradle.plugin.VariantImplementationFactoriesConfigurator$Companion$getProvider$1: loaded 2 times (x 76B)
Class com.google.common.collect.Sets$1                                                : loaded 2 times (x 141B)
Class org.objectweb.asm.AnnotationVisitor                                             : loaded 2 times (x 80B)
Class org.jetbrains.kotlin.util.ModuleVisibilityHelper                                : loaded 2 times (x 72B)
Class [Lkotlin.reflect.KCallable;                                                     : loaded 2 times (x 71B)
Class org.jetbrains.kotlin.descriptors.DescriptorVisibilities$1                       : loaded 2 times (x 81B)
Class org.jetbrains.kotlin.protobuf.CodedOutputStream$ByteBufferOutputStream          : loaded 2 times (x 88B)
Class org.jetbrains.kotlin.incremental.classpathDiff.impl.ClassFile                   : loaded 2 times (x 74B)
Class org.gradle.api.internal.DefaultClassPathProvider                                : loaded 2 times (x 78B)
Class org.jetbrains.kotlin.gradle.tasks.configuration.KaptGenerateStubsConfig$Companion$wireJavaAndKotlinOutputs$1: loaded 2 times (x 81B)
Class org.jetbrains.kotlin.gradle.tasks.abi.AbiToolsTask                              : loaded 2 times (x 320B)
Class org.jetbrains.kotlin.gradle.plugin.KotlinPluginLifecycleCoroutineContextElement : loaded 2 times (x 86B)
Class org.jetbrains.kotlin.gradle.dsl.PlatformSourceSetConventionsChecker             : loaded 2 times (x 76B)
Class org.jetbrains.kotlin.gradle.plugin.diagnostics.checkers.KotlinSourceSetTreeDependsOnMismatchChecker: loaded 2 times (x 76B)
Class org.jetbrains.kotlin.gradle.targets.CreateDefaultCompilationsSideEffectKt       : loaded 2 times (x 73B)
Class org.jetbrains.kotlin.gradle.plugin.mpp.SyncLanguageSettingsWithKotlinExtensionSetupActionKt: loaded 2 times (x 73B)
Class org.jetbrains.kotlin.statistics.metrics.NumericalMetrics                        : loaded 2 times (x 81B)
Class org.jetbrains.kotlin.gradle.plugin.VariantImplementationFactories$Companion$getProvider$2$1: loaded 2 times (x 81B)
Class com.google.common.collect.Sets$2                                                : loaded 2 times (x 141B)
Class org.jetbrains.kotlin.descriptors.DescriptorVisibilities$2                       : loaded 2 times (x 81B)
Class org.jetbrains.kotlin.metadata.ProtoBuf$Modality                                 : loaded 2 times (x 84B)
Class org.jetbrains.kotlin.metadata.jvm.JvmProtoBuf$JvmFieldSignature                 : loaded 2 times (x 110B)
Class org.jetbrains.kotlin.protobuf.ExtensionRegistryLite                             : loaded 2 times (x 76B)
Class org.jetbrains.kotlin.incremental.classpathDiff.impl.ClassListSnapshotter        : loaded 2 times (x 72B)
Class kotlin.sequences.Sequence                                                       : loaded 2 times (x 72B)
Class kotlin.text.StringsKt__StringNumberConversionsJVMKt                             : loaded 2 times (x 73B)
Class [Lorg.gradle.api.internal.ClassPathProvider;                                    : loaded 2 times (x 71B)
Class org.gradle.api.internal.ClassPathProvider                                       : loaded 2 times (x 72B)
Class org.jetbrains.kotlin.konan.target.HostManager$targetValues$2                    : loaded 2 times (x 80B)
Class org.jetbrains.kotlin.gradle.plugin.diagnostics.checkers.UnusedSourceSetsChecker$runChecks$1: loaded 2 times (x 89B)
Class org.jetbrains.kotlin.gradle.targets.js.npm.PeerNpmDependencyExtension           : loaded 2 times (x 72B)
Class org.jetbrains.kotlin.gradle.dsl.AndroidMainSourceSetConventionsChecker          : loaded 2 times (x 76B)
Class org.jetbrains.kotlin.gradle.plugin.diagnostics.checkers.WasmJsEnvironmentChecker$1: loaded 2 times (x 80B)
Class org.jetbrains.kotlin.gradle.targets.js.npm.NpmDependencyExtensionKt$AddNpmDependencyExtensionProjectSetupAction$1: loaded 2 times (x 76B)
Class [Lorg.jetbrains.kotlin.konan.target.Family;                                     : loaded 2 times (x 71B)
Class org.jetbrains.kotlin.gradle.plugin.statistics.BuildFinishBuildService$Parameters$Inject: loaded 2 times (x 116B)
Class org.jetbrains.kotlin.gradle.plugin.statistics.FlowActionBuildFusService         : loaded 2 times (x 86B)
Class org.jetbrains.kotlin.build.report.metrics.GradleBuildPerformanceMetric          : loaded 2 times (x 74B)
Class org.jetbrains.kotlin.gradle.internal.properties.PropertiesBuildService$NullableBooleanGradleProperty: loaded 2 times (x 78B)
Class [Lorg.objectweb.asm.AnnotationVisitor;                                          : loaded 2 times (x 71B)
Class com.google.common.collect.Sets$3                                                : loaded 2 times (x 141B)
Class com.google.common.cache.LocalCache$LocalLoadingCache                            : loaded 2 times (x 136B)
Class org.jetbrains.kotlin.metadata.jvm.deserialization.ClassMapperLite               : loaded 2 times (x 73B)
Class org.jetbrains.kotlin.descriptors.DescriptorVisibilities$3                       : loaded 2 times (x 81B)
Class org.jetbrains.kotlin.metadata.ProtoBuf$MemberKind                               : loaded 2 times (x 84B)
Class org.jetbrains.kotlin.metadata.jvm.deserialization.JvmNameResolverBase$Companion : loaded 2 times (x 73B)
Class org.jetbrains.kotlin.load.java.JvmAnnotationNames                               : loaded 2 times (x 73B)
Class jdk.internal.jrtfs.SystemImage                                                  : loaded 2 times (x 76B)
Class org.gradle.internal.service.UnknownServiceException                             : loaded 2 times (x 85B)
Class org.jetbrains.kotlin.gradle.plugin.diagnostics.checkers.ComposePluginSuggestApplyChecker$runChecks$1: loaded 2 times (x 89B)
Class org.jetbrains.kotlin.konan.target.KonanTarget$TVOS_ARM64                        : loaded 2 times (x 80B)
Class org.jetbrains.kotlin.gradle.targets.js.npm.DefaultPeerNpmDependencyExtension    : loaded 2 times (x 142B)
Class org.jetbrains.kotlin.gradle.targets.android.internal.InternalKotlinTargetPreset : loaded 2 times (x 72B)
Class org.jetbrains.kotlin.gradle.plugin.KotlinPluginLifecycleKt                      : loaded 2 times (x 73B)
Class org.jetbrains.kotlin.gradle.plugin.diagnostics.checkers.WasmJsEnvironmentChecker$2: loaded 2 times (x 80B)
Class org.jetbrains.kotlin.gradle.plugin.mpp.AbstractKotlinTarget                     : loaded 2 times (x 152B)
Class org.jetbrains.kotlin.gradle.internal.properties.NativePropertiesLoader$kotlinNativeVersion$1: loaded 2 times (x 77B)
Class org.jetbrains.kotlin.gradle.plugin.VariantImplementationFactoriesConfigurator$Inject: loaded 2 times (x 98B)
Class org.jetbrains.kotlin.gradle.dsl.KotlinSingleTargetExtension                     : loaded 2 times (x 126B)
Class com.google.common.collect.Sets$4                                                : loaded 2 times (x 141B)
Class org.objectweb.asm.ModuleVisitor                                                 : loaded 2 times (x 83B)
Class com.google.common.cache.LocalCache$Strength$1                                   : loaded 2 times (x 83B)
Class org.jetbrains.kotlin.descriptors.DescriptorVisibilities$4                       : loaded 2 times (x 81B)
Class [Lorg.jetbrains.kotlin.protobuf.WireFormat$JavaType;                            : loaded 2 times (x 71B)
Class org.jetbrains.org.objectweb.asm.tree.TableSwitchInsnNode                        : loaded 2 times (x 80B)
Class [Lorg.jetbrains.org.objectweb.asm.Attribute;                                    : loaded 2 times (x 71B)
Class org.jetbrains.kotlin.gradle.plugin.mpp.compilationImpl.KotlinCompilationTaskNamesContainer: loaded 2 times (x 74B)
Class org.jetbrains.kotlin.gradle.plugin.mpp.compilationImpl.factory.KotlinCompilationImplFactory$KotlinCompilerOptionsFactory: loaded 2 times (x 72B)
Class org.jetbrains.kotlin.gradle.internal.properties.PropertiesBuildServiceKt$propertyWithDeprecatedName$1: loaded 2 times (x 77B)
Class org.jetbrains.kotlin.gradle.targets.js.npm.NpmDependencyExtension               : loaded 2 times (x 72B)
Class org.jetbrains.kotlin.gradle.plugin.LanguageSettingsBuilder                      : loaded 2 times (x 72B)
Class org.jetbrains.kotlin.gradle.plugin.diagnostics.checkers.WasmWasiEnvironmentChecker: loaded 2 times (x 78B)
Class org.jetbrains.kotlin.gradle.plugin.diagnostics.checkers.WasmJsEnvironmentChecker$3: loaded 2 times (x 80B)
Class org.jetbrains.kotlin.gradle.targets.ConfigureBuildSideEffectKt                  : loaded 2 times (x 73B)
Class org.jetbrains.kotlin.gradle.plugin.statistics.BuildFusService$Companion$registerIfAbsentImpl$generalConfigurationMetricsProvider$1: loaded 2 times (x 77B)
Class [Lorg.jetbrains.kotlin.statistics.metrics.StringMetrics;                        : loaded 2 times (x 71B)
Class org.jetbrains.kotlin.gradle.plugin.BuildEventsListenerRegistryHolder$Companion  : loaded 2 times (x 73B)
Class org.jetbrains.kotlin.gradle.internal.properties.PropertiesBuildService$Inject   : loaded 2 times (x 98B)
Class com.google.common.util.concurrent.SettableFuture                                : loaded 2 times (x 116B)
Class com.google.common.cache.LocalCache$Strength$2                                   : loaded 2 times (x 83B)
Class org.jetbrains.kotlin.descriptors.DescriptorVisibilities$5                       : loaded 2 times (x 81B)
Class org.jetbrains.kotlin.metadata.jvm.JvmProtoBuf$JvmPropertySignatureOrBuilder     : loaded 2 times (x 72B)
Class org.jetbrains.kotlin.protobuf.GeneratedMessageLite$ExtendableMessage            : loaded 2 times (x 115B)
Class org.jetbrains.kotlin.incremental.classpathDiff.MultifileClassKotlinClassSnapshot: loaded 2 times (x 78B)
Class org.jetbrains.kotlin.incremental.storage.ExternalizersKt                        : loaded 2 times (x 73B)
Class org.jetbrains.kotlin.gradle.plugin.KotlinPluginLifecycle$ProjectConfigurationResult$Success: loaded 2 times (x 73B)
Class org.jetbrains.kotlin.gradle.internal.StdlibDependencyManagementKt$configureStdlibVersionAlignment$1: loaded 2 times (x 77B)
Class org.jetbrains.kotlin.gradle.plugin.diagnostics.checkers.OverriddenKotlinNativeHomeChecker$allKonanMainSubdirectoriesExist$1$1: loaded 2 times (x 77B)
Class org.jetbrains.kotlin.gradle.dsl.PlatformSourceSetConventionsChecker$CheckedPlatformInfo: loaded 2 times (x 74B)
Class org.jetbrains.kotlin.gradle.plugin.diagnostics.checkers.WasmJsEnvironmentChecker$4: loaded 2 times (x 80B)
Class org.jetbrains.kotlin.gradle.plugin.mpp.KotlinUsages$KotlinCinteropDisambiguation: loaded 2 times (x 78B)
Class org.jetbrains.kotlin.gradle.plugin.KotlinPluginInMultipleProjectsHolder         : loaded 2 times (x 74B)
Class org.jetbrains.kotlin.gradle.report.BuildReportType$Companion                    : loaded 2 times (x 73B)
Class com.google.common.cache.LocalCache$Strength$3                                   : loaded 2 times (x 83B)
Class com.google.common.collect.MapDifference                                         : loaded 2 times (x 72B)
Class org.jetbrains.kotlin.descriptors.DescriptorVisibilities$6                       : loaded 2 times (x 81B)
Class org.jetbrains.kotlin.protobuf.CodedOutputStream$OutOfSpaceException             : loaded 2 times (x 84B)
Class org.jetbrains.kotlin.metadata.ProtoBuf$Annotation$Argument$Value                : loaded 2 times (x 129B)
Class kotlin.collections.ArraysKt___ArraysJvmKt                                       : loaded 2 times (x 73B)
Class kotlin.collections.CollectionsKt__CollectionsKt                                 : loaded 2 times (x 73B)
Class kotlin.text.StringsKt__RegexExtensionsJVMKt                                     : loaded 2 times (x 73B)
Class org.jetbrains.kotlin.gradle.plugin.mpp.compilationImpl.DefaultKotlinCompilationFriendPathsResolver$CompositeFriendArtifactResolver: loaded 2 times (x 77B)
Class org.jetbrains.kotlin.gradle.plugin.sources.FragmentConsistencyChecks$optInAnnotationsCheck$1: loaded 2 times (x 81B)
Class org.jetbrains.kotlin.gradle.plugin.mpp.AbstractKotlinCompilationToRunnableFiles : loaded 2 times (x 202B)
Class org.jetbrains.kotlin.gradle.artifacts.KotlinMetadataArtifactKt$KotlinMetadataArtifact$1: loaded 2 times (x 76B)
Class org.jetbrains.kotlin.gradle.plugin.mpp.KotlinUsages$KotlinMetadataCompatibility : loaded 2 times (x 78B)
Class [Lorg.jetbrains.kotlin.gradle.dsl.JvmTarget;                                    : loaded 2 times (x 71B)
Class org.jetbrains.kotlin.gradle.utils.ConfigurationsKt$maybeCreateResolvable$1      : loaded 2 times (x 80B)
Class org.jetbrains.kotlin.gradle.plugin.StatisticsBuildFlowManager$Companion         : loaded 2 times (x 73B)
Class org.jetbrains.kotlin.statistics.metrics.StringMetrics$Companion                 : loaded 2 times (x 73B)
Class org.jetbrains.kotlin.gradle.internal.properties.PropertiesBuildService$property$1$1: loaded 2 times (x 77B)
Class org.jetbrains.kotlin.tooling.core.Extras$Type                                   : loaded 2 times (x 74B)
Class org.objectweb.asm.FieldWriter                                                   : loaded 2 times (x 79B)
Class com.google.common.cache.CacheBuilder$NullListener                               : loaded 2 times (x 84B)
Class org.jetbrains.kotlin.descriptors.DescriptorVisibilities$7                       : loaded 2 times (x 81B)
Class kotlin._Assertions                                                              : loaded 2 times (x 73B)
Class org.gradle.internal.classpath.TransformedClassPath                              : loaded 2 times (x 98B)
Class org.gradle.internal.classloader.InstrumentingClassLoader                        : loaded 2 times (x 72B)
Class com.google.common.collect.ImmutableRangeSet$AsSet                               : loaded 2 times (x 302B)
Class org.jetbrains.kotlin.gradle.plugin.sources.FragmentConsistencyChecks$optInAnnotationsCheck$2: loaded 2 times (x 80B)
Class org.jetbrains.kotlin.gradle.targets.NativeForwardImplementationToApiElementsSideEffectKt$special$$inlined$KotlinTargetSideEffect$1: loaded 2 times (x 76B)
Class org.jetbrains.kotlin.gradle.plugin.statistics.BuildFusServiceKt                 : loaded 2 times (x 73B)
Class org.jetbrains.kotlin.gradle.plugin.BuildFinishedListenerService$Companion       : loaded 2 times (x 73B)
Class org.jetbrains.kotlin.gradle.plugin.BuildFinishedListenerService                 : loaded 2 times (x 82B)
Class com.google.common.cache.CacheLoader$FunctionToCacheLoader                       : loaded 2 times (x 77B)
Class com.google.common.collect.Iterators$ArrayItr                                    : loaded 2 times (x 99B)
Class com.google.common.collect.ImmutableCollection$Builder                           : loaded 2 times (x 78B)
Class org.jetbrains.kotlin.incremental.storage.DoubleExternalizer                     : loaded 2 times (x 77B)
Class kotlin.jvm.internal.FunctionReference                                           : loaded 2 times (x 124B)
Class kotlin.jvm.internal.FunctionBase                                                : loaded 2 times (x 72B)
Class org.jetbrains.kotlin.descriptors.DescriptorVisibilities$8                       : loaded 2 times (x 81B)
Class org.jetbrains.kotlin.metadata.ProtoBuf$MemberKind$1                             : loaded 2 times (x 76B)
Class org.jetbrains.kotlin.metadata.jvm.JvmProtoBuf$StringTableTypes$RecordOrBuilder  : loaded 2 times (x 72B)
Class [Lorg.jetbrains.org.objectweb.asm.SymbolTable$Entry;                            : loaded 2 times (x 71B)
Class org.jetbrains.kotlin.resolve.jvm.JvmClassName                                   : loaded 2 times (x 78B)
Class kotlin.enums.EnumEntriesList                                                    : loaded 2 times (x 225B)
Class org.jetbrains.kotlin.buildtools.api.jvm.ClasspathEntrySnapshot                  : loaded 2 times (x 72B)
Class org.jetbrains.kotlin.com.google.common.base.Preconditions                       : loaded 2 times (x 73B)
Class jdk.internal.jrtfs.SystemImage$1                                                : loaded 2 times (x 80B)
Class org.jetbrains.kotlin.gradle.tasks.configuration.TaskConfigAction                : loaded 2 times (x 74B)
Class com.google.common.base.Joiner                                                   : loaded 2 times (x 81B)
Class org.jetbrains.kotlin.gradle.plugin.diagnostics.checkers.OverriddenKotlinNativeHomeChecker$allKonanMainSubdirectoriesExist$1: loaded 2 times (x 77B)
Class org.jetbrains.kotlin.gradle.plugin.AbstractKotlinPlugin$Companion               : loaded 2 times (x 73B)
Class org.jetbrains.kotlin.gradle.plugin.KotlinSourceSetTree                          : loaded 2 times (x 74B)
Class org.jetbrains.kotlin.gradle.plugin.KotlinPluginLifecycle$Stage                  : loaded 2 times (x 81B)
Class [Lorg.jetbrains.kotlin.gradle.plugin.diagnostics.checkers.GradleDeprecatedPropertyChecker$DeprecatedProperty;: loaded 2 times (x 71B)
Class org.jetbrains.kotlin.gradle.plugin.mpp.compilationImpl.KotlinCreateResourcesTaskSideEffectKt$KotlinCreateResourcesTaskSideEffect$1: loaded 2 times (x 76B)
Class org.jetbrains.kotlin.gradle.targets.jvm.KotlinJvmTargetTestFixturesSideEffectKt : loaded 2 times (x 73B)
Class org.jetbrains.kotlin.gradle.plugin.sources.KotlinSourceSetFactory               : loaded 2 times (x 82B)
Class org.jetbrains.kotlin.gradle.targets.native.toolchain.KotlinNativeBundleBuildService$Parameters_Decorated: loaded 2 times (x 141B)
Class org.jetbrains.kotlin.gradle.internal.ClassLoadersCachingBuildService$Companion  : loaded 2 times (x 73B)
Class org.jetbrains.kotlin.gradle.internal.IdeaKt$isInIdeaSync$1                      : loaded 2 times (x 76B)
Class com.google.common.base.MoreObjects                                              : loaded 2 times (x 73B)
Class org.jetbrains.kotlin.protobuf.GeneratedMessageLite$ExtendableBuilder            : loaded 2 times (x 139B)
Class org.jetbrains.kotlin.descriptors.DescriptorVisibilities$9                       : loaded 2 times (x 81B)
Class org.jetbrains.kotlin.metadata.jvm.JvmProtoBuf$StringTableTypes                  : loaded 2 times (x 112B)
Class kotlin.comparisons.ComparisonsKt___ComparisonsJvmKt                             : loaded 2 times (x 73B)
Class kotlin.collections.CollectionsKt__IteratorsJVMKt                                : loaded 2 times (x 73B)
Class jdk.internal.jrtfs.SystemImage$2                                                : loaded 2 times (x 78B)
Class org.jetbrains.kotlin.gradle.utils.ProviderApiUtilsKt$mapOrNull$1$1              : loaded 2 times (x 77B)
Class org.jetbrains.kotlin.gradle.plugin.hierarchy.KotlinSourceSetTreeClassifier$Default: loaded 2 times (x 73B)
Class org.jetbrains.kotlin.gradle.tasks.configuration.AbstractKotlinCompileConfig     : loaded 2 times (x 74B)
Class org.jetbrains.kotlin.gradle.plugin.mpp.InternalKotlinCompilationKt              : loaded 2 times (x 73B)
Class org.jetbrains.kotlin.gradle.plugin.mpp.compilationImpl.KotlinCompilationImpl$attributes$2: loaded 2 times (x 81B)
Class org.jetbrains.kotlin.gradle.plugin.diagnostics.checkers.OverriddenKotlinNativeHomeChecker$StdlibExistenceCheckerValueSource: loaded 2 times (x 80B)
Class org.jetbrains.kotlin.gradle.plugin.StatisticsBuildFlowManager$subscribeForBuildResultAndConfigurationTimeMetrics$1$1: loaded 2 times (x 76B)
Class org.jetbrains.kotlin.gradle.plugin.statistics.BuildFinishBuildService$Parameters: loaded 2 times (x 72B)
Class org.jetbrains.kotlin.gradle.utils.IsolatedKotlinClasspathClassCastException     : loaded 2 times (x 84B)
Class com.google.common.collect.Platform                                              : loaded 2 times (x 73B)
Class [Lorg.objectweb.asm.Type;                                                       : loaded 2 times (x 71B)
Class com.google.common.collect.UnmodifiableIterator                                  : loaded 2 times (x 82B)
Class org.jetbrains.kotlin.utils.CollectionsKt                                        : loaded 2 times (x 73B)
Class org.jetbrains.kotlin.metadata.jvm.JvmProtoBuf$StringTableTypes$1                : loaded 2 times (x 146B)
Class [Lorg.jetbrains.kotlin.com.intellij.openapi.diagnostic.LogLevel;                : loaded 2 times (x 71B)
Class org.jetbrains.kotlin.metadata.ProtoBuf$PropertyOrBuilder                        : loaded 2 times (x 72B)
Class org.jetbrains.org.objectweb.asm.tree.LabelNode                                  : loaded 2 times (x 82B)
Class org.jetbrains.kotlin.metadata.ProtoBuf$Constructor$1                            : loaded 2 times (x 146B)
Class org.jetbrains.kotlin.metadata.ProtoBuf$TypeParameter$Variance$1                 : loaded 2 times (x 76B)
Class org.gradle.internal.service.ServiceLocator                                      : loaded 2 times (x 72B)
Class org.jetbrains.kotlin.gradle.plugin.hierarchy.KotlinSourceSetTreeClassifierKt$classify$1: loaded 2 times (x 89B)
Class com.google.common.collect.SingletonImmutableBiMap                               : loaded 2 times (x 145B)
Class [Lorg.jetbrains.kotlin.konan.target.KonanTarget;                                : loaded 2 times (x 71B)
Class org.jetbrains.kotlin.gradle.plugin.diagnostics.checkers.WasmSourceSetsNotFoundChecker: loaded 2 times (x 76B)
Class org.jetbrains.kotlin.gradle.plugin.diagnostics.checkers.AndroidSourceSetLayoutV1SourceSetsNotFoundChecker$androidSourceSetRegex$2: loaded 2 times (x 80B)
Class org.jetbrains.kotlin.gradle.plugin.statistics.KotlinBuildStatsLoggerService$Companion: loaded 2 times (x 73B)
Class com.google.common.base.Ascii                                                    : loaded 2 times (x 73B)
Class com.google.common.cache.LocalCache$1                                            : loaded 2 times (x 91B)
Class com.google.common.collect.Iterators$SingletonIterator                           : loaded 2 times (x 83B)
Class com.google.common.collect.AbstractMapEntry                                      : loaded 2 times (x 83B)
Class org.jetbrains.kotlin.incremental.storage.FloatExternalizer                      : loaded 2 times (x 77B)
Class kotlin.Pair                                                                     : loaded 2 times (x 74B)
Class org.jetbrains.kotlin.incremental.impl.UtilsKt                                   : loaded 2 times (x 73B)
Class [Lkotlin.Function;                                                              : loaded 2 times (x 71B)
Class org.jetbrains.kotlin.load.kotlin.header.ReadKotlinClassHeaderAnnotationVisitor$CollectStringArrayAnnotationVisitor: loaded 2 times (x 87B)
Class org.jetbrains.kotlin.incremental.classpathDiff.impl.KotlinClassHeaderClassVisitor: loaded 2 times (x 90B)
Class jdk.internal.jrtfs.JrtFileSystemProvider                                        : loaded 2 times (x 103B)
Class org.jetbrains.kotlin.gradle.plugin.KotlinCompilationWithResources               : loaded 2 times (x 72B)
Class com.google.common.collect.Sets$ImprovedAbstractSet                              : loaded 2 times (x 137B)
Class com.google.common.collect.ImmutableList$Builder                                 : loaded 2 times (x 79B)
Class org.jetbrains.kotlin.gradle.plugin.KotlinTargetPreset                           : loaded 2 times (x 72B)
Class org.jetbrains.kotlin.gradle.plugin.diagnostics.checkers.KotlinTargetAlreadyDeclaredChecker: loaded 2 times (x 76B)
Class org.jetbrains.kotlin.gradle.plugin.mpp.compilationImpl.KotlinCompilationProcessorSideEffectKt: loaded 2 times (x 73B)
Class org.jetbrains.kotlin.gradle.utils.FileUtilsKt$localProperties$1                 : loaded 2 times (x 77B)
Class org.jetbrains.kotlin.gradle.dsl.HasConfigurableKotlinCompilerOptions            : loaded 2 times (x 72B)
Class com.google.common.collect.AbstractMultimap                                      : loaded 2 times (x 125B)
Class com.google.common.cache.LocalCache$2                                            : loaded 2 times (x 144B)
Class [Lorg.jetbrains.org.objectweb.asm.tree.AbstractInsnNode;                        : loaded 2 times (x 71B)
Class org.jetbrains.kotlin.incremental.classpathDiff.ExtraInfoExternalizer            : loaded 2 times (x 77B)
Class kotlin.io.CloseableKt                                                           : loaded 2 times (x 73B)
Class org.jetbrains.kotlin.incremental.classpathDiff.ClasspathEntrySnapshot           : loaded 2 times (x 74B)
Class kotlin.collections.CollectionsKt__MutableCollectionsKt                          : loaded 2 times (x 73B)
Class org.jetbrains.kotlin.buildtools.api.SharedApiClassesClassLoader                 : loaded 2 times (x 73B)
Class org.jetbrains.kotlin.gradle.plugin.statistics.KotlinProjectConfigurationMetrics : loaded 2 times (x 73B)
Class org.jetbrains.kotlin.gradle.plugin.KotlinCompilationInfo$TCS                    : loaded 2 times (x 91B)
Class com.google.common.collect.ImmutableRangeSet$1                                   : loaded 2 times (x 212B)
Class org.jetbrains.kotlin.gradle.plugin.mpp.HasBinaries                              : loaded 2 times (x 72B)
Class org.jetbrains.kotlin.gradle.dsl.KotlinCommonOptions                             : loaded 2 times (x 72B)
Class org.jetbrains.kotlin.gradle.plugin.diagnostics.checkers.KmpPartiallyResolvedDependenciesChecker: loaded 2 times (x 76B)
Class org.jetbrains.kotlin.gradle.plugin.mpp.compilationImpl.KotlinCreateSourcesJarTaskSideEffectKt: loaded 2 times (x 73B)
Class org.jetbrains.kotlin.gradle.dsl.KotlinJvmProjectExtension                       : loaded 2 times (x 149B)
Class org.jetbrains.kotlin.gradle.plugin.KotlinGradlePluginExtensionPointInternalKt   : loaded 2 times (x 73B)
Class org.jetbrains.kotlin.gradle.targets.native.toolchain.UsesKotlinNativeBundleBuildService: loaded 2 times (x 72B)
Class org.jetbrains.kotlin.gradle.plugin.KotlinCompilerArgumentsProducer              : loaded 2 times (x 72B)
Class org.jetbrains.kotlin.build.report.metrics.ValueType                             : loaded 2 times (x 81B)
Class com.google.common.collect.RegularImmutableAsList                                : loaded 2 times (x 219B)
Class kotlin.reflect.KCallable                                                        : loaded 2 times (x 72B)
Class org.jetbrains.kotlin.metadata.deserialization.ProtoBufUtilKt                    : loaded 2 times (x 73B)
Class kotlin.io.TerminateException                                                    : loaded 2 times (x 84B)
Class kotlin.io.FilesKt__FilePathComponentsKt                                         : loaded 2 times (x 73B)
Class org.jetbrains.kotlin.gradle.internal.tasks.ProducesKlib                         : loaded 2 times (x 72B)
Class org.jetbrains.kotlin.gradle.tasks.configuration.BaseKotlinCompileConfig$1$classpathConfiguration$1: loaded 2 times (x 77B)
Class com.google.common.collect.Range                                                 : loaded 2 times (x 89B)
Class org.jetbrains.kotlin.gradle.targets.js.npm.NpmDependencyExtensionDelegate       : loaded 2 times (x 168B)
Class org.jetbrains.kotlin.gradle.plugin.sources.FragmentConsistencyChecker           : loaded 2 times (x 74B)
Class org.jetbrains.kotlin.gradle.dsl.DefaultToolchainSupport_Decorated               : loaded 2 times (x 122B)
Class org.jetbrains.kotlin.gradle.internal.properties.NativePropertiesLoader$jvmArgs$1: loaded 2 times (x 77B)
Class org.jetbrains.kotlin.gradle.report.BuildMetricsService$Companion                : loaded 2 times (x 73B)
Class org.jetbrains.kotlin.gradle.tasks.KotlinCompileTool                             : loaded 2 times (x 72B)
Class org.jetbrains.kotlin.gradle.plugin.VariantImplementationFactories$Parameters_Decorated: loaded 2 times (x 132B)
Class org.jetbrains.kotlin.gradle.plugin.statistics.BuildFinishBuildService$Parameters_Decorated: loaded 2 times (x 144B)
Class org.jetbrains.kotlin.gradle.plugin.PropertiesProvider$PropertyNames             : loaded 2 times (x 73B)
Class org.jetbrains.kotlin.gradle.utils.SingleAction$PerformedActions                 : loaded 2 times (x 74B)
Class org.jetbrains.kotlin.gradle.utils.GradleUtilsKt                                 : loaded 2 times (x 73B)
Class org.jetbrains.kotlin.gradle.plugin.HasProject                                   : loaded 2 times (x 72B)
Class com.google.common.util.concurrent.AbstractFuture$Trusted                        : loaded 2 times (x 72B)
Class com.google.common.collect.Iterators                                             : loaded 2 times (x 73B)
Class org.jetbrains.kotlin.protobuf.AbstractMessageLite$Builder                       : loaded 2 times (x 124B)
Class org.jetbrains.kotlin.protobuf.Internal$EnumLiteMap                              : loaded 2 times (x 72B)
Class org.jetbrains.org.objectweb.asm.tree.InsnList                                   : loaded 2 times (x 105B)
Class org.jetbrains.kotlin.protobuf.GeneratedMessageLite                              : loaded 2 times (x 103B)
Class org.jetbrains.org.objectweb.asm.tree.ModuleNode                                 : loaded 2 times (x 84B)
Class org.jetbrains.kotlin.metadata.deserialization.MetadataVersion                   : loaded 2 times (x 76B)
Class org.jetbrains.kotlin.incremental.classpathDiff.impl.InstanceBasedSnapshotter    : loaded 2 times (x 74B)
Class org.jetbrains.kotlin.gradle.tasks.configuration.BaseKotlinCompileConfig         : loaded 2 times (x 74B)
Class org.jetbrains.kotlin.gradle.plugin.mpp.compilationImpl.factory.KotlinCompilationImplFactory$KotlinCompilationTaskNamesContainerFactory: loaded 2 times (x 72B)
Class org.jetbrains.kotlin.gradle.internal.KotlinDependenciesManagementKt$CustomizeKotlinDependenciesSetupAction$1$coreLibrariesVersion$1: loaded 2 times (x 81B)
Class org.jetbrains.kotlin.gradle.plugin.diagnostics.checkers.AndroidPublicationNotConfiguredChecker$runChecks$1: loaded 2 times (x 89B)
Class org.jetbrains.kotlin.gradle.plugin.diagnostics.checkers.CInteropInputChecker$runChecks$1: loaded 2 times (x 89B)
Class org.jetbrains.kotlin.gradle.ExperimentalKotlinGradlePluginApi                   : loaded 2 times (x 72B)
Class org.jetbrains.kotlin.gradle.plugin.diagnostics.ToolingDiagnosticRenderingOptionsKt$isAttachedToTerminal$1: loaded 2 times (x 76B)
Class org.jetbrains.kotlin.gradle.internal.properties.NativePropertiesLoader          : loaded 2 times (x 85B)
Class org.jetbrains.kotlin.statistics.metrics.NumberAnonymizationPolicy$SAFE          : loaded 2 times (x 87B)
Class org.jetbrains.kotlin.gradle.plugin.statistics.BuildFusService                   : loaded 2 times (x 86B)
Class org.jetbrains.kotlin.gradle.dsl.KotlinAndroidProjectExtension                   : loaded 2 times (x 141B)
Class com.google.common.collect.Lists$StringAsImmutableList                           : loaded 2 times (x 209B)
Class com.google.common.util.concurrent.UncheckedExecutionException                   : loaded 2 times (x 84B)
Class org.jetbrains.kotlin.descriptors.Visibilities$Unknown                           : loaded 2 times (x 81B)
Class org.jetbrains.kotlin.descriptors.Visibilities$Inherited                         : loaded 2 times (x 81B)
Class org.jetbrains.org.objectweb.asm.tree.MethodInsnNode                             : loaded 2 times (x 80B)
Class org.jetbrains.kotlin.protobuf.Parser                                            : loaded 2 times (x 72B)
Class org.jetbrains.org.objectweb.asm.tree.MethodNode                                 : loaded 2 times (x 111B)
Class org.jetbrains.kotlin.load.kotlin.KotlinJvmBinaryClass                           : loaded 2 times (x 72B)
Class com.google.common.collect.RegularImmutableMap$KeySet                            : loaded 2 times (x 154B)
Class org.jetbrains.kotlin.config.KotlinCompilerVersion                               : loaded 2 times (x 73B)
Class jdk.internal.jimage.ImageLocation                                               : loaded 2 times (x 92B)
Class jdk.internal.jrtfs.JrtDirectoryStream$1                                         : loaded 2 times (x 85B)
Class org.jetbrains.kotlin.gradle.plugin.diagnostics.checkers.CInteropInputChecker$runChecks$2: loaded 2 times (x 77B)
Class org.jetbrains.kotlin.gradle.tasks.configuration.KaptGenerateStubsConfig$Companion: loaded 2 times (x 73B)
Class org.jetbrains.kotlin.gradle.internal.KotlinTestDependencyManagementKt$maybeAddTestDependencyCapability$1: loaded 2 times (x 77B)
Class org.jetbrains.kotlin.gradle.dsl.abi.AbiValidationLegacyDumpExtension            : loaded 2 times (x 72B)
Class org.jetbrains.kotlin.gradle.plugin.diagnostics.CheckKotlinGradlePluginConfigurationErrorsKt: loaded 2 times (x 73B)
Class org.jetbrains.kotlin.gradle.targets.js.npm.NpmDependencyExtensionKt$AddNpmDependencyExtensionProjectSetupAction$1$WhenMappings: loaded 2 times (x 73B)
Class org.jetbrains.kotlin.gradle.plugin.mpp.KotlinJvmAndroidCompilation              : loaded 2 times (x 204B)
Class org.jetbrains.kotlin.gradle.targets.CreateDefaultCompilationsSideEffectKt$CreateDefaultCompilationsSideEffect$1: loaded 2 times (x 76B)
Class org.jetbrains.kotlin.gradle.targets.native.internal.AddKotlinPlatformIntegersSupportLibraryKt$AddKotlinPlatformIntegersSupportLibrary$1: loaded 2 times (x 97B)
Class org.jetbrains.kotlin.gradle.plugin.mpp.ApplyUserDefinedAttributesKt             : loaded 2 times (x 73B)
Class org.jetbrains.kotlin.gradle.utils.FutureImpl                                    : loaded 2 times (x 82B)
Class org.jetbrains.kotlin.gradle.plugin.diagnostics.ToolingDiagnosticRenderingOptionsKt$isAttachedToTerminal$2: loaded 2 times (x 76B)
Class org.jetbrains.kotlin.gradle.internal.properties.NativePropertiesLoader$isToolchainEnabled$1: loaded 2 times (x 77B)
Class [Lorg.jetbrains.kotlin.statistics.metrics.NumericalMetrics;                     : loaded 2 times (x 71B)
Class [Lorg.jetbrains.kotlin.metadata.ProtoBuf$VersionRequirement$Level;              : loaded 2 times (x 71B)
Class org.jetbrains.kotlin.protobuf.WireFormat$JavaType                               : loaded 2 times (x 81B)
Class org.jetbrains.org.objectweb.asm.ClassTooLargeException                          : loaded 2 times (x 84B)
Class org.jetbrains.kotlin.metadata.jvm.deserialization.JvmMemberSignature$Method     : loaded 2 times (x 77B)
Class org.jetbrains.kotlin.incremental.classpathDiff.KotlinClassSnapshot              : loaded 2 times (x 76B)
Class org.gradle.internal.InternalTransformer                                         : loaded 2 times (x 72B)
Class org.jetbrains.kotlin.gradle.tasks.CompileUsingKotlinDaemonWithNormalization     : loaded 2 times (x 72B)
Class org.jetbrains.kotlin.gradle.plugin.mpp.compilationImpl.factory.KotlinCompilationImplFactory$PostConfigure$Companion: loaded 2 times (x 73B)
Class com.google.common.collect.AbstractMapBasedMultimap$KeySet$1                     : loaded 2 times (x 84B)
Class org.jetbrains.kotlin.gradle.internal.KotlinDomApiDependencyManagementKt$configureKotlinDomApiDefaultDependency$1: loaded 2 times (x 81B)
Class org.jetbrains.kotlin.gradle.targets.js.npm.DefaultDevNpmDependencyExtension     : loaded 2 times (x 146B)
Class [Lorg.jetbrains.kotlin.gradle.plugin.HasKotlinDependencies;                     : loaded 2 times (x 71B)
Class org.jetbrains.kotlin.gradle.tasks.DefaultKotlinJavaToolchain$Companion$wireJvmTargetToToolchain$1: loaded 2 times (x 77B)
Class org.jetbrains.kotlin.gradle.plugin.diagnostics.checkers.JsLikeEnvironmentChecker: loaded 2 times (x 78B)
Class org.jetbrains.kotlin.gradle.plugin.KotlinPlatformType                           : loaded 2 times (x 84B)
Class org.jetbrains.kotlin.gradle.plugin.KotlinGradleBuildServices$Companion          : loaded 2 times (x 73B)
Class org.jetbrains.kotlin.gradle.internal.properties.PropertiesBuildServiceKt        : loaded 2 times (x 73B)
Class org.objectweb.asm.ClassWriter                                                   : loaded 2 times (x 107B)
Class com.google.common.cache.CacheLoader$UnsupportedLoadingOperationException        : loaded 2 times (x 84B)
Class com.google.common.base.CharMatcher$And                                          : loaded 2 times (x 114B)
Class org.jetbrains.kotlin.metadata.ProtoBuf$Property$Builder                         : loaded 2 times (x 198B)
Class org.jetbrains.kotlin.descriptors.Visibilities$PrivateToThis                     : loaded 2 times (x 81B)
Class org.jetbrains.kotlin.protobuf.SmallSortedMap$1                                  : loaded 2 times (x 131B)
Class org.jetbrains.org.objectweb.asm.tree.IntInsnNode                                : loaded 2 times (x 80B)
Class org.jetbrains.kotlin.incremental.classpathDiff.impl.ExtraInfoGeneratorWithInlinedClassSnapshotting: loaded 2 times (x 76B)
Class kotlin.collections.MapsKt__MapsJVMKt                                            : loaded 2 times (x 73B)
Class kotlin.collections.EmptyList                                                    : loaded 2 times (x 176B)
Class jdk.internal.jimage.ImageBufferCache$1                                          : loaded 2 times (x 84B)
Class org.gradle.internal.classloader.ClasspathUtil$1                                 : loaded 2 times (x 78B)
Class com.google.common.collect.AbstractMapBasedMultimap$Itr                          : loaded 2 times (x 85B)
Class org.jetbrains.kotlin.gradle.dsl.KotlinJvmCompilerOptionsHelper                  : loaded 2 times (x 73B)
Class org.jetbrains.kotlin.gradle.tasks.DefaultKotlinJavaToolchain$Companion$wireJvmTargetToToolchain$2: loaded 2 times (x 77B)
Class org.jetbrains.kotlin.gradle.plugin.ProjectLocalConfigurations$ProjectLocalDisambiguation: loaded 2 times (x 78B)
Class org.jetbrains.kotlin.gradle.plugin.diagnostics.ToolingDiagnosticRenderingOptions$Companion: loaded 2 times (x 73B)
Class org.jetbrains.kotlin.gradle.plugin.diagnostics.DiagnosticGroup$KotlinDiagnosticGroup: loaded 2 times (x 83B)
Class org.jetbrains.kotlin.gradle.internal.properties.PropertiesBuildService$NullableStringGradleProperty: loaded 2 times (x 78B)
Class org.jetbrains.kotlin.gradle.targets.native.KonanPropertiesBuildService          : loaded 2 times (x 78B)
Class org.jetbrains.kotlin.gradle.plugin.KotlinGradleBuildServices$detectKotlinPluginLoadedInMultipleProjects$onRegister$1$1: loaded 2 times (x 77B)
Class org.jetbrains.kotlin.gradle.plugin.internal.ConfigurationCacheStartParameterAccessor$Factory: loaded 2 times (x 72B)
Class org.objectweb.asm.FieldVisitor                                                  : loaded 2 times (x 79B)
Class com.google.common.collect.IndexedImmutableSet                                   : loaded 2 times (x 154B)
Class com.google.common.collect.ImmutableMap$1                                        : loaded 2 times (x 83B)
Class com.google.common.collect.BiMap                                                 : loaded 2 times (x 72B)
Class org.jetbrains.kotlin.metadata.ProtoBuf$Effect$EffectType$1                      : loaded 2 times (x 76B)
Class org.jetbrains.kotlin.metadata.ProtoBuf$EffectOrBuilder                          : loaded 2 times (x 72B)
Class org.jetbrains.kotlin.incremental.KotlinClassInfo$Companion                      : loaded 2 times (x 73B)
Class org.jetbrains.kotlin.protobuf.BoundedByteString                                 : loaded 2 times (x 114B)
Class org.jetbrains.kotlin.incremental.storage.DelegateDataExternalizer               : loaded 2 times (x 78B)
Class jdk.internal.jimage.ImageBufferCache$2                                          : loaded 2 times (x 93B)
Class org.gradle.api.internal.classpath.DefaultModuleRegistry$DefaultModule           : loaded 2 times (x 88B)
Class org.jetbrains.kotlin.gradle.plugin.mpp.compilationImpl.KotlinCompilationSourceSetInclusion$DefaultAddSourcesToCompileTask$addSources$1: loaded 2 times (x 81B)
Class org.jetbrains.kotlin.gradle.plugin.diagnostics.checkers.WasmSourceSetsNotFoundChecker$wasmSourceSetRegex$2: loaded 2 times (x 80B)
Class org.jetbrains.kotlin.gradle.plugin.mpp.compilationImpl.KotlinCompilationSideEffect: loaded 2 times (x 72B)
Class org.jetbrains.kotlin.gradle.plugin.KotlinGradlePluginExtensionPoint             : loaded 2 times (x 72B)
Class org.jetbrains.kotlin.tooling.core.ExtrasUtilsKt                                 : loaded 2 times (x 73B)
Class org.jetbrains.kotlin.buildtools.api.ExperimentalBuildToolsApi                   : loaded 2 times (x 72B)
Class org.jetbrains.kotlin.gradle.targets.native.KonanPropertiesBuildService$Companion$registerIfAbsent$2$1$1: loaded 2 times (x 77B)
Class org.jetbrains.kotlin.gradle.internal.IsInIdeaSyncValueSource$Inject             : loaded 2 times (x 111B)
Class org.jetbrains.kotlin.gradle.utils.ResourceUtilsKt                               : loaded 2 times (x 73B)
Class org.jetbrains.kotlin.gradle.plugin.KotlinPluginWrapperKt$kotlinPluginVersionFromResources$1: loaded 2 times (x 80B)
Class com.google.common.primitives.Ints                                               : loaded 2 times (x 73B)
Class com.google.common.collect.AbstractIterator                                      : loaded 2 times (x 84B)
Class org.jetbrains.kotlin.incremental.classpathDiff.JavaClassMemberLevelSnapshot     : loaded 2 times (x 74B)
Class org.jetbrains.org.objectweb.asm.tree.TryCatchBlockNode                          : loaded 2 times (x 76B)
Class org.jetbrains.kotlin.descriptors.Visibilities$InvisibleFake                     : loaded 2 times (x 81B)
Class org.jetbrains.kotlin.protobuf.UninitializedMessageException                     : loaded 2 times (x 86B)
Class org.jetbrains.kotlin.metadata.jvm.deserialization.JvmNameResolverKt             : loaded 2 times (x 73B)
Class org.jetbrains.kotlin.metadata.ProtoBuf$TypeParameter$Variance                   : loaded 2 times (x 84B)
Class org.jetbrains.kotlin.metadata.ProtoBuf$Annotation$Argument$Value$1              : loaded 2 times (x 146B)
Class org.jetbrains.kotlin.incremental.impl.SelectiveClassVisitor                     : loaded 2 times (x 90B)
Class org.jetbrains.kotlin.name.ClassId                                               : loaded 2 times (x 74B)
Class org.jetbrains.kotlin.gradle.tasks.configuration.KaptGenerateStubsConfig$Companion$configureLibraries$1: loaded 2 times (x 81B)
Class org.jetbrains.kotlin.gradle.plugin.mpp.compilationImpl.KotlinCompilationSourceSetInclusion$DefaultAddSourcesToCompileTask$addSources$2: loaded 2 times (x 81B)
Class org.jetbrains.kotlin.gradle.tasks.AbstractKotlinCompile                         : loaded 2 times (x 461B)
Class org.jetbrains.kotlin.gradle.plugin.KotlinCompilationOutput                      : loaded 2 times (x 72B)
Class com.google.common.collect.ObjectArrays                                          : loaded 2 times (x 73B)
Class org.jetbrains.kotlin.gradle.plugin.diagnostics.CheckKotlinGradlePluginConfigurationErrorsKt$addDependsOnFromTasksThatShouldFailWhenErrorsReported$1: loaded 2 times (x 77B)
Class org.jetbrains.kotlin.konan.target.KonanTarget$TVOS_X64                          : loaded 2 times (x 80B)
Class org.jetbrains.kotlin.gradle.plugin.diagnostics.KotlinToolingDiagnosticsSetupActionKt: loaded 2 times (x 73B)
Class org.jetbrains.kotlin.gradle.targets.native.KonanPropertiesBuildService$Parameters_Decorated: loaded 2 times (x 132B)
Class org.jetbrains.kotlin.gradle.plugin.KotlinGradleBuildServices$Parameters$Inject  : loaded 2 times (x 108B)
Class org.jetbrains.kotlin.gradle.fus.BuildUidService$Inject                          : loaded 2 times (x 102B)
Class org.jetbrains.kotlin.gradle.plugin.KotlinPluginWrapperKt$kotlinPluginVersionFromResources$1$1: loaded 2 times (x 73B)
Class com.google.common.math.MathPreconditions                                        : loaded 2 times (x 73B)
Class com.google.common.collect.Multiset                                              : loaded 2 times (x 72B)
Class com.google.common.collect.ArrayListMultimapGwtSerializationDependencies         : loaded 2 times (x 173B)
Class com.google.common.collect.AbstractIndexedListIterator                           : loaded 2 times (x 98B)
Class [Lorg.jetbrains.kotlin.metadata.ProtoBuf$Effect$InvocationKind;                 : loaded 2 times (x 71B)
Class org.jetbrains.kotlin.metadata.ProtoBuf$VersionRequirement$VersionKind           : loaded 2 times (x 84B)
Class org.jetbrains.kotlin.descriptors.Named                                          : loaded 2 times (x 72B)
Class org.jetbrains.kotlin.serialization.deserialization.ProtoEnumFlagsUtilsKt        : loaded 2 times (x 73B)
Class org.jetbrains.kotlin.metadata.ProtoBuf$Visibility$1                             : loaded 2 times (x 76B)
Class org.jetbrains.kotlin.metadata.jvm.JvmProtoBuf$StringTableTypes$Record$Operation$1: loaded 2 times (x 76B)
Class kotlin.collections.IndexingIterable                                             : loaded 2 times (x 81B)
Class org.jetbrains.kotlin.metadata.deserialization.NameResolver                      : loaded 2 times (x 72B)
Class org.jetbrains.kotlin.protobuf.GeneratedMessageLite$ExtensionDescriptor          : loaded 2 times (x 86B)
Class org.jetbrains.org.objectweb.asm.tree.JumpInsnNode                               : loaded 2 times (x 80B)
Class org.jetbrains.kotlin.protobuf.InvalidProtocolBufferException                    : loaded 2 times (x 86B)
Class org.jetbrains.org.objectweb.asm.FieldVisitor                                    : loaded 2 times (x 79B)
Class kotlin.collections.ArraysKt__ArraysKt                                           : loaded 2 times (x 73B)
Class org.jetbrains.kotlin.buildtools.api.CompilationService$Companion                : loaded 2 times (x 73B)
Class org.jetbrains.kotlin.tooling.core.Extras$Entry                                  : loaded 2 times (x 74B)
Class org.jetbrains.kotlin.gradle.plugin.sources.InternalKotlinSourceSetKt            : loaded 2 times (x 73B)
Class org.jetbrains.kotlin.gradle.utils.WhenEvaluatedKt$whenEvaluated$3               : loaded 2 times (x 81B)
Class org.jetbrains.kotlin.gradle.internal.Kapt3GradleSubplugin$Kapt3SubpluginContext : loaded 2 times (x 74B)
Class org.jetbrains.kotlin.gradle.artifacts.KotlinTargetArtifact                      : loaded 2 times (x 72B)
Class org.jetbrains.kotlin.gradle.dsl.KotlinJvmCompilerOptionsDefault_Decorated       : loaded 2 times (x 165B)
Class org.jetbrains.kotlin.gradle.plugin.HasKotlinDependencies                        : loaded 2 times (x 72B)
Class org.jetbrains.kotlin.gradle.internal.ClassLoadersCachingBuildService$Parameters_Decorated: loaded 2 times (x 132B)
Class org.jetbrains.kotlin.gradle.targets.native.toolchain.KotlinNativeBundleBuildService$Companion: loaded 2 times (x 73B)
Class org.jetbrains.kotlin.gradle.plugin.StatisticsBuildFlowManager$subscribeForBuildResultAndConfigurationTimeMetrics$1: loaded 2 times (x 77B)
Class org.jetbrains.kotlin.gradle.plugin.statistics.MetricContainer                   : loaded 2 times (x 74B)
Class org.jetbrains.kotlin.gradle.plugin.statistics.old.Pre232IdeaKotlinBuildStatsMXBean: loaded 2 times (x 72B)
Class org.jetbrains.kotlin.gradle.plugin.statistics.KotlinBuildStatsServicesRegistry  : loaded 2 times (x 80B)
Class org.jetbrains.kotlin.gradle.plugin.BuildEventsListenerRegistryHolder_Decorated  : loaded 2 times (x 117B)
Class org.jetbrains.kotlin.gradle.plugin.VariantImplementationFactoriesConfigurator   : loaded 2 times (x 78B)
Class com.google.common.collect.ImmutableMapEntrySet                                  : loaded 2 times (x 154B)
Class org.jetbrains.kotlin.protobuf.ByteString$ByteIterator                           : loaded 2 times (x 72B)
Class org.jetbrains.kotlin.incremental.classpathDiff.impl.ClassFileWithContents       : loaded 2 times (x 74B)
Class kotlin.collections.SetsKt__SetsJVMKt                                            : loaded 2 times (x 73B)
Class kotlin.Function                                                                 : loaded 2 times (x 72B)
Class org.gradle.api.internal.classpath.Module                                        : loaded 2 times (x 72B)
Class org.jetbrains.kotlin.gradle.plugin.mpp.compilationImpl.KotlinCompilationSourceSetInclusion$Companion$includedSourceSets$2: loaded 2 times (x 80B)
Class org.jetbrains.kotlin.gradle.utils.WhenEvaluatedKt$whenEvaluated$4               : loaded 2 times (x 77B)
Class org.jetbrains.kotlin.gradle.plugin.diagnostics.KotlinToolingDiagnosticsSetupActionKt$KotlinToolingDiagnosticsSetupAction$1$1: loaded 2 times (x 77B)
Class org.jetbrains.kotlin.gradle.targets.js.npm.NpmDirectoryDependencyWithExternalsExtension: loaded 2 times (x 72B)
Class org.jetbrains.kotlin.gradle.plugin.KotlinProjectSetupAction                     : loaded 2 times (x 72B)
Class org.jetbrains.kotlin.gradle.plugin.KotlinGradleFinishBuildHandler$Companion     : loaded 2 times (x 73B)
Class org.jetbrains.kotlin.gradle.internal.IsInIdeaSyncValueSource                    : loaded 2 times (x 80B)
Class com.google.common.cache.Weigher                                                 : loaded 2 times (x 72B)
Class kotlin.internal.ProgressionUtilKt                                               : loaded 2 times (x 73B)
Class org.jetbrains.kotlin.metadata.deserialization.Flags$FlagField                   : loaded 2 times (x 75B)
Class kotlin.io.FileAlreadyExistsException                                            : loaded 2 times (x 84B)
Class org.gradle.api.internal.classpath.UnknownModuleException                        : loaded 2 times (x 84B)
Class org.jetbrains.kotlin.gradle.plugin.statistics.KotlinBuildStatisticsUtilsKt$collectAppliedPluginsStatistics$1: loaded 2 times (x 77B)
Class org.jetbrains.kotlin.gradle.plugin.KotlinPluginLifecycleImpl$executeCurrentStageAndScheduleNext$3: loaded 2 times (x 77B)
Class org.jetbrains.kotlin.gradle.plugin.mpp.compilationImpl.KotlinCompilationRegisterInSourceSetsConfigurator$configure$1: loaded 2 times (x 81B)
Class org.jetbrains.kotlin.gradle.plugin.diagnostics.KotlinToolingDiagnosticsSetupActionKt$KotlinToolingDiagnosticsSetupAction$1$2: loaded 2 times (x 97B)
Class org.jetbrains.kotlin.gradle.targets.js.npm.NpmDependencyWithExternalsExtension  : loaded 2 times (x 72B)
Class org.jetbrains.kotlin.gradle.plugin.mpp.KotlinUsageContext                       : loaded 2 times (x 72B)
Class org.jetbrains.kotlin.gradle.plugin.KotlinTargetsContainer                       : loaded 2 times (x 72B)
Class org.jetbrains.kotlin.gradle.plugin.diagnostics.KotlinToolingDiagnosticsCollector$Parameter$Inject: loaded 2 times (x 108B)
Class org.jetbrains.kotlin.compilerRunner.GradleCliCommonizerKt                       : loaded 2 times (x 73B)
Class org.jetbrains.kotlin.gradle.utils.ConfigurationsKt                              : loaded 2 times (x 73B)
Class org.jetbrains.kotlin.gradle.plugin.StatisticsBuildFlowManager                   : loaded 2 times (x 74B)
Class org.jetbrains.kotlin.gradle.plugin.statistics.BuildFusService$Parameters        : loaded 2 times (x 72B)
Class org.jetbrains.kotlin.gradle.plugin.diagnostics.DefaultProblemsReporter$Factory  : loaded 2 times (x 78B)
Class org.jetbrains.kotlin.gradle.plugin.PluginWrappersKt                             : loaded 2 times (x 73B)
Class com.google.common.base.Stopwatch                                                : loaded 2 times (x 74B)
Class com.google.common.cache.LocalCache$Strength                                     : loaded 2 times (x 83B)
Class com.google.common.cache.Cache                                                   : loaded 2 times (x 72B)
Class com.google.gson.stream.JsonReader$1                                             : loaded 2 times (x 74B)
Class org.jetbrains.kotlin.metadata.ProtoBuf$TypeAliasOrBuilder                       : loaded 2 times (x 72B)
Class org.jetbrains.kotlin.incremental.classpathDiff.KotlinClassInfoExternalizer      : loaded 2 times (x 77B)
Class [Lorg.jetbrains.kotlin.metadata.ProtoBuf$Class$Kind;                            : loaded 2 times (x 71B)
Class org.jetbrains.kotlin.incremental.storage.LongExternalizer                       : loaded 2 times (x 77B)
Class org.jetbrains.kotlin.incremental.classpathDiff.AccessibleClassSnapshot          : loaded 2 times (x 75B)
Class jdk.internal.jimage.ImageHeader                                                 : loaded 2 times (x 73B)
Class org.jetbrains.kotlin.gradle.plugin.statistics.KotlinBuildStatisticsUtilsKt$collectAppliedPluginsStatistics$2: loaded 2 times (x 77B)
Class org.jetbrains.kotlin.gradle.plugin.mpp.InternalKotlinTargetKt                   : loaded 2 times (x 73B)
Class org.jetbrains.kotlin.gradle.plugin.diagnostics.KotlinToolingDiagnosticsSetupActionKt$KotlinToolingDiagnosticsSetupAction$1$3: loaded 2 times (x 77B)
Class org.jetbrains.kotlin.gradle.targets.js.dsl.KotlinTargetWithNodeJsDsl            : loaded 2 times (x 72B)
Class org.jetbrains.kotlin.gradle.plugin.sources.DefaultKotlinSourceSetKt$defaultSourceSetLanguageSettingsChecker$1: loaded 2 times (x 80B)
Class org.jetbrains.kotlin.gradle.plugin.sources.InternalKotlinSourceSet              : loaded 2 times (x 72B)
Class org.jetbrains.kotlin.gradle.plugin.KotlinJvmPlugin                              : loaded 2 times (x 81B)
Class org.jetbrains.kotlin.gradle.plugin.mpp.SyncLanguageSettingsWithKotlinExtensionSetupActionKt$SyncLanguageSettingsWithKotlinExtensionSetupAction$1: loaded 2 times (x 97B)
Class org.jetbrains.kotlin.gradle.dsl.KotlinGradlePluginPublicDsl                     : loaded 2 times (x 72B)
Class org.jetbrains.kotlin.gradle.internal.properties.NativeProperties                : loaded 2 times (x 72B)
Class org.jetbrains.kotlin.gradle.fus.internal.SynchronizedConfigurationMetrics       : loaded 2 times (x 74B)
Class org.jetbrains.kotlin.statistics.BuildSessionLogger                              : loaded 2 times (x 79B)
Class org.jetbrains.kotlin.gradle.plugin.internal.ConfigurationCacheStartParameterAccessor: loaded 2 times (x 72B)
Class org.jetbrains.kotlin.gradle.internal.diagnostics.GradleCompatibilityCheck$DefaultCurrentGradleVersionProvider: loaded 2 times (x 76B)
Class org.jetbrains.kotlin.gradle.dsl.KotlinBaseExtension                             : loaded 2 times (x 72B)
Class com.google.common.util.concurrent.AbstractFuture$Cancellation                   : loaded 2 times (x 74B)
Class com.google.common.collect.ImmutableMap$Builder                                  : loaded 2 times (x 84B)
Class kotlin.collections.IndexingIterator                                             : loaded 2 times (x 81B)
Class org.jetbrains.kotlin.protobuf.LiteralByteString                                 : loaded 2 times (x 114B)
Class org.jetbrains.kotlin.protobuf.LazyFieldLite                                     : loaded 2 times (x 84B)
Class com.google.common.base.Equivalence$Identity                                     : loaded 2 times (x 84B)
Class org.jetbrains.kotlin.gradle.plugin.diagnostics.DefaultProblemsReporter$logger$2 : loaded 2 times (x 81B)
Class org.jetbrains.kotlin.gradle.plugin.diagnostics.DefaultProblemsReporter          : loaded 2 times (x 78B)
Class [Lorg.jetbrains.kotlin.gradle.plugin.statistics.plugins.ObservablePlugins;      : loaded 2 times (x 71B)
Class org.jetbrains.kotlin.gradle.plugin.internal.BuildIdService$Companion$registerIfAbsent$1$1: loaded 2 times (x 77B)
Class org.jetbrains.kotlin.gradle.targets.js.dsl.KotlinWasmTargetDsl                  : loaded 2 times (x 72B)
Class org.jetbrains.kotlin.gradle.plugin.diagnostics.checkers.DisabledCinteropCommonizationInHmppProjectChecker$runChecks$1: loaded 2 times (x 89B)
Class org.jetbrains.kotlin.gradle.plugin.sources.ConsistencyCheck                     : loaded 2 times (x 74B)
Class org.jetbrains.kotlin.gradle.plugin.sources.DefaultKotlinSourceSetKt$defaultSourceSetLanguageSettingsChecker$2: loaded 2 times (x 80B)
Class org.jetbrains.kotlin.gradle.dsl.KotlinCommonToolOptions                         : loaded 2 times (x 72B)
Class org.jetbrains.kotlin.gradle.plugin.AbstractKotlinPlugin                         : loaded 2 times (x 80B)
Class org.jetbrains.kotlin.gradle.tasks.DefaultKotlinJavaToolchain$Companion$wireJvmTargetToJvm$1: loaded 2 times (x 77B)
Class org.jetbrains.kotlin.gradle.plugin.diagnostics.checkers.ComposePluginSuggestApplyChecker: loaded 2 times (x 76B)
Class org.jetbrains.kotlin.konan.target.KonanTarget$IOS_ARM64                         : loaded 2 times (x 80B)
Class org.jetbrains.kotlin.gradle.dsl.KotlinMultiplatformExtension                    : loaded 2 times (x 609B)
Class org.jetbrains.kotlin.gradle.plugin.diagnostics.KotlinToolingDiagnosticsCollectorKt$kotlinToolingDiagnosticsCollectorProvider$1$execute$$inlined$variantImplementationFactoryProvider$1: loaded 2 times (x 76B)
Class org.jetbrains.kotlin.gradle.plugin.BuildFinishAndConfigurationTimeMetricsFlowAction: loaded 2 times (x 76B)
Class org.jetbrains.kotlin.gradle.plugin.PropertiesProvider$booleanProvider$1         : loaded 2 times (x 76B)
Class com.google.common.cache.RemovalListener                                         : loaded 2 times (x 72B)
Class org.jetbrains.kotlin.incremental.storage.JvmMethodSignatureExternalizer         : loaded 2 times (x 77B)
Class [Lkotlin.reflect.KAnnotatedElement;                                             : loaded 2 times (x 71B)
Class org.jetbrains.org.objectweb.asm.tree.VarInsnNode                                : loaded 2 times (x 80B)
Class org.jetbrains.org.objectweb.asm.FieldWriter                                     : loaded 2 times (x 79B)
Class org.jetbrains.org.objectweb.asm.MethodVisitor                                   : loaded 2 times (x 107B)
Class kotlin.io.ByteStreamsKt                                                         : loaded 2 times (x 73B)
Class org.gradle.api.internal.DefaultClassPathRegistry                                : loaded 2 times (x 78B)
Class org.jetbrains.kotlin.gradle.targets.js.npm.DefaultPeerNpmDependencyExtension$delegate$1: loaded 2 times (x 168B)
Class org.jetbrains.kotlin.gradle.targets.js.npm.NpmDependency                        : loaded 2 times (x 88B)
Class org.jetbrains.kotlin.gradle.targets.js.npm.DefaultNpmDependencyExtension        : loaded 2 times (x 153B)
Class org.jetbrains.kotlin.gradle.targets.js.npm.NpmDependency$Scope                  : loaded 2 times (x 81B)
Class org.jetbrains.kotlin.gradle.plugin.sources.FragmentConsistencyChecks$unstableFeaturesCheck$1: loaded 2 times (x 81B)
Class org.jetbrains.kotlin.gradle.plugin.sources.DefaultKotlinSourceSet               : loaded 2 times (x 141B)
Class org.jetbrains.kotlin.gradle.plugin.diagnostics.checkers.AndroidSourceSetLayoutV1SourceSetsNotFoundChecker: loaded 2 times (x 76B)
Class org.jetbrains.kotlin.gradle.plugin.diagnostics.KotlinToolingDiagnosticsCollector$Parameter_Decorated: loaded 2 times (x 132B)
Class org.jetbrains.kotlin.gradle.utils.ConfigurationsKt$sam$org_gradle_api_Action$0  : loaded 2 times (x 77B)
Class org.jetbrains.kotlin.gradle.plugin.diagnostics.ProblemsReporter                 : loaded 2 times (x 72B)
Class org.jetbrains.kotlin.gradle.plugin.VariantImplementationFactories$Parameters    : loaded 2 times (x 72B)
Class org.jetbrains.kotlin.gradle.plugin.internal.JavaExecTaskParametersCompatibility$Factory: loaded 2 times (x 72B)
Class com.google.common.primitives.IntsMethodsForWeb                                  : loaded 2 times (x 73B)
Class com.google.common.collect.Multimap                                              : loaded 2 times (x 72B)
Class org.jetbrains.kotlin.metadata.ProtoBuf$Type$Argument$Projection$1               : loaded 2 times (x 76B)
Class org.jetbrains.kotlin.protobuf.SmallSortedMap$EmptySet$1                         : loaded 2 times (x 80B)
Class org.jetbrains.kotlin.protobuf.AbstractMessageLite$Builder$LimitedInputStream    : loaded 2 times (x 94B)
Class org.gradle.api.internal.ClassPathRegistry                                       : loaded 2 times (x 72B)
Class org.gradle.internal.classpath.DefaultClassPath$ImmutableUniqueList              : loaded 2 times (x 201B)
Class org.jetbrains.kotlin.gradle.plugin.KotlinCompilation$DefaultImpls               : loaded 2 times (x 73B)
Class org.jetbrains.kotlin.gradle.utils.ProviderApiUtilsKt$providerWithLazyConvention$1: loaded 2 times (x 76B)
Class org.jetbrains.kotlin.gradle.plugin.sources.FragmentConsistencyChecks$unstableFeaturesCheck$2: loaded 2 times (x 80B)
Class org.jetbrains.kotlin.gradle.plugin.KotlinPluginLifecycleImpl                    : loaded 2 times (x 82B)
Class org.jetbrains.kotlin.gradle.plugin.diagnostics.KotlinToolingDiagnostics$WasmWasiEnvironmentNotChosenExplicitly: loaded 2 times (x 75B)
Class org.jetbrains.kotlin.gradle.artifacts.KotlinNativeKlibArtifactKt$KotlinNativeKlibArtifact$1: loaded 2 times (x 76B)
Class org.jetbrains.kotlin.gradle.dsl.KotlinCommonCompilerOptionsDefault              : loaded 2 times (x 96B)
Class org.jetbrains.kotlin.gradle.dsl.KotlinCommonCompilerToolOptionsDefault          : loaded 2 times (x 86B)
Class org.jetbrains.kotlin.konan.target.KonanTarget$Companion$predefinedTargets$2     : loaded 2 times (x 80B)
Class org.jetbrains.kotlin.gradle.plugin.diagnostics.DiagnosticGroup$Kgp              : loaded 2 times (x 84B)
Class org.jetbrains.kotlin.gradle.tasks.publishing.HelpersKt$addPomValidationHelpers$1: loaded 2 times (x 77B)
Class org.jetbrains.kotlin.gradle.internal.properties.NativePropertiesLoader$isUseXcodeMessageStyleEnabled$1: loaded 2 times (x 77B)
Class org.jetbrains.kotlin.gradle.internal.ClassLoadersCachingBuildService$Companion$registerIfAbsent$2$1: loaded 2 times (x 81B)
Class org.jetbrains.kotlin.gradle.plugin.statistics.KotlinBuildStatisticsUtilsKt$collectGeneralConfigurationTimeMetrics$statisticOverhead$1$2: loaded 2 times (x 77B)
Class org.jetbrains.kotlin.gradle.plugin.StatisticsBuildFlowManager_Decorated         : loaded 2 times (x 117B)
Class org.jetbrains.kotlin.gradle.report.BuildReportMode$Companion                    : loaded 2 times (x 73B)
Class org.jetbrains.kotlin.gradle.plugin.VariantImplementationFactories$VariantImplementationFactory: loaded 2 times (x 72B)
Class org.jetbrains.kotlin.descriptors.Visibilities$Protected                         : loaded 2 times (x 81B)
Class org.jetbrains.kotlin.metadata.ProtoBuf$PackageOrBuilder                         : loaded 2 times (x 72B)
Class org.jetbrains.kotlin.metadata.jvm.JvmProtoBuf$JvmPropertySignature              : loaded 2 times (x 116B)
Class org.jetbrains.kotlin.metadata.ProtoBuf$ValueParameterOrBuilder                  : loaded 2 times (x 72B)
Class org.jetbrains.org.objectweb.asm.ByteVector                                      : loaded 2 times (x 80B)
Class org.jetbrains.kotlin.protobuf.SmallSortedMap$EmptySet$2                         : loaded 2 times (x 80B)
Class kotlin.text.StringsKt__StringsJVMKt                                             : loaded 2 times (x 73B)
Class org.jetbrains.kotlin.buildtools.api.KotlinBuildToolsException                   : loaded 2 times (x 84B)
Class jdk.internal.jimage.decompressor.ResourceDecompressor                           : loaded 2 times (x 72B)
Class com.google.common.base.PairwiseEquivalence                                      : loaded 2 times (x 85B)
Class org.jetbrains.kotlin.gradle.utils.GradleAttributesContainerUtilsKt              : loaded 2 times (x 73B)
Class org.jetbrains.kotlin.gradle.plugin.mpp.ApplyUserDefinedAttributesKt$UserDefinedAttributesSetupAction$1$1: loaded 2 times (x 81B)
Class org.jetbrains.kotlin.compilerRunner.CompilerSystemPropertiesService             : loaded 2 times (x 82B)
Class org.jetbrains.kotlin.gradle.plugin.mpp.compilationImpl.KotlinCompilationImpl$1  : loaded 2 times (x 81B)
Class org.jetbrains.kotlin.gradle.targets.js.npm.SemVer$Companion                     : loaded 2 times (x 73B)
Class org.jetbrains.kotlin.konan.target.KonanTarget$LINUX_ARM64                       : loaded 2 times (x 80B)
Class org.jetbrains.kotlin.gradle.targets.native.SetupEmbedAndSignAppleFrameworkTaskSideEffectKt$special$$inlined$KotlinTargetSideEffect$1: loaded 2 times (x 76B)
Class org.jetbrains.kotlin.gradle.plugin.mpp.KotlinUsages$KotlinCinteropCompatibility : loaded 2 times (x 79B)
Class org.jetbrains.kotlin.gradle.plugin.mpp.KotlinUsages$KotlinUsagesCompatibility   : loaded 2 times (x 78B)
Class org.jetbrains.kotlin.gradle.dsl.ExplicitApiMode                                 : loaded 2 times (x 81B)
Class org.jetbrains.kotlin.konan.target.KonanTarget$LINUX_X64                         : loaded 2 times (x 80B)
Class [Lorg.jetbrains.kotlin.konan.target.Architecture;                               : loaded 2 times (x 71B)
Class org.jetbrains.kotlin.gradle.tasks.publishing.HelpersKt$addSigningValidationHelpers$1: loaded 2 times (x 77B)
Class org.jetbrains.kotlin.gradle.plugin.VariantImplementationFactories$Companion     : loaded 2 times (x 73B)
Class org.jetbrains.kotlin.gradle.plugin.internal.CustomPropertiesFileValueSource$Parameters_Decorated: loaded 2 times (x 132B)
Class org.jetbrains.kotlin.gradle.dsl.KotlinTopLevelExtensionConfig                   : loaded 2 times (x 72B)
Class com.google.common.cache.CacheBuilder                                            : loaded 2 times (x 74B)
Class com.google.common.collect.SingletonImmutableList                                : loaded 2 times (x 209B)
Class [Lorg.jetbrains.org.objectweb.asm.tree.LabelNode;                               : loaded 2 times (x 71B)
Class org.jetbrains.kotlin.descriptors.DeclarationDescriptor                          : loaded 2 times (x 72B)
Class org.jetbrains.kotlin.incremental.storage.InlinePropertyAccessorExternalizer     : loaded 2 times (x 77B)
Class org.jetbrains.kotlin.descriptors.DescriptorVisibilities                         : loaded 2 times (x 73B)
Class [Lorg.jetbrains.org.objectweb.asm.AnnotationWriter;                             : loaded 2 times (x 71B)
Class org.jetbrains.org.objectweb.asm.tree.LookupSwitchInsnNode                       : loaded 2 times (x 80B)
Class org.jetbrains.org.objectweb.asm.tree.FieldNode                                  : loaded 2 times (x 81B)
Class org.jetbrains.kotlin.load.kotlin.KotlinJvmBinaryClass$AnnotationArrayArgumentVisitor: loaded 2 times (x 72B)
Class org.jetbrains.kotlin.name.FqNameUnsafe$Companion                                : loaded 2 times (x 73B)
Class kotlin.collections.SetsKt                                                       : loaded 2 times (x 73B)
Class kotlin.text.StringsKt__IndentKt                                                 : loaded 2 times (x 73B)
Class Settings_gradle$1                                                               : loaded 2 times (x 76B)
Class org.gradle.internal.classpath.ClassPath                                         : loaded 2 times (x 72B)
Class org.jetbrains.kotlin.gradle.plugin.mpp.compilationImpl.KotlinCompilationImpl$2  : loaded 2 times (x 81B)
Class com.google.common.base.JdkPattern                                               : loaded 2 times (x 77B)
Class org.jetbrains.kotlin.gradle.dsl.PlatformSourceSetConventionsChecker$runChecks$1 : loaded 2 times (x 89B)
Class org.jetbrains.kotlin.gradle.plugin.mpp.compilationImpl.KotlinCompilationProcessorSideEffectKt$KotlinCompilationProcessorSideEffect$1: loaded 2 times (x 76B)
Class org.jetbrains.kotlin.gradle.dsl.KotlinJvmCompilerOptionsDefault                 : loaded 2 times (x 108B)
Class org.jetbrains.kotlin.gradle.internal.UsesClassLoadersCachingBuildService        : loaded 2 times (x 72B)
Class com.google.common.collect.ImmutableList$ReverseImmutableList                    : loaded 2 times (x 211B)
Class kotlin.reflect.KFunction                                                        : loaded 2 times (x 72B)
Class org.jetbrains.kotlin.metadata.deserialization.TypeTable                         : loaded 2 times (x 74B)
Class org.jetbrains.kotlin.load.kotlin.FileBasedKotlinClass$1                         : loaded 2 times (x 90B)
Class org.jetbrains.kotlin.incremental.classpathDiff.impl.InnerClassesClassVisitor    : loaded 2 times (x 90B)
Class kotlin.sequences.SequencesKt__SequencesKt$asSequence$$inlined$Sequence$1        : loaded 2 times (x 77B)
Class org.jetbrains.kotlin.buildtools.api.internal.KotlinCompilerVersion              : loaded 2 times (x 77B)
Class org.jetbrains.kotlin.gradle.plugin.KotlinCompilationInfoKt                      : loaded 2 times (x 73B)
Class org.jetbrains.kotlin.gradle.tasks.KotlinCompile                                 : loaded 2 times (x 505B)
Class org.jetbrains.kotlin.gradle.internal.StdlibDependencyManagementKt               : loaded 2 times (x 73B)
Class org.jetbrains.kotlin.gradle.dsl.PlatformSourceSetConventionsChecker$runChecks$2 : loaded 2 times (x 80B)
Class org.jetbrains.kotlin.gradle.utils.ObservableSet                                 : loaded 2 times (x 72B)
Class org.jetbrains.kotlin.gradle.plugin.mpp.HierarchyAttributeContainer              : loaded 2 times (x 86B)
Class org.jetbrains.kotlin.gradle.tasks.UsesKotlinJavaToolchain                       : loaded 2 times (x 72B)
Class org.jetbrains.kotlin.konan.target.KonanTarget$MINGW_X64                         : loaded 2 times (x 80B)
Class org.jetbrains.kotlin.gradle.plugin.diagnostics.KotlinToolingDiagnosticsCollectorKt: loaded 2 times (x 73B)
Class org.jetbrains.kotlin.gradle.plugin.DefaultKotlinBasePlugin$apply$1              : loaded 2 times (x 77B)
Class org.jetbrains.kotlin.statistics.metrics.StringOverridePolicy$OVERRIDE           : loaded 2 times (x 87B)
Class org.jetbrains.kotlin.gradle.internal.properties.PropertiesBuildService$Params_Decorated: loaded 2 times (x 132B)
Class org.objectweb.asm.SymbolTable$Entry                                             : loaded 2 times (x 75B)
Class com.google.gson.internal.JsonReaderInternalAccess                               : loaded 2 times (x 74B)
Class org.jetbrains.kotlin.metadata.ProtoBuf$Type$ArgumentOrBuilder                   : loaded 2 times (x 72B)
Class org.jetbrains.kotlin.com.intellij.openapi.diagnostic.Logger                     : loaded 2 times (x 101B)
Class org.jetbrains.kotlin.protobuf.GeneratedMessageLite$GeneratedExtension           : loaded 2 times (x 81B)
Class org.jetbrains.kotlin.load.kotlin.FileBasedKotlinClass$2                         : loaded 2 times (x 90B)
Class kotlin.collections.MapsKt__MapsKt                                               : loaded 2 times (x 73B)
Class org.jetbrains.kotlin.incremental.classpathDiff.ClasspathEntrySnapshotter$Settings: loaded 2 times (x 74B)
Class org.jetbrains.kotlin.cli.common.arguments.Freezable                             : loaded 2 times (x 74B)
Class Native_plugin_loader_gradle                                                     : loaded 2 times (x 128B)
Class org.jetbrains.kotlin.gradle.incremental.UsesIncrementalModuleInfoBuildService   : loaded 2 times (x 72B)
Class org.jetbrains.kotlin.gradle.dsl.PlatformSourceSetConventionsChecker$runChecks$3 : loaded 2 times (x 80B)
Class org.jetbrains.kotlin.konan.target.KonanTarget$ANDROID_X86                       : loaded 2 times (x 80B)
Class org.jetbrains.kotlin.gradle.plugin.RegisterKotlinPluginExtensionsKt             : loaded 2 times (x 73B)
Class org.jetbrains.kotlin.gradle.utils.CompilerOptionsKt$configureExperimentalTryNext$1$1: loaded 2 times (x 80B)
Class org.jetbrains.kotlin.gradle.utils.CompilerOptionsKt                             : loaded 2 times (x 73B)
Class org.jetbrains.kotlin.gradle.plugin.PropertiesProvider$Companion                 : loaded 2 times (x 73B)
Class org.jetbrains.kotlin.gradle.utils.SingleAction                                  : loaded 2 times (x 75B)
Class org.objectweb.asm.Edge                                                          : loaded 2 times (x 74B)
Class com.google.common.base.Suppliers$SupplierOfInstance                             : loaded 2 times (x 81B)
Class com.google.common.collect.Iterators$1                                           : loaded 2 times (x 83B)
Class org.jetbrains.kotlin.metadata.ProtoBuf$Class                                    : loaded 2 times (x 178B)
Class org.jetbrains.kotlin.metadata.ProtoBuf$Property$1                               : loaded 2 times (x 146B)
Class org.jetbrains.kotlin.metadata.ProtoBuf$Type                                     : loaded 2 times (x 146B)
Class org.jetbrains.org.objectweb.asm.ClassWriter                                     : loaded 2 times (x 107B)
Class org.jetbrains.kotlin.load.kotlin.FileBasedKotlinClass$3                         : loaded 2 times (x 80B)
Class jdk.internal.jimage.ImageStringsReader                                          : loaded 2 times (x 82B)
Class org.jetbrains.kotlin.gradle.plugin.diagnostics.KotlinToolingDiagnosticsSetupActionKt$KotlinToolingDiagnosticsSetupAction$1$2$diagnostics$1: loaded 2 times (x 77B)
Class org.jetbrains.kotlin.tooling.core.ExtrasPropertyKt$extrasLazyProperty$1         : loaded 2 times (x 96B)
Class org.jetbrains.kotlin.gradle.dsl.abi.AbiFilterSetSpec                            : loaded 2 times (x 72B)
Class org.jetbrains.kotlin.gradle.dsl.PlatformSourceSetConventionsChecker$runChecks$4 : loaded 2 times (x 80B)
Class org.jetbrains.kotlin.gradle.plugin.diagnostics.checkers.JsLikeEnvironmentChecker$runChecks$1: loaded 2 times (x 89B)
Class org.jetbrains.kotlin.gradle.plugin.diagnostics.UsesKotlinToolingDiagnostics     : loaded 2 times (x 72B)
Class org.jetbrains.kotlin.gradle.plugin.diagnostics.checkers.KonanHomeConflictDeclarationChecker: loaded 2 times (x 76B)
Class org.jetbrains.kotlin.gradle.plugin.diagnostics.KotlinToolingDiagnostics$WasmJsEnvironmentNotChosenExplicitly: loaded 2 times (x 75B)
Class org.jetbrains.kotlin.statistics.metrics.BooleanAnonymizationPolicy$SAFE         : loaded 2 times (x 87B)
Class com.google.common.cache.LocalCache$ComputingValueReference                      : loaded 2 times (x 98B)
Class com.google.common.collect.SingletonImmutableSet                                 : loaded 2 times (x 148B)
Class com.google.common.collect.ImmutableMap$IteratorBasedImmutableMap                : loaded 2 times (x 128B)
Class org.jetbrains.kotlin.incremental.DifferenceCalculatorForPackageFacade$Companion$membersResolvers$1: loaded 2 times (x 127B)
Class org.jetbrains.kotlin.load.kotlin.FileBasedKotlinClass$4                         : loaded 2 times (x 90B)
Class org.jetbrains.kotlin.incremental.storage.StringExternalizer                     : loaded 2 times (x 77B)
Class kotlin.UninitializedPropertyAccessException                                     : loaded 2 times (x 84B)
Class org.jetbrains.kotlin.gradle.plugin.mpp.compilationImpl.DefaultKotlinCompilationSourceSetsContainer$allKotlinSourceSetsImpl$1$1: loaded 2 times (x 82B)
Class org.jetbrains.kotlin.gradle.plugin.mpp.compilationImpl.DefaultKotlinCompilationSourceSetsContainer: loaded 2 times (x 80B)
Class org.jetbrains.kotlin.konan.target.KonanTarget$TVOS_SIMULATOR_ARM64              : loaded 2 times (x 80B)
Class org.jetbrains.kotlin.gradle.plugin.KotlinPluginLifecycle$Stage$Companion        : loaded 2 times (x 73B)
Class org.jetbrains.kotlin.gradle.plugin.diagnostics.checkers.DeprecatedKotlinNativeTargetsChecker: loaded 2 times (x 76B)
Class org.jetbrains.kotlin.gradle.targets.jvm.KotlinJvmCompilationWireJavaSourcesSideEffectKt$KotlinJvmCompilationWireJavaSourcesSideEffect$1: loaded 2 times (x 76B)
Class org.jetbrains.kotlin.gradle.targets.native.ConfigureFrameworkExportSideEffectKt$special$$inlined$KotlinTargetSideEffect$1: loaded 2 times (x 76B)
Class org.jetbrains.kotlin.tooling.core.AbstractExtras                                : loaded 2 times (x 143B)
Class org.jetbrains.kotlin.konan.target.KonanTarget$Companion                         : loaded 2 times (x 73B)
Class org.jetbrains.kotlin.gradle.fus.BuildUidService$Companion$registerIfAbsent$1    : loaded 2 times (x 76B)
Class org.jetbrains.kotlin.gradle.internal.diagnostics.AgpCompatibilityCheck$AndroidGradlePluginVersionProvider: loaded 2 times (x 72B)
Class com.google.common.cache.LocalCache$Segment                                      : loaded 2 times (x 155B)
Class org.jetbrains.org.objectweb.asm.tree.LocalVariableNode                          : loaded 2 times (x 75B)
Class org.jetbrains.kotlin.metadata.ProtoBuf$Annotation$Argument                      : loaded 2 times (x 110B)
Class org.jetbrains.kotlin.incremental.DifferenceCalculatorForPackageFacade$Companion$membersResolvers$2: loaded 2 times (x 127B)
Class org.jetbrains.kotlin.metadata.ProtoBuf$Class$Kind                               : loaded 2 times (x 84B)
Class org.jetbrains.kotlin.protobuf.GeneratedMessageLite$Builder                      : loaded 2 times (x 130B)
Class org.jetbrains.kotlin.protobuf.WireFormat$FieldType$1                            : loaded 2 times (x 84B)
Class org.jetbrains.kotlin.metadata.jvm.JvmProtoBuf$JvmMethodSignatureOrBuilder       : loaded 2 times (x 72B)
Class org.jetbrains.kotlin.protobuf.ByteString                                        : loaded 2 times (x 110B)
Class [Lorg.jetbrains.kotlin.buildtools.api.jvm.ClassSnapshotGranularity;             : loaded 2 times (x 71B)
Class jdk.internal.jimage.ImageReader                                                 : loaded 2 times (x 77B)
Class Native_plugin_loader_gradle$NativePluginLoader$Companion                        : loaded 2 times (x 73B)
Class org.jetbrains.kotlin.gradle.internal.StdlibDependencyManagementKt$addStdlibDependency$1$1: loaded 2 times (x 81B)
Class org.jetbrains.kotlin.gradle.tasks.configuration.BaseKotlinCompileConfig$2$1     : loaded 2 times (x 77B)
Class org.jetbrains.kotlin.gradle.plugin.diagnostics.TransformActionUsingKotlinToolingDiagnostics: loaded 2 times (x 72B)
Class com.google.common.collect.SortedIterable                                        : loaded 2 times (x 72B)
Class org.jetbrains.kotlin.gradle.dsl.abi.AbiValidationVariantSpec$Companion          : loaded 2 times (x 73B)
Class org.jetbrains.kotlin.gradle.dsl.abi.AbiValidationVariantSpec                    : loaded 2 times (x 72B)
Class org.jetbrains.kotlin.gradle.dsl.PlatformSourceSetConventionsChecker$runChecks$6 : loaded 2 times (x 89B)
Class org.jetbrains.kotlin.gradle.plugin.sources.DefaultKotlinSourceSet_Decorated     : loaded 2 times (x 187B)
Class org.jetbrains.kotlin.gradle.plugin.mpp.KotlinCompilationsKt                     : loaded 2 times (x 73B)
Class org.jetbrains.kotlin.gradle.targets.native.KonanPropertiesBuildService$Companion: loaded 2 times (x 73B)
Class org.jetbrains.kotlin.statistics.metrics.StringOverridePolicy                    : loaded 2 times (x 87B)
Class org.jetbrains.kotlin.gradle.plugin.statistics.DefaultKotlinBuildStatsBeanService: loaded 2 times (x 94B)
Class org.jetbrains.kotlin.gradle.utils.GradleUtilsKt$registerClassLoaderScopedBuildService$1: loaded 2 times (x 76B)
Class org.jetbrains.kotlin.gradle.internal.diagnostics.AgpCompatibilityCheck$AndroidGradlePluginVersionProvider$Default: loaded 2 times (x 76B)
Class com.google.common.collect.AbstractListMultimap                                  : loaded 2 times (x 173B)
Class [Lorg.objectweb.asm.SymbolTable$Entry;                                          : loaded 2 times (x 71B)
Class com.google.common.cache.CacheLoader                                             : loaded 2 times (x 76B)
Class com.google.common.collect.Iterators$4                                           : loaded 2 times (x 84B)
Class com.google.common.collect.ImmutableBiMap                                        : loaded 2 times (x 145B)
Class org.jetbrains.kotlin.incremental.DifferenceCalculatorForPackageFacade$Companion$membersResolvers$3: loaded 2 times (x 127B)
Class org.jetbrains.kotlin.metadata.ProtoBuf$TypeParameter                            : loaded 2 times (x 131B)
Class org.jetbrains.kotlin.metadata.ProtoBuf$ValueParameter$1                         : loaded 2 times (x 146B)
Class [Lorg.jetbrains.kotlin.protobuf.WireFormat$FieldType;                           : loaded 2 times (x 71B)
Class org.jetbrains.kotlin.protobuf.WireFormat$FieldType$2                            : loaded 2 times (x 84B)
Class jdk.internal.jimage.ImageReader$SharedImageReader                               : loaded 2 times (x 97B)
Class org.gradle.internal.installation.GradleInstallation$1                           : loaded 2 times (x 77B)
Class org.gradle.api.internal.classpath.ModuleRegistry                                : loaded 2 times (x 72B)
Class org.jetbrains.kotlin.gradle.plugin.KotlinPluginLifecycle$ProjectConfigurationResult: loaded 2 times (x 73B)
Class org.jetbrains.kotlin.gradle.internal.KotlinDependenciesManagementKt$configureDefaultVersionsResolutionStrategy$1: loaded 2 times (x 77B)
Class org.jetbrains.kotlin.gradle.internal.StdlibDependencyManagementKt$configureStdlibDefaultDependency$1: loaded 2 times (x 81B)
Class org.jetbrains.kotlin.gradle.plugin.mpp.compilationImpl.KotlinCreateResourcesTaskSideEffectKt: loaded 2 times (x 73B)
Class org.jetbrains.kotlin.gradle.plugin.mpp.KotlinUsages                             : loaded 2 times (x 73B)
Class org.jetbrains.kotlin.gradle.utils.ConfigurationCacheOpaqueValue                 : loaded 2 times (x 74B)
Class org.jetbrains.kotlin.gradle.internal.properties.NativePropertiesLoader$Companion: loaded 2 times (x 73B)
Class org.jetbrains.kotlin.gradle.plugin.statistics.KotlinBuildStatsBeanService$Companion: loaded 2 times (x 73B)
Class org.jetbrains.kotlin.gradle.plugin.statistics.BuildFusService$Companion         : loaded 2 times (x 73B)
Class com.google.common.collect.ImmutableSet$JdkBackedSetBuilderImpl                  : loaded 2 times (x 78B)
Class com.google.common.util.concurrent.internal.InternalFutureFailureAccess          : loaded 2 times (x 74B)
Class com.google.common.collect.Iterators$5                                           : loaded 2 times (x 84B)
Class org.jetbrains.kotlin.protobuf.WireFormat$FieldType$3                            : loaded 2 times (x 84B)
Class org.jetbrains.org.objectweb.asm.AnnotationVisitor                               : loaded 2 times (x 80B)
Class jdk.internal.jimage.decompressor.ResourceDecompressorFactory                    : loaded 2 times (x 76B)
Class org.jetbrains.kotlin.gradle.plugin.HasCompilerOptions                           : loaded 2 times (x 72B)
Class org.jetbrains.kotlin.gradle.plugin.mpp.compilationImpl.DefaultKotlinCompilationFriendPathsResolver$FriendArtifactResolver: loaded 2 times (x 72B)
Class org.jetbrains.kotlin.gradle.dsl.abi.AbiFilterSetSpec_Decorated                  : loaded 2 times (x 135B)
Class org.jetbrains.kotlin.konan.target.KonanTarget$WATCHOS_SIMULATOR_ARM64           : loaded 2 times (x 80B)
Class org.jetbrains.kotlin.gradle.targets.js.ir.KotlinJsIrTarget                      : loaded 2 times (x 256B)
Class org.jetbrains.kotlin.gradle.plugin.mpp.DefaultKotlinUsageContext                : loaded 2 times (x 95B)
Class org.jetbrains.kotlin.gradle.plugin.KotlinPluginLifecycleImpl$start$3            : loaded 2 times (x 81B)
Class org.jetbrains.kotlin.gradle.dsl.KotlinJvmExtension                              : loaded 2 times (x 72B)
Class org.jetbrains.kotlin.gradle.plugin.KotlinMultiplatformPluginWrapper             : loaded 2 times (x 88B)
Class [Lorg.jetbrains.kotlin.statistics.metrics.BooleanMetrics;                       : loaded 2 times (x 71B)
Class org.jetbrains.kotlin.gradle.fus.internal.CiUtilKt                               : loaded 2 times (x 73B)
Class org.jetbrains.kotlin.gradle.internal.properties.PropertiesBuildService$Companion: loaded 2 times (x 73B)
Class com.google.common.cache.LocalCache$LocalManualCache$1                           : loaded 2 times (x 77B)
Class com.google.common.base.CharMatcher$ForPredicate                                 : loaded 2 times (x 114B)
Class org.jetbrains.kotlin.metadata.ProtoBuf$VersionRequirement$Level                 : loaded 2 times (x 84B)
Class org.jetbrains.kotlin.metadata.ProtoBuf$VersionRequirementOrBuilder              : loaded 2 times (x 72B)
Class org.jetbrains.kotlin.descriptors.Visibilities$Internal                          : loaded 2 times (x 81B)
Class [Lorg.jetbrains.kotlin.metadata.ProtoBuf$Annotation$Argument$Value$Type;        : loaded 2 times (x 71B)
Class org.jetbrains.kotlin.metadata.ProtoBuf$Contract$1                               : loaded 2 times (x 146B)
Class org.jetbrains.kotlin.metadata.ProtoBuf$Type$1                                   : loaded 2 times (x 146B)
Class org.jetbrains.kotlin.protobuf.WireFormat$FieldType$4                            : loaded 2 times (x 84B)
Class org.jetbrains.kotlin.metadata.jvm.JvmProtoBuf$JvmMethodSignature$1              : loaded 2 times (x 146B)
Class org.jetbrains.kotlin.load.kotlin.FileBasedKotlinClass$3$1                       : loaded 2 times (x 80B)
Class org.jetbrains.kotlin.name.FqNameUnsafe                                          : loaded 2 times (x 74B)
Class org.jetbrains.kotlin.gradle.plugin.mpp.compilationImpl.KotlinCompilationConfigurationsContainer: loaded 2 times (x 72B)
Class org.jetbrains.kotlin.gradle.internal.StdlibDependencyManagementKt$addStdlibDependency$1: loaded 2 times (x 77B)
Class [Lorg.jetbrains.kotlin.gradle.plugin.KotlinPluginLifecycle$CoroutineStart;      : loaded 2 times (x 71B)
Class org.jetbrains.kotlin.gradle.dsl.IosSourceSetConventionChecker                   : loaded 2 times (x 76B)
Class org.jetbrains.kotlin.gradle.plugin.diagnostics.KotlinGradleProjectChecker       : loaded 2 times (x 72B)
Class org.jetbrains.kotlin.gradle.plugin.sources.KotlinSourceSetFactory$Companion     : loaded 2 times (x 73B)
Class org.jetbrains.kotlin.gradle.dsl.KotlinMultiplatformSourceSetConventions         : loaded 2 times (x 72B)
Class org.jetbrains.kotlin.statistics.metrics.NumberOverridePolicy$SUM                : loaded 2 times (x 87B)
Class com.google.common.base.CharMatcher$AnyOf                                        : loaded 2 times (x 114B)
Class com.google.common.collect.ImmutableCollection                                   : loaded 2 times (x 127B)
Class org.jetbrains.kotlin.metadata.ProtoBuf$Expression                               : loaded 2 times (x 122B)
Class org.jetbrains.kotlin.incremental.classpathDiff.impl.PrefixBasedSnapshotter$getRangeByPredicate$1: loaded 2 times (x 81B)
Class org.jetbrains.kotlin.incremental.storage.CollectionExternalizerV2               : loaded 2 times (x 82B)
Class kotlin.io.FilesKt__UtilsKt                                                      : loaded 2 times (x 73B)
Class kotlin.collections.CollectionsKt__CollectionsJVMKt                              : loaded 2 times (x 73B)
Class jdk.internal.jimage.ImageReader$Node                                            : loaded 2 times (x 86B)
Class org.gradle.api.internal.classpath.DefaultModuleRegistry                         : loaded 2 times (x 88B)
Class org.jetbrains.kotlin.gradle.plugin.mpp.compilationImpl.factory.CompositePostConfigure: loaded 2 times (x 77B)
Class org.jetbrains.kotlin.gradle.plugin.diagnostics.KotlinToolingDiagnosticsSetupActionKt$KotlinToolingDiagnosticsSetupAction$1$reporterProvider$1: loaded 2 times (x 76B)
Class org.jetbrains.kotlin.gradle.targets.native.internal.CInteropConfigurationsKt    : loaded 2 times (x 73B)
Class org.jetbrains.kotlin.gradle.fus.internal.SynchronizedConfigurationMetrics$Companion: loaded 2 times (x 73B)
Class org.jetbrains.kotlin.statistics.metrics.StatisticsValuesConsumer                : loaded 2 times (x 72B)
Class org.jetbrains.kotlin.gradle.plugin.AndroidGradlePluginVersion$Companion         : loaded 2 times (x 73B)
Class com.google.common.collect.Lists                                                 : loaded 2 times (x 73B)
Class com.google.common.util.concurrent.ListenableFuture                              : loaded 2 times (x 72B)
Class com.google.common.cache.ReferenceEntry                                          : loaded 2 times (x 72B)
Class com.google.common.base.Converter                                                : loaded 2 times (x 92B)
Class com.google.common.collect.ImmutableSet$CachingAsList                            : loaded 2 times (x 150B)
Class org.jetbrains.kotlin.metadata.ProtoBuf$Annotation$Argument$1                    : loaded 2 times (x 146B)
Class org.jetbrains.kotlin.metadata.deserialization.Flags$BooleanFlagField            : loaded 2 times (x 78B)
Class kotlin.collections.IndexedValue                                                 : loaded 2 times (x 74B)
Class org.jetbrains.kotlin.metadata.ProtoBuf$Function$1                               : loaded 2 times (x 146B)
Class org.jetbrains.org.objectweb.asm.AnnotationWriter                                : loaded 2 times (x 80B)
Class org.jetbrains.kotlin.metadata.jvm.deserialization.JvmProtoBufUtil               : loaded 2 times (x 73B)
Class org.jetbrains.kotlin.load.kotlin.KotlinJvmBinaryClass$AnnotationVisitor         : loaded 2 times (x 72B)
Class kotlin.sequences.SequencesKt                                                    : loaded 2 times (x 73B)
Class kotlin.collections.CollectionsKt__IteratorsKt                                   : loaded 2 times (x 73B)
Class org.jetbrains.kotlin.gradle.plugin.KotlinGradleBuildServices$Inject             : loaded 2 times (x 102B)
Class jdk.internal.jimage.BasicImageReader$1                                          : loaded 2 times (x 79B)
Class org.jetbrains.kotlin.gradle.tasks.KotlinCompilerExecutionStrategy$Companion     : loaded 2 times (x 73B)
Class org.jetbrains.kotlin.gradle.plugin.diagnostics.KotlinToolingDiagnosticsSetupActionKt$KotlinToolingDiagnosticsSetupAction$1$reporterProvider$2: loaded 2 times (x 77B)
Class [Lorg.jetbrains.kotlin.tooling.core.HasMutableExtras;                           : loaded 2 times (x 71B)
Class org.jetbrains.kotlin.gradle.plugin.diagnostics.checkers.GradleDeprecatedPropertyChecker: loaded 2 times (x 76B)
Class org.jetbrains.kotlin.gradle.artifacts.KotlinJsKlibArtifactKt$KotlinJsKlibArtifact$1: loaded 2 times (x 76B)
Class org.jetbrains.kotlin.gradle.targets.CreateTargetConfigurationsSideEffectKt      : loaded 2 times (x 73B)
Class org.jetbrains.kotlin.gradle.plugin.mpp.ApplyUserDefinedAttributesKt$UserDefinedAttributesSetupAction$1: loaded 2 times (x 97B)
Class org.jetbrains.kotlin.gradle.plugin.mpp.KotlinAndroidTarget                      : loaded 2 times (x 161B)
Class org.jetbrains.kotlin.gradle.plugin.DefaultKotlinBasePlugin$addKotlinCompilerConfiguration$1: loaded 2 times (x 77B)
Class org.jetbrains.kotlin.gradle.plugin.statistics.NonSynchronizedMetricsContainer   : loaded 2 times (x 84B)
Class org.jetbrains.kotlin.gradle.plugin.internal.DefaultCompatibilityConventionRegistrar: loaded 2 times (x 76B)
Class org.jetbrains.kotlin.gradle.plugin.PropertiesProvider                           : loaded 2 times (x 75B)
Class com.google.common.collect.AbstractMapBasedMultimap                              : loaded 2 times (x 140B)
Class com.google.common.util.concurrent.AbstractFuture                                : loaded 2 times (x 108B)
Class com.google.common.base.FunctionalEquivalence                                    : loaded 2 times (x 85B)
Class com.google.gson.Strictness                                                      : loaded 2 times (x 81B)
Class com.google.common.collect.Iterators$9                                           : loaded 2 times (x 83B)
Class com.google.common.collect.ImmutableAsList                                       : loaded 2 times (x 211B)
Class org.jetbrains.kotlin.com.intellij.openapi.diagnostic.Logger$DefaultFactory      : loaded 2 times (x 76B)
Class kotlin.text.StringsKt                                                           : loaded 2 times (x 73B)
Class org.jetbrains.kotlin.gradle.plugin.mpp.compilationImpl.factory.KotlinCompilationImplFactory$KotlinCompilationOutputFactory: loaded 2 times (x 72B)
Class org.jetbrains.kotlin.gradle.plugin.KotlinCompilationToRunnableFiles             : loaded 2 times (x 72B)
Class org.jetbrains.kotlin.gradle.tooling.BuildKotlinToolingMetadataTaskKt            : loaded 2 times (x 73B)
Class org.jetbrains.kotlin.gradle.plugin.ProjectLocalConfigurations$setupAttributesMatchingStrategy$1$1: loaded 2 times (x 76B)
Class org.jetbrains.kotlin.konan.target.TargetSupportException                        : loaded 2 times (x 84B)
Class org.jetbrains.kotlin.gradle.internal.IsInIdeaEnvironmentValueSource             : loaded 2 times (x 82B)
Class org.jetbrains.kotlin.gradle.targets.native.toolchain.KotlinNativeBundleBuildService$Companion$registerIfAbsent$2$1$1: loaded 2 times (x 77B)
Class org.jetbrains.kotlin.statistics.BuildSessionLogger$Companion                    : loaded 2 times (x 73B)
Class org.jetbrains.kotlin.gradle.plugin.diagnostics.ProblemsReporter$Factory         : loaded 2 times (x 72B)
Class org.objectweb.asm.RecordComponentVisitor                                        : loaded 2 times (x 79B)
Class com.google.common.cache.CacheLoader$SupplierToCacheLoader                       : loaded 2 times (x 77B)
Class org.jetbrains.kotlin.descriptors.Visibilities$Private                           : loaded 2 times (x 81B)
Class kotlin.LazyKt__LazyJVMKt                                                        : loaded 2 times (x 73B)
Class org.jetbrains.kotlin.compilerRunner.CompilerSystemPropertiesService$Companion$registerIfAbsent$2$1$1: loaded 2 times (x 77B)
Class org.jetbrains.kotlin.gradle.plugin.KotlinCompilationInfo                        : loaded 2 times (x 90B)
Class org.jetbrains.kotlin.tooling.core.ExtrasPropertyKt                              : loaded 2 times (x 73B)
Class org.jetbrains.kotlin.gradle.tasks.BaseKotlinCompile                             : loaded 2 times (x 72B)
Class org.jetbrains.kotlin.gradle.plugin.internal.UsesBuildIdProviderService          : loaded 2 times (x 72B)
Class org.jetbrains.kotlin.gradle.plugin.mpp.compilationImpl.KotlinCompilationSourceSetInclusion$include$1: loaded 2 times (x 81B)
Class org.jetbrains.kotlin.gradle.plugin.mpp.compilationImpl.factory.KotlinCompilationImplFactory$KotlinCompilationDependencyConfigurationsFactory: loaded 2 times (x 72B)
Class org.jetbrains.kotlin.gradle.tasks.abi.KotlinLegacyAbiCheckTask                  : loaded 2 times (x 72B)
Class org.jetbrains.kotlin.gradle.plugin.KotlinPluginLifecycleCoroutineContextElement$Key: loaded 2 times (x 73B)
Class org.jetbrains.kotlin.gradle.plugin.diagnostics.KotlinToolingDiagnosticsSetupActionKt$KotlinToolingDiagnosticsSetupAction$1: loaded 2 times (x 76B)
Class org.jetbrains.kotlin.gradle.dsl.KotlinProjectExtensionKt                        : loaded 2 times (x 73B)
Class org.jetbrains.kotlin.gradle.internal.ClassLoadersCachingBuildService$Companion$registerIfAbsent$1: loaded 2 times (x 77B)
Class org.jetbrains.kotlin.gradle.plugin.UsesKotlinGradleBuildServices                : loaded 2 times (x 72B)
Class org.jetbrains.kotlin.gradle.plugin.KotlinGradleBuildServices$Parameters_Decorated: loaded 2 times (x 132B)
Class org.jetbrains.kotlin.gradle.plugin.DefaultKotlinBasePlugin$addKotlinCompilerConfiguration$3: loaded 2 times (x 77B)
Class [Lorg.jetbrains.kotlin.statistics.metrics.IMetricContainerFactory;              : loaded 2 times (x 71B)
Class org.jetbrains.kotlin.gradle.internal.IdeaKt                                     : loaded 2 times (x 73B)
Class org.jetbrains.kotlin.metadata.ProtoBuf$VersionRequirement$VersionKind$1         : loaded 2 times (x 76B)
Class org.jetbrains.kotlin.metadata.ProtoBuf$Annotation$1                             : loaded 2 times (x 146B)
Class org.jetbrains.kotlin.incremental.storage.ListExternalizer                       : loaded 2 times (x 82B)
Class org.jetbrains.kotlin.protobuf.AbstractParser                                    : loaded 2 times (x 146B)
Class kotlin.io.FilesKt__FileReadWriteKt                                              : loaded 2 times (x 73B)
Class kotlin.text.StringsKt__StringNumberConversionsKt                                : loaded 2 times (x 73B)
Class org.jetbrains.kotlin.buildtools.api.CompilerArgumentsParseException             : loaded 2 times (x 84B)
Class jdk.internal.jimage.decompressor.Decompressor                                   : loaded 2 times (x 74B)
Class jdk.internal.jimage.ImageReader$Resource                                        : loaded 2 times (x 86B)
Class org.gradle.internal.service.ServiceLookupException                              : loaded 2 times (x 84B)
Class org.jetbrains.kotlin.gradle.plugin.hierarchy.KotlinSourceSetTreeClassifierKt$sourceSetTreeClassifier$2: loaded 2 times (x 80B)
Class com.google.common.collect.ImmutableSortedSet                                    : loaded 2 times (x 302B)
Class org.jetbrains.kotlin.gradle.targets.js.npm.NpmDirectoryDependencyExtension      : loaded 2 times (x 72B)
Class org.jetbrains.kotlin.gradle.plugin.mpp.KotlinUsageContext$MavenScope            : loaded 2 times (x 81B)
Class org.jetbrains.kotlin.gradle.targets.native.KotilnNativeConfigureBinariesSideEffectKt$special$$inlined$KotlinTargetSideEffect$1: loaded 2 times (x 76B)
Class org.jetbrains.kotlin.gradle.plugin.KotlinProjectSetupAction$Companion           : loaded 2 times (x 73B)
Class org.jetbrains.kotlin.konan.target.HostManager                                   : loaded 2 times (x 74B)
Class [Lcom.google.common.cache.LocalCache$EntryFactory;                              : loaded 2 times (x 71B)
Class org.jetbrains.kotlin.metadata.ProtoBuf$Expression$ConstantValue                 : loaded 2 times (x 84B)
Class [Lorg.jetbrains.kotlin.protobuf.Internal$EnumLite;                              : loaded 2 times (x 71B)
Class org.jetbrains.kotlin.com.intellij.openapi.diagnostic.LogLevel                   : loaded 2 times (x 81B)
Class org.jetbrains.kotlin.incremental.classpathDiff.InaccessibleClassSnapshot        : loaded 2 times (x 73B)
Class jdk.internal.jrtfs.JrtFileAttributes                                            : loaded 2 times (x 85B)
Class org.gradle.internal.classloader.ClassLoaderFactory                              : loaded 2 times (x 72B)
Class org.jetbrains.kotlin.gradle.plugin.diagnostics.ProblemsReporterKt               : loaded 2 times (x 73B)
Class org.jetbrains.kotlin.gradle.plugin.SubpluginEnvironment                         : loaded 2 times (x 74B)
Class org.jetbrains.kotlin.gradle.internal.StdlibDependencyManagementKt$addStdlibDependency$1$1$1: loaded 2 times (x 77B)
Class com.google.common.base.CommonPattern                                            : loaded 2 times (x 76B)
Class org.jetbrains.kotlin.gradle.plugin.sources.AbstractKotlinSourceSet              : loaded 2 times (x 141B)
Class org.jetbrains.kotlin.gradle.tooling.BuildKotlinToolingMetadataTaskKt$RegisterBuildKotlinToolingMetadataTask$1: loaded 2 times (x 76B)
Class org.jetbrains.kotlin.gradle.plugin.diagnostics.IsAttachedToTerminalValueSource$Inject: loaded 2 times (x 102B)
Class org.jetbrains.kotlin.compilerRunner.GradleCliCommonizerKt$maybeCreateCommonizerClasspathConfiguration$1$1: loaded 2 times (x 77B)
Class [Lorg.jetbrains.kotlin.build.report.metrics.ValueType;                          : loaded 2 times (x 71B)
Class org.jetbrains.kotlin.gradle.internal.diagnostics.AgpCompatibilityCheck          : loaded 2 times (x 73B)
Class com.google.common.cache.LocalCache$LocalManualCache                             : loaded 2 times (x 101B)
Class com.google.common.base.CharMatcher$IsNot                                        : loaded 2 times (x 113B)
Class org.jetbrains.org.objectweb.asm.tree.ParameterNode                              : loaded 2 times (x 75B)
Class org.jetbrains.kotlin.incremental.classpathDiff.impl.ClassListSnapshotterWithInlinedClassSupport$ClassDescriptorForProcessing: loaded 2 times (x 74B)
Class org.jetbrains.kotlin.incremental.classpathDiff.impl.PrefixBasedSnapshotter      : loaded 2 times (x 74B)
Class org.gradle.internal.service.CachingServiceLocator                               : loaded 2 times (x 84B)
Class org.jetbrains.kotlin.gradle.plugin.KotlinTargetConfiguratorKt$WhenMappings      : loaded 2 times (x 73B)
Class com.google.common.collect.AbstractMapBasedMultimap$KeySet                       : loaded 2 times (x 139B)
Class com.google.common.collect.RegularImmutableSortedSet                             : loaded 2 times (x 302B)
Class org.jetbrains.kotlin.gradle.plugin.diagnostics.checkers.OverriddenKotlinNativeHomeChecker$StdlibExistenceCheckerValueSource$Params_Decorated: loaded 2 times (x 132B)
Class org.jetbrains.kotlin.project.model.LanguageSettings                             : loaded 2 times (x 72B)
Class org.jetbrains.kotlin.gradle.plugin.KotlinPluginLifecycleKt$kotlinPluginLifecycle$2: loaded 2 times (x 80B)
Class org.jetbrains.kotlin.gradle.targets.native.KonanPropertiesBuildService$Parameters: loaded 2 times (x 72B)
Class org.jetbrains.kotlin.gradle.plugin.statistics.BuildFusService$Companion$registerIfAbsent$1$1: loaded 2 times (x 81B)
Class org.jetbrains.kotlin.gradle.plugin.internal.CompatibilityConventionRegistrar$Factory: loaded 2 times (x 72B)
Class com.google.common.math.IntMath                                                  : loaded 2 times (x 73B)
Class kotlin.jvm.internal.CallableReference                                           : loaded 2 times (x 108B)
Class org.jetbrains.kotlin.descriptors.Visibilities$Public                            : loaded 2 times (x 81B)
Class org.jetbrains.kotlin.protobuf.ExtensionRegistryLite$ObjectIntPair               : loaded 2 times (x 74B)
Class org.jetbrains.kotlin.metadata.ProtoBuf$Class$1                                  : loaded 2 times (x 146B)
Class org.jetbrains.kotlin.com.intellij.util.io.IOUtil$1                              : loaded 2 times (x 84B)
Class org.jetbrains.kotlin.load.kotlin.header.ReadKotlinClassHeaderAnnotationVisitor$KotlinMetadataArgumentVisitor$1: loaded 2 times (x 87B)
Class org.jetbrains.kotlin.gradle.tasks.configuration.BaseKotlinCompileConfig$1$jvmToolchain$1: loaded 2 times (x 76B)
Class org.jetbrains.kotlin.gradle.plugin.mpp.InternalKotlinCompilation$DefaultImpls   : loaded 2 times (x 73B)
Class org.jetbrains.kotlin.gradle.plugin.mpp.compilationImpl.KotlinCompilationSourceSetInclusion$DefaultAddSourcesToCompileTask: loaded 2 times (x 76B)
Class org.jetbrains.kotlin.gradle.internal.KotlinTestDependencyManagementKt$configureKotlinTestDependency$2: loaded 2 times (x 81B)
Class org.jetbrains.kotlin.gradle.dsl.PlatformSourceSetConventionsChecker$runChecks$$inlined$CheckedPlatformInfo$default$1: loaded 2 times (x 80B)
Class [Lorg.jetbrains.kotlin.gradle.plugin.KotlinPluginLifecycle$Stage;               : loaded 2 times (x 71B)
Class org.jetbrains.kotlin.gradle.artifacts.KotlinTargetArtifact$Companion            : loaded 2 times (x 73B)
Class org.jetbrains.kotlin.gradle.plugin.mpp.compilationImpl.KotlinCreateLifecycleTasksSideEffectKt$KotlinCreateLifecycleTasksSideEffect$1: loaded 2 times (x 76B)
Class org.jetbrains.kotlin.gradle.dsl.KotlinGradlePluginDsl                           : loaded 2 times (x 72B)
Class org.jetbrains.kotlin.tooling.core.MutableExtras                                 : loaded 2 times (x 72B)
Class org.jetbrains.kotlin.gradle.plugin.KotlinGradleBuildServices$detectKotlinPluginLoadedInMultipleProjects$onRegister$1: loaded 2 times (x 81B)
Class org.jetbrains.kotlin.gradle.plugin.BuildFinishAndConfigurationTimeMetricsFlowAction$Parameters_Decorated: loaded 2 times (x 138B)
Class org.jetbrains.kotlin.gradle.plugin.BuildFinishAndConfigurationTimeMetricsFlowAction$Parameters: loaded 2 times (x 72B)
Class org.objectweb.asm.commons.InstructionAdapter                                    : loaded 2 times (x 190B)
Class com.google.common.collect.ImmutableMapEntry                                     : loaded 2 times (x 87B)
Class org.jetbrains.kotlin.metadata.ProtoBuf$VersionRequirement$1                     : loaded 2 times (x 146B)
Class [Lkotlin.reflect.KFunction;                                                     : loaded 2 times (x 71B)
Class org.jetbrains.kotlin.metadata.jvm.JvmProtoBuf$StringTableTypes$Record$1         : loaded 2 times (x 146B)
Class org.jetbrains.kotlin.com.intellij.util.io.IOUtil$2                              : loaded 2 times (x 78B)
Class org.jetbrains.org.objectweb.asm.tree.AnnotationNode                             : loaded 2 times (x 82B)
Class org.jetbrains.kotlin.load.kotlin.header.ReadKotlinClassHeaderAnnotationVisitor$KotlinMetadataArgumentVisitor$2: loaded 2 times (x 87B)
Class org.jetbrains.kotlin.incremental.classpathDiff.ClassSnapshot                    : loaded 2 times (x 73B)
Class org.jetbrains.kotlin.gradle.internal.ClassLoadersCachingBuildService$Companion$registerIfAbsent$2$1$1: loaded 2 times (x 77B)
Class org.jetbrains.kotlin.gradle.tasks.CompileUsingKotlinDaemon                      : loaded 2 times (x 72B)
Class org.jetbrains.kotlin.gradle.plugin.mpp.KotlinWithJavaTarget                     : loaded 2 times (x 162B)
Class org.jetbrains.kotlin.gradle.utils.StoredPropertyKt$extrasStoredProperty$1       : loaded 2 times (x 80B)
Class org.jetbrains.kotlin.gradle.plugin.mpp.compilationImpl.KotlinCreateNativeCompileTasksSideEffectKt$special$$inlined$KotlinCompilationSideEffect$1: loaded 2 times (x 76B)
Class org.jetbrains.kotlin.gradle.targets.KotlinTargetSideEffect$Companion            : loaded 2 times (x 73B)
Class org.jetbrains.kotlin.gradle.dsl.KotlinSingleJavaTargetExtension                 : loaded 2 times (x 126B)
Class org.jetbrains.kotlin.gradle.plugin.KotlinPluginLifecycle$IllegalLifecycleException: loaded 2 times (x 84B)
Class org.jetbrains.kotlin.gradle.internal.properties.NativePropertiesLoader$userProvidedNativeHome$1: loaded 2 times (x 77B)
Class org.jetbrains.kotlin.gradle.plugin.KotlinGradleFinishBuildHandler               : loaded 2 times (x 74B)
Class org.jetbrains.kotlin.statistics.metrics.StringOverridePolicy$CONCAT             : loaded 2 times (x 87B)
Class org.jetbrains.kotlin.gradle.dsl.KotlinTopLevelExtension                         : loaded 2 times (x 72B)
Class com.google.common.base.Equivalence                                              : loaded 2 times (x 84B)
Class com.google.common.base.Function                                                 : loaded 2 times (x 72B)
Class com.google.common.collect.ImmutableMapEntry$NonTerminalImmutableMapEntry        : loaded 2 times (x 87B)
Class org.jetbrains.kotlin.descriptors.CallableMemberDescriptor$Kind                  : loaded 2 times (x 81B)
Class org.jetbrains.kotlin.metadata.ProtoBuf$TypeParameterOrBuilder                   : loaded 2 times (x 72B)
Class org.jetbrains.kotlin.metadata.ProtoBuf$Property                                 : loaded 2 times (x 173B)
Class org.jetbrains.org.objectweb.asm.Type                                            : loaded 2 times (x 74B)
Class org.jetbrains.kotlin.name.FqName                                                : loaded 2 times (x 74B)
Class kotlin.enums.EnumEntries                                                        : loaded 2 times (x 72B)
Class org.jetbrains.kotlin.build.report.metrics.DoNothingBuildMetricsReporter         : loaded 2 times (x 89B)
Class org.jetbrains.kotlin.buildtools.api.internal.KotlinCompilerVersionKt            : loaded 2 times (x 73B)
Class org.jetbrains.kotlin.gradle.plugin.ProjectLocalConfigurationsKt                 : loaded 2 times (x 73B)
Class org.jetbrains.kotlin.gradle.plugin.mpp.compilationImpl.factory.KotlinCompilationImplFactory: loaded 2 times (x 74B)
Class org.jetbrains.kotlin.gradle.internal.KotlinDomApiDependencyManagementKt$addKotlinDomApiDependency$1: loaded 2 times (x 77B)
Class org.jetbrains.kotlin.gradle.plugin.diagnostics.checkers.KotlinTargetAlreadyDeclaredChecker$runChecks$1: loaded 2 times (x 89B)
Class org.jetbrains.kotlin.gradle.plugin.mpp.KotlinTargetWithBinaries                 : loaded 2 times (x 159B)
Class [Lorg.jetbrains.kotlin.gradle.plugin.KotlinSourceSet;                           : loaded 2 times (x 71B)
Class org.jetbrains.kotlin.gradle.plugin.diagnostics.checkers.JsEnvironmentChecker$1  : loaded 2 times (x 80B)
Class org.jetbrains.kotlin.gradle.plugin.diagnostics.KotlinToolingDiagnostics$JsLikeEnvironmentNotChosenExplicitly: loaded 2 times (x 75B)
Class org.jetbrains.kotlin.gradle.utils.StoredLazyProperty$getValue$1                 : loaded 2 times (x 81B)
Class org.jetbrains.kotlin.statistics.metrics.IMetricContainerFactory                 : loaded 2 times (x 72B)
Class org.jetbrains.kotlin.statistics.MetricValueValidationFailed                     : loaded 2 times (x 84B)
Class org.jetbrains.kotlin.gradle.plugin.PropertiesProvider$localProperties$2         : loaded 2 times (x 81B)
Class com.google.common.cache.CacheBuilder$OneWeigher                                 : loaded 2 times (x 84B)
Class com.google.common.collect.RegularImmutableList                                  : loaded 2 times (x 215B)
Class org.jetbrains.org.objectweb.asm.TypePath                                        : loaded 2 times (x 74B)
Class org.jetbrains.kotlin.metadata.jvm.deserialization.UtfEncodingKt                 : loaded 2 times (x 73B)
Class org.jetbrains.kotlin.metadata.jvm.JvmProtoBuf$JvmFieldSignature$1               : loaded 2 times (x 146B)
Class org.jetbrains.kotlin.metadata.ProtoBuf$TypeTable                                : loaded 2 times (x 111B)
Class org.jetbrains.kotlin.metadata.jvm.JvmProtoBuf$JvmMethodSignature                : loaded 2 times (x 110B)
Class org.jetbrains.kotlin.protobuf.MessageLiteOrBuilder                              : loaded 2 times (x 72B)
Class org.jetbrains.kotlin.load.kotlin.header.ReadKotlinClassHeaderAnnotationVisitor$KotlinMetadataArgumentVisitor: loaded 2 times (x 88B)
Class org.jetbrains.kotlin.name.ClassId$Companion                                     : loaded 2 times (x 73B)
Class org.jetbrains.kotlin.gradle.tasks.configuration.KaptGenerateStubsConfig         : loaded 2 times (x 74B)
Class org.jetbrains.kotlin.gradle.targets.js.npm.SemVer                               : loaded 2 times (x 77B)
Class org.jetbrains.kotlin.gradle.internal.properties.NativePropertiesLoader$konanDataDirProperty$1$1: loaded 2 times (x 76B)
Class org.jetbrains.kotlin.gradle.plugin.diagnostics.checkers.JsEnvironmentChecker$2  : loaded 2 times (x 80B)
Class org.jetbrains.kotlin.gradle.utils.WhenPluginEnabledKt$whenPluginsEnabled$1      : loaded 2 times (x 77B)
Class org.jetbrains.kotlin.gradle.tasks.AbstractKotlinCompileTool                     : loaded 2 times (x 366B)
Class org.jetbrains.kotlin.gradle.internal.report.BuildScanApi                        : loaded 2 times (x 72B)
Class org.jetbrains.kotlin.gradle.plugin.statistics.FlowActionBuildFusService$Companion$registerIfAbsentImpl$1$1: loaded 2 times (x 76B)
Class [Lorg.jetbrains.kotlin.gradle.report.BuildReportType;                           : loaded 2 times (x 71B)
Class org.jetbrains.kotlin.gradle.plugin.statistics.KotlinBuildStatsConfiguration     : loaded 2 times (x 74B)
Class org.jetbrains.kotlin.gradle.internal.properties.PropertiesBuildService$localProperties$2: loaded 2 times (x 81B)
Class org.jetbrains.kotlin.incremental.storage.InlineFunctionExternalizer             : loaded 2 times (x 77B)
Class org.jetbrains.kotlin.metadata.ProtoBuf$AnnotationOrBuilder                      : loaded 2 times (x 72B)
Class org.jetbrains.kotlin.com.intellij.openapi.diagnostic.Logger$Factory             : loaded 2 times (x 72B)
Class org.jetbrains.kotlin.protobuf.WireFormat$FieldType                              : loaded 2 times (x 84B)
Class org.jetbrains.kotlin.load.kotlin.FileBasedKotlinClass                           : loaded 2 times (x 92B)
Class org.jetbrains.kotlin.buildtools.internal.ClasspathEntrySnapshotImpl             : loaded 2 times (x 78B)
Class jdk.internal.jimage.ImageBufferCache                                            : loaded 2 times (x 73B)
Class jdk.internal.jrtfs.JrtPath                                                      : loaded 2 times (x 124B)
Class org.gradle.internal.classloader.ClasspathUtil                                   : loaded 2 times (x 73B)
Class org.jetbrains.kotlin.gradle.dsl.KotlinCompile                                   : loaded 2 times (x 72B)
Class org.jetbrains.kotlin.gradle.plugin.mpp.compilationImpl.DefaultKotlinCompilationFriendPathsResolver$DefaultFriendArtifactResolver: loaded 2 times (x 76B)
Class org.jetbrains.kotlin.gradle.plugin.diagnostics.checkers.InternalGradlePropertiesUsageChecker$runChecks$1: loaded 2 times (x 89B)
Class org.jetbrains.kotlin.gradle.utils.StringUtilsKt$lowerCamelCaseName$1            : loaded 2 times (x 127B)
Class org.jetbrains.kotlin.gradle.plugin.diagnostics.checkers.JsEnvironmentChecker$3  : loaded 2 times (x 80B)
Class org.jetbrains.kotlin.gradle.dsl.JvmTarget$Companion                             : loaded 2 times (x 73B)
Class org.jetbrains.kotlin.gradle.internal.properties.NativePropertiesLoader$downloadFromMaven$1: loaded 2 times (x 77B)
Class org.jetbrains.kotlin.gradle.plugin.statistics.BuildFinishBuildService$Inject    : loaded 2 times (x 106B)
Class org.jetbrains.kotlin.gradle.plugin.internal.DefaultConfigurationCacheStartParameterAccessor_Decorated: loaded 2 times (x 123B)
Class org.jetbrains.kotlin.gradle.plugin.internal.DefaultConfigurationCacheStartParameterAccessor: loaded 2 times (x 79B)
Class org.jetbrains.kotlin.tooling.core.HasExtras                                     : loaded 2 times (x 72B)
Class com.google.common.util.concurrent.Uninterruptibles                              : loaded 2 times (x 73B)
Class org.jetbrains.kotlin.metadata.ProtoBuf$TypeAlias                                : loaded 2 times (x 141B)
Class [Lorg.jetbrains.kotlin.metadata.ProtoBuf$TypeParameter$Variance;                : loaded 2 times (x 71B)
Class org.jetbrains.kotlin.metadata.ProtoBuf$Constructor                              : loaded 2 times (x 131B)
Class org.jetbrains.kotlin.metadata.jvm.deserialization.JvmMemberSignature            : loaded 2 times (x 76B)
Class org.jetbrains.kotlin.inline.InlineUtilKt$WhenMappings                           : loaded 2 times (x 73B)
Class org.jetbrains.kotlin.load.kotlin.header.KotlinClassHeader$Kind                  : loaded 2 times (x 81B)
Class org.jetbrains.kotlin.load.kotlin.KotlinJvmBinaryClass$AnnotationArgumentVisitor : loaded 2 times (x 72B)
Class kotlin.io.FileSystemException                                                   : loaded 2 times (x 84B)
Class org.jetbrains.kotlin.gradle.fus.internal.SynchronizedConfigurationMetrics$add$1 : loaded 2 times (x 81B)
Class org.jetbrains.kotlin.gradle.plugin.sources.DefaultLanguageSettingsBuilder$freeCompilerArgsProvider$1: loaded 2 times (x 97B)
Class org.jetbrains.kotlin.gradle.targets.js.npm.DevNpmDependencyExtension            : loaded 2 times (x 72B)
Class org.jetbrains.kotlin.gradle.plugin.diagnostics.checkers.PreHmppDependenciesUsageChecker: loaded 2 times (x 76B)
Class org.jetbrains.kotlin.gradle.targets.CreateArtifactsSideEffectKt                 : loaded 2 times (x 73B)
Class org.jetbrains.kotlin.gradle.plugin.AbstractKotlinMultiplatformPluginWrapper     : loaded 2 times (x 88B)
Class org.jetbrains.kotlin.konan.target.HostManager$Companion                         : loaded 2 times (x 73B)
Class org.jetbrains.kotlin.gradle.utils.GradleConfigurationUtilsKt$addGradlePluginMetadataAttributes$1: loaded 2 times (x 77B)
Class org.jetbrains.kotlin.gradle.plugin.internal.DefaultProjectIsolationStartParameterAccessor: loaded 2 times (x 79B)
Class org.jetbrains.kotlin.gradle.dsl.KotlinAndroidExtension                          : loaded 2 times (x 72B)
Class com.google.common.util.concurrent.LazyLogger                                    : loaded 2 times (x 74B)
Class com.google.common.collect.Maps                                                  : loaded 2 times (x 73B)
Class org.jetbrains.kotlin.resolve.scopes.receivers.ReceiverValue                     : loaded 2 times (x 72B)
Class org.jetbrains.kotlin.incremental.storage.IntExternalizer                        : loaded 2 times (x 77B)
Class org.jetbrains.kotlin.metadata.jvm.JvmProtoBuf$JvmMethodSignature$Builder        : loaded 2 times (x 136B)
Class org.jetbrains.kotlin.metadata.ProtoBuf$VersionRequirementTableOrBuilder         : loaded 2 times (x 72B)
Class org.jetbrains.kotlin.metadata.jvm.JvmProtoBuf$JvmFieldSignatureOrBuilder        : loaded 2 times (x 72B)
Class org.jetbrains.org.objectweb.asm.ModuleVisitor                                   : loaded 2 times (x 83B)
Class kotlin.jvm.internal.DefaultConstructorMarker                                    : loaded 2 times (x 73B)
Class org.gradle.api.specs.Spec                                                       : loaded 2 times (x 72B)
Class org.jetbrains.kotlin.gradle.plugin.SubpluginEnvironment$Companion               : loaded 2 times (x 73B)
Class org.jetbrains.kotlin.gradle.plugin.mpp.ApplyUserDefinedAttributesKt$UserDefinedAttributesSetupAction$1$1$3: loaded 2 times (x 77B)
Class org.jetbrains.kotlin.gradle.tasks.configuration.BaseKotlinCompileConfig$Companion: loaded 2 times (x 73B)
Class org.jetbrains.kotlin.gradle.plugin.mpp.compilationImpl.KotlinCompilationImpl$Params: loaded 2 times (x 74B)
Class org.jetbrains.kotlin.gradle.tooling.BuildKotlinToolingMetadataTask              : loaded 2 times (x 316B)
Class org.jetbrains.kotlin.gradle.plugin.internal.CompatibilityConventionRegistrarKt  : loaded 2 times (x 73B)
Class org.jetbrains.kotlin.konan.target.UtilsKt                                       : loaded 2 times (x 73B)
Class org.jetbrains.kotlin.gradle.artifacts.KotlinJvmJarArtifactKt                    : loaded 2 times (x 73B)
Class org.jetbrains.kotlin.gradle.plugin.mpp.compilationImpl.CreateCInteropTasksSideEffectKt$special$$inlined$KotlinCompilationSideEffect$1: loaded 2 times (x 76B)
Class org.jetbrains.kotlin.gradle.plugin.statistics.FinalizeConfigurationFusMetricActionKt: loaded 2 times (x 73B)
Class org.jetbrains.kotlin.gradle.targets.native.toolchain.KotlinNativeBundleBuildService$Companion$registerIfAbsent$2$1: loaded 2 times (x 81B)
Class org.jetbrains.kotlin.gradle.plugin.statistics.KotlinBuildStatsBeanService       : loaded 2 times (x 89B)
Class org.jetbrains.kotlin.gradle.plugin.internal.MavenPublicationComponentAccessor$Factory: loaded 2 times (x 72B)
Class [Lcom.google.common.collect.ImmutableEntry;                                     : loaded 2 times (x 71B)
Class org.jetbrains.kotlin.descriptors.DelegatedDescriptorVisibility                  : loaded 2 times (x 81B)
Class org.jetbrains.kotlin.serialization.deserialization.ProtoEnumFlagsUtilsKt$WhenMappings: loaded 2 times (x 73B)
Class org.jetbrains.kotlin.load.kotlin.header.KotlinClassHeader                       : loaded 2 times (x 74B)
Class org.jetbrains.kotlin.name.Name                                                  : loaded 2 times (x 77B)
Class org.jetbrains.kotlin.incremental.storage.MapExternalizer                        : loaded 2 times (x 82B)
Class jdk.internal.jimage.ImageReader$SharedImageReader$LocationVisitor               : loaded 2 times (x 72B)
Class org.jetbrains.kotlin.tooling.core.ExtrasLazyProperty                            : loaded 2 times (x 72B)
Class org.jetbrains.kotlin.gradle.internal.properties.NativeProperties$Companion      : loaded 2 times (x 73B)
Class org.jetbrains.kotlin.gradle.utils.StringUtilsKt                                 : loaded 2 times (x 73B)
Class org.jetbrains.kotlin.gradle.targets.ConfigureBuildSideEffectKt$ConfigureBuildSideEffect$1: loaded 2 times (x 76B)
Class org.jetbrains.kotlin.gradle.utils.CompletableFuture                             : loaded 2 times (x 72B)
Class org.jetbrains.kotlin.gradle.plugin.diagnostics.DiagnosticGroup$Kgp$Misconfiguration: loaded 2 times (x 84B)
Class org.jetbrains.kotlin.build.report.metrics.BuildPerformanceMetric                : loaded 2 times (x 74B)
Class [Lorg.jetbrains.kotlin.statistics.metrics.StringOverridePolicy;                 : loaded 2 times (x 71B)
Class org.jetbrains.kotlin.gradle.plugin.internal.JavaExecTaskParametersCompatibility : loaded 2 times (x 72B)
Class com.google.common.cache.LocalCache$LoadingValueReference                        : loaded 2 times (x 98B)
Class org.jetbrains.kotlin.incremental.KotlinClassInfo$ExtraInfo                      : loaded 2 times (x 74B)
Class org.jetbrains.kotlin.metadata.deserialization.Flags                             : loaded 2 times (x 73B)
Class org.jetbrains.kotlin.metadata.ProtoBuf$TypeTable$1                              : loaded 2 times (x 146B)
Class org.jetbrains.org.objectweb.asm.Symbol                                          : loaded 2 times (x 75B)
Class Build_gradle$1                                                                  : loaded 2 times (x 77B)
Class org.jetbrains.kotlin.gradle.plugin.statistics.ConfigurationMetricsBuildFusParameters: loaded 2 times (x 72B)
Class org.jetbrains.kotlin.gradle.tasks.configuration.AbstractKotlinCompileConfigKt$explicitApiMode$1: loaded 2 times (x 77B)
Class com.google.common.base.Platform                                                 : loaded 2 times (x 73B)
Class org.jetbrains.kotlin.gradle.plugin.diagnostics.checkers.OverriddenKotlinNativeHomeChecker$StdlibExistenceCheckerValueSource$Params$Inject: loaded 2 times (x 108B)
Class org.jetbrains.kotlin.gradle.plugin.diagnostics.checkers.CommonMainOrTestWithDependsOnChecker: loaded 2 times (x 76B)
Class org.jetbrains.kotlin.gradle.artifacts.KotlinNativeHostSpecificMetadataArtifactKt: loaded 2 times (x 73B)
Class org.jetbrains.kotlin.gradle.plugin.mpp.compilationImpl.KotlinCreateLifecycleTasksSideEffectKt: loaded 2 times (x 73B)
Class org.jetbrains.kotlin.gradle.plugin.KotlinTarget                                 : loaded 2 times (x 72B)
Class org.jetbrains.kotlin.gradle.utils.ConfigurationsKt$createResolvable$1           : loaded 2 times (x 80B)
Class [Lorg.jetbrains.kotlin.statistics.metrics.BooleanAnonymizationPolicy;           : loaded 2 times (x 71B)
Class org.jetbrains.kotlin.incremental.ClassProtoData                                 : loaded 2 times (x 74B)
Class org.jetbrains.kotlin.inline.InlineFunctionOrAccessor                            : loaded 2 times (x 72B)
Class org.jetbrains.kotlin.metadata.ProtoBuf$Function                                 : loaded 2 times (x 162B)
Class org.jetbrains.kotlin.incremental.classpathDiff.impl.BasicClassInfoClassVisitor  : loaded 2 times (x 90B)
Class kotlin.collections.EmptyIterator                                                : loaded 2 times (x 91B)
Class kotlin.SynchronizedLazyImpl                                                     : loaded 2 times (x 78B)
Class kotlin.text.StringsKt__RegexExtensionsKt                                        : loaded 2 times (x 73B)
Class jdk.internal.jimage.decompressor.ResourceDecompressorRepository                 : loaded 2 times (x 73B)
Class org.jetbrains.kotlin.gradle.targets.native.KonanPropertiesBuildService$Companion$registerIfAbsent$1: loaded 2 times (x 77B)
Class org.jetbrains.kotlin.compilerRunner.CompilerSystemPropertiesService$Parameters  : loaded 2 times (x 72B)
Class org.jetbrains.kotlin.gradle.plugin.mpp.compilationImpl.KotlinCompilationSourceSetsContainer: loaded 2 times (x 72B)
Class org.jetbrains.kotlin.gradle.artifacts.KotlinNativeKlibArtifactKt                : loaded 2 times (x 73B)
Class org.jetbrains.kotlin.gradle.plugin.ProjectLocalConfigurations                   : loaded 2 times (x 73B)
Class org.jetbrains.kotlin.gradle.plugin.mpp.KotlinUsages$KotlinUsagesDisambiguation  : loaded 2 times (x 78B)
Class org.jetbrains.kotlin.gradle.plugin.diagnostics.KotlinToolingDiagnosticsCollector$Parameter: loaded 2 times (x 72B)
Class org.jetbrains.kotlin.gradle.plugin.diagnostics.KotlinToolingDiagnosticsCollectorKt$kotlinToolingDiagnosticsCollectorProvider$1: loaded 2 times (x 77B)
Class org.jetbrains.kotlin.tooling.core.Extras$Key$Companion                          : loaded 2 times (x 73B)
Class org.jetbrains.kotlin.tooling.core.Extras$Key                                    : loaded 2 times (x 74B)
Class [Lorg.objectweb.asm.AnnotationWriter;                                           : loaded 2 times (x 71B)
Class com.google.common.collect.Maps$8                                                : loaded 2 times (x 84B)
Class org.jetbrains.kotlin.metadata.ProtoBuf$Effect$InvocationKind                    : loaded 2 times (x 84B)
Class org.jetbrains.kotlin.metadata.ProtoBuf$VersionRequirementTable                  : loaded 2 times (x 109B)
Class org.jetbrains.kotlin.protobuf.LazyField                                         : loaded 2 times (x 85B)
Class org.jetbrains.kotlin.load.kotlin.header.ReadKotlinClassHeaderAnnotationVisitor  : loaded 2 times (x 82B)
Class kotlin.sequences.SequencesKt__SequencesJVMKt                                    : loaded 2 times (x 73B)
Class kotlin.collections.AbstractList                                                 : loaded 2 times (x 199B)
Class kotlin.collections.AbstractCollection                                           : loaded 2 times (x 119B)
Class jdk.internal.jimage.ImageReader$Directory                                       : loaded 2 times (x 86B)
Class com.google.common.collect.ImmutableRangeSet$Builder                             : loaded 2 times (x 79B)
Class [Lcom.google.common.collect.Iterators$EmptyModifiableIterator;                  : loaded 2 times (x 71B)
Class org.jetbrains.kotlin.gradle.plugin.diagnostics.CheckKotlinGradlePluginConfigurationErrors: loaded 2 times (x 318B)
Class org.jetbrains.kotlin.gradle.plugin.sources.DefaultKotlinSourceSetKt             : loaded 2 times (x 73B)
Class org.jetbrains.kotlin.gradle.dsl.KotlinJvmOptions                                : loaded 2 times (x 72B)
Class org.jetbrains.kotlin.gradle.plugin.mpp.HierarchyAttributeContainer$1            : loaded 2 times (x 80B)
Class org.jetbrains.kotlin.gradle.plugin.KotlinPluginLifecycle                        : loaded 2 times (x 72B)
Class org.jetbrains.kotlin.gradle.plugin.KotlinJsPluginWrapper                        : loaded 2 times (x 88B)
Class org.jetbrains.kotlin.gradle.dsl.ToolchainSupport                                : loaded 2 times (x 72B)
Class org.jetbrains.kotlin.tooling.core.Extras                                        : loaded 2 times (x 72B)
Class org.jetbrains.kotlin.gradle.plugin.mpp.InternalKotlinTarget                     : loaded 2 times (x 72B)
Class org.jetbrains.kotlin.statistics.metrics.NumberAnonymizationPolicy$RANDOM_10_PERCENT: loaded 2 times (x 87B)
Class org.jetbrains.kotlin.statistics.metrics.StringMetrics                           : loaded 2 times (x 81B)
Class com.google.common.collect.Sets$SetView                                          : loaded 2 times (x 140B)
Class com.google.common.cache.LocalCache$StrongValueReference                         : loaded 2 times (x 92B)
Class org.jetbrains.kotlin.metadata.ProtoBuf$Expression$ConstantValue$1               : loaded 2 times (x 76B)
Class org.jetbrains.kotlin.descriptors.DescriptorVisibilities$10                      : loaded 2 times (x 78B)
Class kotlin.collections.ArrayAsCollection                                            : loaded 2 times (x 107B)
Class org.jetbrains.kotlin.metadata.ProtoBuf$TypeParameter$1                          : loaded 2 times (x 146B)
Class org.jetbrains.org.objectweb.asm.tree.LineNumberNode                             : loaded 2 times (x 80B)
Class kotlin.LazyKt__LazyKt                                                           : loaded 2 times (x 73B)
Class kotlin.text.StringsKt__StringBuilderJVMKt                                       : loaded 2 times (x 73B)
Class org.jetbrains.kotlin.com.google.common.base.Function                            : loaded 2 times (x 72B)
Class [Lcom.google.gson.stream.JsonToken;                                             : loaded 2 times (x 71B)
Class org.jetbrains.kotlin.gradle.dsl.KotlinCommonCompilerOptionsHelper               : loaded 2 times (x 73B)
Class org.jetbrains.kotlin.gradle.plugin.KotlinJvmPlugin$Companion                    : loaded 2 times (x 73B)
Class org.jetbrains.kotlin.gradle.artifacts.KotlinMetadataArtifactKt                  : loaded 2 times (x 73B)
Class org.jetbrains.kotlin.gradle.targets.CreateArtifactsSideEffectKt$CreateArtifactsSideEffect$1: loaded 2 times (x 76B)
Class org.jetbrains.kotlin.gradle.plugin.diagnostics.KotlinToolingDiagnostics         : loaded 2 times (x 73B)
Class org.jetbrains.kotlin.gradle.internal.properties.PropertiesBuildService$property$1$valueFromGradleAndLocalProperties$1: loaded 2 times (x 77B)
Class org.jetbrains.kotlin.gradle.plugin.KotlinPluginWrapperKt$kotlinToolingVersion$2 : loaded 2 times (x 80B)
Class org.objectweb.asm.Type                                                          : loaded 2 times (x 74B)
Class org.jetbrains.kotlin.descriptors.DescriptorVisibilities$11                      : loaded 2 times (x 78B)
Class org.jetbrains.kotlin.metadata.deserialization.BinaryVersion$Companion           : loaded 2 times (x 73B)
Class kotlin.UNINITIALIZED_VALUE                                                      : loaded 2 times (x 73B)
Class org.jetbrains.kotlin.buildtools.api.CompilationService                          : loaded 2 times (x 72B)
Class org.gradle.internal.classloader.VisitableURLClassLoader$InstrumentingVisitableURLClassLoader: loaded 2 times (x 124B)
Class [Lorg.jetbrains.kotlin.gradle.tasks.KotlinCompilerExecutionStrategy;            : loaded 2 times (x 71B)
Class org.jetbrains.kotlin.gradle.plugin.mpp.compilationImpl.KotlinCompilationImpl$associateWith$2: loaded 2 times (x 81B)
Class org.jetbrains.kotlin.gradle.plugin.hierarchy.KotlinSourceSetTreeClassifier      : loaded 2 times (x 72B)
Class org.jetbrains.kotlin.gradle.plugin.mpp.compilationImpl.KotlinCompilationAssociator: loaded 2 times (x 72B)
Class org.jetbrains.kotlin.gradle.utils.WhenEvaluatedKt$whenEvaluated$afterAndroidDispatchQueue$1$1$1: loaded 2 times (x 77B)
Class org.jetbrains.kotlin.gradle.plugin.mpp.KotlinNativeTarget                       : loaded 2 times (x 169B)
Class org.jetbrains.kotlin.gradle.plugin.diagnostics.checkers.KotlinSourceSetTreeDependsOnMismatchChecker$runChecks$1: loaded 2 times (x 89B)
Class org.jetbrains.kotlin.gradle.plugin.diagnostics.checkers.PreHmppDependenciesUsageChecker$runChecks$1: loaded 2 times (x 89B)
Class org.jetbrains.kotlin.gradle.utils.ProjectExtensionsKt                           : loaded 2 times (x 73B)
Class org.jetbrains.kotlin.gradle.plugin.KotlinSourceSetTree$Companion                : loaded 2 times (x 73B)
Class org.jetbrains.kotlin.konan.target.UtilsKt$evaluatePresetName$1                  : loaded 2 times (x 80B)
Class org.jetbrains.kotlin.gradle.plugin.diagnostics.KotlinGradleProjectChecker$Companion: loaded 2 times (x 73B)
Class org.jetbrains.kotlin.gradle.plugin.KotlinGradleBuildServices$Parameters         : loaded 2 times (x 72B)
Class org.jetbrains.kotlin.gradle.plugin.statistics.BuildFusService$Companion$registerIfAbsent$1$1$1: loaded 2 times (x 77B)
Class org.jetbrains.kotlin.statistics.fileloggers.MetricsContainer$Companion          : loaded 2 times (x 73B)
Class com.google.common.math.IntMath$1                                                : loaded 2 times (x 73B)
Class org.objectweb.asm.ByteVector                                                    : loaded 2 times (x 81B)
Class [Lcom.google.common.cache.CacheBuilder$NullListener;                            : loaded 2 times (x 71B)
Class org.jetbrains.kotlin.descriptors.DescriptorVisibilities$12                      : loaded 2 times (x 78B)
Class org.jetbrains.kotlin.metadata.ProtoBuf$ClassOrBuilder                           : loaded 2 times (x 72B)
Class org.jetbrains.kotlin.metadata.ProtoBuf$ValueParameter                           : loaded 2 times (x 134B)
Class kotlin.comparisons.ComparisonsKt__ComparisonsKt                                 : loaded 2 times (x 73B)
Class kotlin.ranges.RangesKt__RangesKt                                                : loaded 2 times (x 73B)
Class kotlin.collections.SetsKt___SetsKt                                              : loaded 2 times (x 73B)
Class kotlin.sequences.SequencesKt__SequencesKt                                       : loaded 2 times (x 73B)
Class org.gradle.internal.classloader.VisitableURLClassLoader$Spec                    : loaded 2 times (x 76B)
Class org.gradle.internal.classpath.DefaultClassPath                                  : loaded 2 times (x 92B)
Class org.jetbrains.kotlin.gradle.plugin.mpp.compilationImpl.KotlinCompilationSourceSetInclusion$AddSourcesToCompileTask: loaded 2 times (x 72B)
Class [Lorg.jetbrains.kotlin.gradle.plugin.HasProject;                                : loaded 2 times (x 71B)
Class org.jetbrains.kotlin.gradle.utils.MutableObservableSetImpl                      : loaded 2 times (x 165B)
Class org.jetbrains.kotlin.gradle.tasks.KotlinTasksProvider                           : loaded 2 times (x 74B)
Class org.jetbrains.kotlin.gradle.dsl.DefaultToolchainSupport$wireToolchainToTasks$1  : loaded 2 times (x 77B)
Class org.jetbrains.kotlin.gradle.dsl.KotlinCommonCompilerOptions                     : loaded 2 times (x 72B)
Class org.jetbrains.kotlin.gradle.plugin.KotlinJsCompilerTypeHolder                   : loaded 2 times (x 72B)
Class org.jetbrains.kotlin.konan.target.Architecture                                  : loaded 2 times (x 81B)
Class org.jetbrains.kotlin.gradle.internal.properties.PropertiesBuildService$MemoizedCallable: loaded 2 times (x 77B)
Class org.jetbrains.kotlin.gradle.plugin.internal.DefaultMavenPublicationComponentAccessorFactory: loaded 2 times (x 78B)
Class org.objectweb.asm.Symbol                                                        : loaded 2 times (x 75B)
Class org.jetbrains.org.objectweb.asm.Handler                                         : loaded 2 times (x 74B)
Class org.jetbrains.kotlin.metadata.ProtoBuf$TypeAlias$1                              : loaded 2 times (x 146B)
Class org.jetbrains.kotlin.incremental.DifferenceCalculator                           : loaded 2 times (x 75B)
Class org.jetbrains.kotlin.metadata.ProtoBuf$Annotation$Argument$ValueOrBuilder       : loaded 2 times (x 72B)
Class org.jetbrains.kotlin.incremental.impl.ExtraClassInfoGenerator                   : loaded 2 times (x 75B)
Class kotlin.comparisons.ComparisonsKt                                                : loaded 2 times (x 73B)
Class kotlin.comparisons.ComparisonsKt___ComparisonsKt                                : loaded 2 times (x 73B)
Class org.jetbrains.kotlin.com.intellij.util.io.DataExternalizer                      : loaded 2 times (x 72B)
Class kotlin.sequences.FilteringSequence                                              : loaded 2 times (x 77B)
Class org.jetbrains.kotlin.gradle.plugin.diagnostics.checkers.AndroidPublicationNotConfiguredChecker: loaded 2 times (x 76B)
Class jdk.internal.jimage.decompressor.ZipDecompressorFactory                         : loaded 2 times (x 76B)
Class org.jetbrains.kotlin.gradle.plugin.cocoapods.KotlinCocoapodsPlugin$Companion    : loaded 2 times (x 73B)
Class org.jetbrains.kotlin.gradle.plugin.mpp.compilationImpl.KotlinCompilationImpl    : loaded 2 times (x 147B)
Class [Lorg.jetbrains.kotlin.gradle.plugin.mpp.compilationImpl.factory.KotlinCompilationImplFactory$PostConfigure;: loaded 2 times (x 71B)
Class org.jetbrains.kotlin.gradle.plugin.KotlinSourceSet$Companion                    : loaded 2 times (x 73B)
Class org.jetbrains.kotlin.konan.target.KonanTarget$MACOS_X64                         : loaded 2 times (x 80B)
Class org.jetbrains.kotlin.konan.util.Named                                           : loaded 2 times (x 72B)
Class [Lorg.jetbrains.kotlin.gradle.report.BuildReportMode;                           : loaded 2 times (x 71B)
Class org.jetbrains.kotlin.statistics.metrics.BooleanOverridePolicy                   : loaded 2 times (x 87B)
Class org.jetbrains.kotlin.gradle.plugin.AbstractKotlinAndroidPluginWrapper           : loaded 2 times (x 88B)
Class com.google.common.base.CharMatcher$BitSetMatcher                                : loaded 2 times (x 114B)
Class [Lcom.google.gson.Strictness;                                                   : loaded 2 times (x 71B)
Class com.google.common.collect.RegularImmutableMap$Values                            : loaded 2 times (x 209B)
Class com.google.common.collect.ImmutableSet                                          : loaded 2 times (x 147B)
Class org.jetbrains.kotlin.metadata.ProtoBuf$Effect$1                                 : loaded 2 times (x 146B)
Class org.jetbrains.kotlin.metadata.ProtoBuf$Visibility                               : loaded 2 times (x 84B)
Class org.jetbrains.kotlin.metadata.jvm.deserialization.JvmMemberSignature$Field      : loaded 2 times (x 77B)
Class org.jetbrains.kotlin.metadata.ProtoBuf$ConstructorOrBuilder                     : loaded 2 times (x 72B)
Class org.jetbrains.kotlin.metadata.jvm.JvmProtoBuf                                   : loaded 2 times (x 73B)
Class org.gradle.internal.classloader.ClassLoaderSpec                                 : loaded 2 times (x 73B)
Class org.jetbrains.kotlin.gradle.plugin.mpp.KotlinCompilationsKt$moduleNameForCompilation$1: loaded 2 times (x 77B)
Class org.jetbrains.kotlin.gradle.plugin.sources.KotlinDependencyScopeKt              : loaded 2 times (x 73B)
Class org.jetbrains.kotlin.gradle.plugin.diagnostics.TransformActionUsingKotlinToolingDiagnostics$Parameters: loaded 2 times (x 72B)
Class org.jetbrains.kotlin.compilerRunner.CompilerSystemPropertiesService$Companion$registerIfAbsent$2$1: loaded 2 times (x 81B)
Class org.jetbrains.kotlin.gradle.plugin.mpp.KotlinCompilationsKt$addSourcesToKotlinCompileTask$1: loaded 2 times (x 77B)
Class org.jetbrains.kotlin.gradle.internal.KotlinDependenciesManagementKt$configureDefaultVersionsResolutionStrategy$1$1: loaded 2 times (x 77B)
Class org.jetbrains.kotlin.gradle.utils.KotlinExtensionUtilsKt$forAllTargets$1        : loaded 2 times (x 97B)
Class org.jetbrains.kotlin.gradle.plugin.diagnostics.CheckKotlinGradlePluginConfigurationErrorsKt$locateOrRegisterCheckKotlinGradlePluginErrorsTask$taskProvider$1: loaded 2 times (x 77B)
Class org.jetbrains.kotlin.gradle.plugin.diagnostics.checkers.KmpPartiallyResolvedDependenciesChecker$runChecks$1: loaded 2 times (x 89B)
Class org.jetbrains.kotlin.gradle.plugin.diagnostics.checkers.OverriddenKotlinNativeHomeChecker$StdlibExistenceCheckerValueSource$Params: loaded 2 times (x 72B)
Class org.jetbrains.kotlin.gradle.dsl.PlatformSourceSetConventionsChecker$nativeTargetPresets$1$1: loaded 2 times (x 81B)
Class org.jetbrains.kotlin.gradle.tooling.BuildKotlinToolingMetadataTaskKt$buildKotlinToolingMetadataTask$1: loaded 2 times (x 80B)
Class org.jetbrains.kotlin.gradle.internal.Kapt3GradleSubplugin$Companion             : loaded 2 times (x 73B)
Class org.jetbrains.kotlin.gradle.plugin.mpp.compilationImpl.KotlinCreateCompilationArchiveTaskKt$KotlinRegisterCompilationArchiveTasksExtension$1: loaded 2 times (x 76B)
Class [Lorg.jetbrains.kotlin.statistics.metrics.NumberOverridePolicy;                 : loaded 2 times (x 71B)
Class org.jetbrains.kotlin.gradle.internal.properties.PropertiesBuildService$GradleProperty: loaded 2 times (x 72B)
Class org.jetbrains.kotlin.gradle.plugin.statistics.BuildFinishBuildService$Companion : loaded 2 times (x 73B)
Class org.jetbrains.kotlin.gradle.utils.StoredPropertyKt$projectStoredProperty$1      : loaded 2 times (x 80B)
Class org.objectweb.asm.AnnotationWriter                                              : loaded 2 times (x 80B)
Class com.google.common.cache.CacheStats                                              : loaded 2 times (x 73B)
Class org.jetbrains.kotlin.descriptors.DeclarationDescriptorWithVisibility            : loaded 2 times (x 72B)
Class kotlin.jvm.internal.FunctionReferenceImpl                                       : loaded 2 times (x 124B)
Class org.jetbrains.kotlin.protobuf.SmallSortedMap                                    : loaded 2 times (x 131B)
Class org.jetbrains.org.objectweb.asm.tree.AbstractInsnNode                           : loaded 2 times (x 80B)
Class org.jetbrains.org.objectweb.asm.tree.InnerClassNode                             : loaded 2 times (x 75B)
Class kotlin.collections.CollectionsKt___CollectionsJvmKt                             : loaded 2 times (x 73B)
Class org.jetbrains.kotlin.gradle.plugin.mpp.SyncLanguageSettingsWithKotlinExtensionSetupActionKt$SyncLanguageSettingsWithKotlinExtensionSetupAction$1$1: loaded 2 times (x 77B)
Class org.jetbrains.kotlin.gradle.tasks.configuration.TaskConfigAction$configureTask$1: loaded 2 times (x 81B)
Class org.jetbrains.kotlin.gradle.dsl.abi.AbiValidationExtension                      : loaded 2 times (x 72B)
Class org.jetbrains.kotlin.gradle.plugin.diagnostics.checkers.DuplicateSourceSetChecker$runChecks$1: loaded 2 times (x 89B)
Class org.jetbrains.kotlin.gradle.dsl.JvmTarget                                       : loaded 2 times (x 81B)
Class org.jetbrains.kotlin.gradle.plugin.diagnostics.ToolingDiagnostic$Severity       : loaded 2 times (x 81B)
Class org.jetbrains.kotlin.gradle.internal.ClassLoadersCachingBuildService            : loaded 2 times (x 78B)
Class org.jetbrains.kotlin.gradle.plugin.VariantImplementationFactories$Inject        : loaded 2 times (x 108B)
Class org.jetbrains.kotlin.gradle.plugin.internal.DefaultJavaExecTaskParametersCompatibility$Factory: loaded 2 times (x 78B)
Class org.jetbrains.kotlin.gradle.plugin.VariantImplementationFactoriesConfigurator$Companion: loaded 2 times (x 73B)
Class org.objectweb.asm.RecordComponentWriter                                         : loaded 2 times (x 79B)
Class com.google.common.util.concurrent.AbstractFuture$Listener                       : loaded 2 times (x 74B)
Class com.google.common.base.CharMatcher$Or                                           : loaded 2 times (x 114B)
Class kotlin.TuplesKt                                                                 : loaded 2 times (x 73B)
Class org.jetbrains.kotlin.incremental.IncrementalJvmCacheKt                          : loaded 2 times (x 73B)
Class org.jetbrains.kotlin.protobuf.SmallSortedMap$EmptySet                           : loaded 2 times (x 73B)
Class org.jetbrains.kotlin.protobuf.MessageLite                                       : loaded 2 times (x 72B)
Class org.jetbrains.kotlin.load.kotlin.header.KotlinClassHeader$Kind$Companion        : loaded 2 times (x 73B)
Class kotlin.Unit                                                                     : loaded 2 times (x 73B)
Class org.jetbrains.kotlin.incremental.classpathDiff.impl.InlinedClassSnapshotter     : loaded 2 times (x 77B)
Class kotlin.sequences.SequencesKt___SequencesJvmKt                                   : loaded 2 times (x 73B)
Class Settings_gradle$1$1                                                             : loaded 2 times (x 76B)
Class org.jetbrains.kotlin.gradle.plugin.mpp.SyncLanguageSettingsWithKotlinExtensionSetupActionKt$SyncLanguageSettingsWithKotlinExtensionSetupAction$1$2: loaded 2 times (x 77B)
Class org.jetbrains.kotlin.gradle.plugin.internal.BuildIdService$Companion            : loaded 2 times (x 73B)
Class org.jetbrains.kotlin.gradle.plugin.diagnostics.checkers.OverriddenKotlinNativeHomeChecker$StdlibExistenceCheckerValueSource$Companion: loaded 2 times (x 73B)
Class org.jetbrains.kotlin.gradle.targets.js.dsl.KotlinWasmSubTargetContainerDsl      : loaded 2 times (x 72B)
Class org.jetbrains.kotlin.gradle.plugin.diagnostics.checkers.WasmWasiEnvironmentChecker$1: loaded 2 times (x 80B)
Class org.jetbrains.kotlin.gradle.plugin.diagnostics.checkers.DisabledCinteropCommonizationInHmppProjectChecker: loaded 2 times (x 76B)
Class org.jetbrains.kotlin.gradle.plugin.diagnostics.checkers.NoKotlinTargetsDeclaredChecker: loaded 2 times (x 76B)
Class org.jetbrains.kotlin.gradle.targets.jvm.KotlinJvmTargetTestFixturesSideEffectKt$ConfigureJavaTestFixturesSideEffect$1: loaded 2 times (x 76B)
Class org.jetbrains.kotlin.gradle.utils.StoredPropertyStorage                         : loaded 2 times (x 74B)
Class org.jetbrains.kotlin.gradle.plugin.KotlinSourceSetContainer                     : loaded 2 times (x 72B)
Class org.objectweb.asm.Attribute                                                     : loaded 2 times (x 79B)
Class com.google.common.base.Supplier                                                 : loaded 2 times (x 72B)
Class org.jetbrains.kotlin.cli.common.ModuleVisibilityHelperImpl                      : loaded 2 times (x 76B)
Class kotlin.ranges.RangesKt                                                          : loaded 2 times (x 73B)
Class org.jetbrains.kotlin.incremental.classpathDiff.impl.PrefixBasedSnapshotter$special$$inlined$sortedBy$1: loaded 2 times (x 91B)
Class org.gradle.internal.classloader.VisitableURLClassLoader                         : loaded 2 times (x 118B)
Class org.jetbrains.kotlin.gradle.utils.Completable$await$1                           : loaded 2 times (x 89B)
Class org.jetbrains.kotlin.gradle.plugin.statistics.plugins.ObservablePlugins         : loaded 2 times (x 81B)
Class org.jetbrains.kotlin.gradle.plugin.sources.InternalKotlinSourceSetKt$awaitPlatformCompilations$1: loaded 2 times (x 89B)
Class [Lorg.jetbrains.kotlin.gradle.plugin.sources.KotlinDependencyScope;             : loaded 2 times (x 71B)
Class org.jetbrains.kotlin.gradle.tasks.configuration.BaseKotlinCompileConfig$configureCommonParameters$1: loaded 2 times (x 76B)
Class org.jetbrains.kotlin.gradle.plugin.mpp.compilationImpl.factory.ConfigurationNaming: loaded 2 times (x 72B)
Class org.jetbrains.kotlin.gradle.plugin.mpp.compilationImpl.DefaultKotlinCompilationPostConfigureKt: loaded 2 times (x 73B)
Class org.jetbrains.kotlin.konan.target.KonanTarget$WATCHOS_X64                       : loaded 2 times (x 80B)
Class org.jetbrains.kotlin.gradle.plugin.diagnostics.KotlinGradleProjectCheckersRunnerKt: loaded 2 times (x 73B)
Class [Lorg.jetbrains.kotlin.tooling.core.HasExtras;                                  : loaded 2 times (x 71B)
Class org.jetbrains.kotlin.gradle.plugin.diagnostics.checkers.IncorrectCompileOnlyDependenciesChecker: loaded 2 times (x 76B)
Class org.jetbrains.kotlin.gradle.plugin.diagnostics.checkers.WasmWasiEnvironmentChecker$2: loaded 2 times (x 80B)
Class org.jetbrains.kotlin.gradle.dsl.DefaultToolchainSupport$wireToolchainToTasks$1$1: loaded 2 times (x 77B)
Class org.jetbrains.kotlin.gradle.internal.IdeaKt$isInIdeaEnvironment$1               : loaded 2 times (x 76B)
Class org.jetbrains.kotlin.gradle.plugin.statistics.FusUtilKt                         : loaded 2 times (x 73B)
Class org.jetbrains.kotlin.gradle.utils.SingleActionPerProject                        : loaded 2 times (x 75B)
Class org.jetbrains.kotlin.gradle.plugin.DefaultKotlinBasePlugin                      : loaded 2 times (x 84B)
Class org.jetbrains.kotlin.load.kotlin.header.ReadKotlinClassHeaderAnnotationVisitor$1: loaded 2 times (x 73B)
Class org.jetbrains.kotlin.inline.InlineFunction                                      : loaded 2 times (x 77B)
Class kotlin.collections.ArraysUtilJVM                                                : loaded 2 times (x 73B)
Class kotlin.jvm.functions.Function0                                                  : loaded 2 times (x 72B)
Class org.gradle.internal.Cast                                                        : loaded 2 times (x 73B)
Class org.gradle.api.Action                                                           : loaded 2 times (x 72B)
Class org.jetbrains.kotlin.gradle.tasks.configuration.BaseKotlinCompileConfig$configureCommonParameters$2: loaded 2 times (x 77B)
Class org.jetbrains.kotlin.gradle.plugin.mpp.compilationImpl.KotlinCompilationCompilerOptionsFromTargetConfigurator: loaded 2 times (x 76B)
Class [Lorg.jetbrains.kotlin.gradle.plugin.mpp.compilationImpl.DefaultKotlinCompilationFriendPathsResolver$FriendArtifactResolver;: loaded 2 times (x 71B)
Class com.google.common.base.Strings                                                  : loaded 2 times (x 73B)
Class org.jetbrains.kotlin.gradle.utils.FailuresKt$ideaSyncClasspathModeUtil$1        : loaded 2 times (x 74B)
Class org.jetbrains.kotlin.gradle.artifacts.KotlinJsKlibArtifactKt                    : loaded 2 times (x 73B)
Class org.jetbrains.kotlin.gradle.dsl.KotlinTargetContainerWithWasmPresetFunctions    : loaded 2 times (x 72B)
Class org.jetbrains.kotlin.gradle.internal.IdeaKt$isInIdeaEnvironment$2               : loaded 2 times (x 76B)
Class org.jetbrains.kotlin.gradle.plugin.diagnostics.KotlinToolingDiagnosticsCollector$Inject: loaded 2 times (x 98B)
Class org.jetbrains.kotlin.gradle.plugin.GradleUtilsKt                                : loaded 2 times (x 73B)
Class org.jetbrains.kotlin.gradle.internal.properties.PropertiesBuildService          : loaded 2 times (x 78B)
Class org.jetbrains.kotlin.gradle.plugin.BuildFinishedListenerService$Companion$registerIfAbsent$1$1$1: loaded 2 times (x 77B)
Class com.google.common.collect.Sets                                                  : loaded 2 times (x 73B)
Class org.objectweb.asm.Handler                                                       : loaded 2 times (x 74B)
Class com.google.common.base.Ticker                                                   : loaded 2 times (x 74B)
Class com.google.common.base.CharMatcher$FastMatcher                                  : loaded 2 times (x 113B)
Class [Lorg.jetbrains.kotlin.metadata.ProtoBuf$VersionRequirement$VersionKind;        : loaded 2 times (x 71B)
Class org.jetbrains.kotlin.protobuf.CodedOutputStream                                 : loaded 2 times (x 74B)
Class org.jetbrains.kotlin.metadata.ProtoBuf$Annotation                               : loaded 2 times (x 111B)
Class org.jetbrains.org.objectweb.asm.tree.TypeInsnNode                               : loaded 2 times (x 80B)
Class kotlin.jvm.functions.Function1                                                  : loaded 2 times (x 72B)
Class jdk.internal.jimage.decompressor.ZipDecompressor                                : loaded 2 times (x 77B)
Class org.jetbrains.kotlin.gradle.plugin.mpp.compilationImpl.KotlinCreateCompilationArchiveTaskKt: loaded 2 times (x 73B)
Class org.jetbrains.kotlin.tooling.core.MutableExtrasImpl                             : loaded 2 times (x 167B)
Class org.jetbrains.kotlin.gradle.plugin.diagnostics.KotlinToolingDiagnosticsCollector: loaded 2 times (x 78B)
Class org.jetbrains.kotlin.gradle.plugin.statistics.KotlinBuildStatsMXBean            : loaded 2 times (x 72B)
Class org.jetbrains.kotlin.gradle.utils.FileUtilsKt                                   : loaded 2 times (x 73B)
Class [Lcom.google.common.cache.LocalCache$Segment;                                   : loaded 2 times (x 71B)
Class [Lcom.google.common.cache.LocalCache$Strength;                                  : loaded 2 times (x 71B)
Class com.google.common.cache.CacheBuilder$1                                          : loaded 2 times (x 87B)
Class com.google.common.base.Predicate                                                : loaded 2 times (x 72B)
Class com.google.common.collect.ImmutableMap                                          : loaded 2 times (x 122B)
Class org.jetbrains.kotlin.incremental.impl.InstanceOwnerRecordingClassVisitor$visitMethod$1: loaded 2 times (x 107B)
Class [Lorg.jetbrains.kotlin.metadata.jvm.JvmProtoBuf$StringTableTypes$Record$Operation;: loaded 2 times (x 71B)
Class [Lorg.jetbrains.kotlin.load.kotlin.header.KotlinClassHeader$Kind;               : loaded 2 times (x 71B)
Class kotlin.jvm.functions.Function2                                                  : loaded 2 times (x 72B)
Class org.gradle.internal.classpath.DefaultClassPath$ImmutableUniqueList$Builder      : loaded 2 times (x 77B)
Class org.jetbrains.kotlin.gradle.plugin.mpp.KotlinCompilationFactory$DefaultImpls    : loaded 2 times (x 73B)
Class com.google.gson.stream.JsonToken                                                : loaded 2 times (x 81B)
Class com.google.common.collect.AbstractRangeSet                                      : loaded 2 times (x 116B)
Class org.jetbrains.kotlin.gradle.plugin.diagnostics.checkers.InternalGradlePropertiesUsageChecker: loaded 2 times (x 76B)
Class org.jetbrains.kotlin.gradle.plugin.mpp.compilationImpl.CreateCInteropTasksSideEffectKt: loaded 2 times (x 73B)
Class org.jetbrains.kotlin.gradle.testing.internal.KotlinTestsRegistry$Companion      : loaded 2 times (x 73B)
Class org.jetbrains.kotlin.gradle.dsl.KotlinCommonCompilerToolOptions                 : loaded 2 times (x 72B)
Class org.jetbrains.kotlin.gradle.internal.properties.PropertiesBuildService$Companion$registerIfAbsent$1: loaded 2 times (x 77B)
Class org.jetbrains.kotlin.gradle.plugin.internal.DefaultConfigurationCacheStartParameterAccessorVariantFactory: loaded 2 times (x 78B)
Class com.google.common.cache.LocalCache                                              : loaded 2 times (x 188B)
Class com.google.common.cache.CacheBuilder$2                                          : loaded 2 times (x 81B)
Class com.google.common.base.CharMatcher$NegatedFastMatcher                           : loaded 2 times (x 115B)
Class org.jetbrains.org.objectweb.asm.tree.ModuleExportNode                           : loaded 2 times (x 75B)
Class org.jetbrains.kotlin.serialization.deserialization.ProtoEnumFlags               : loaded 2 times (x 73B)
Class org.jetbrains.kotlin.protobuf.Internal$EnumLite                                 : loaded 2 times (x 72B)
Class kotlin.jvm.functions.Function3                                                  : loaded 2 times (x 72B)
Class org.jetbrains.kotlin.incremental.classpathDiff.PackageFacadeKotlinClassSnapshot : loaded 2 times (x 78B)
Class kotlin.collections.MapsKt___MapsJvmKt                                           : loaded 2 times (x 73B)
Class org.jetbrains.kotlin.incremental.classpathDiff.impl.ClassListSnapshotterWithInlinedClassSupport: loaded 2 times (x 77B)
Class Build_gradle$inlined$sam$i$org_gradle_api_Action$0                              : loaded 2 times (x 77B)
Class org.jetbrains.kotlin.gradle.plugin.mpp.compilationImpl.DefaultKotlinCompilationSourceSetsContainer$source$1: loaded 2 times (x 81B)
Class org.jetbrains.kotlin.gradle.internal.KotlinTestDependencyManagementKt           : loaded 2 times (x 73B)
Class [Lorg.jetbrains.kotlin.gradle.plugin.sources.ConsistencyCheck;                  : loaded 2 times (x 71B)
Class org.jetbrains.kotlin.konan.target.KonanTarget$ANDROID_X64                       : loaded 2 times (x 80B)
Class org.jetbrains.kotlin.gradle.plugin.statistics.FlowActionBuildFusService$Companion: loaded 2 times (x 73B)
Class org.jetbrains.kotlin.gradle.report.ReportingSettings                            : loaded 2 times (x 74B)
Class org.jetbrains.kotlin.statistics.metrics.StringAnonymizationPolicy$ComponentVersionAnonymizer: loaded 2 times (x 80B)
Class org.jetbrains.kotlin.gradle.plugin.KotlinBasePluginWrapper                      : loaded 2 times (x 88B)
Class com.google.common.collect.ArrayListMultimap                                     : loaded 2 times (x 173B)
Class com.google.common.cache.CacheBuilder$3                                          : loaded 2 times (x 74B)
Class [Lcom.google.common.collect.AbstractMapEntry;                                   : loaded 2 times (x 71B)
Class com.google.common.collect.ImmutableEntry                                        : loaded 2 times (x 84B)
Class org.jetbrains.kotlin.incremental.impl.ConstantValueExternalizer                 : loaded 2 times (x 78B)
Class org.jetbrains.kotlin.protobuf.RopeByteString                                    : loaded 2 times (x 112B)
Class kotlin.collections.EmptySet                                                     : loaded 2 times (x 124B)
Class org.jetbrains.kotlin.metadata.jvm.deserialization.JvmNameResolverBase           : loaded 2 times (x 82B)
Class org.jetbrains.org.objectweb.asm.tree.IincInsnNode                               : loaded 2 times (x 80B)
Class org.jetbrains.org.objectweb.asm.tree.MultiANewArrayInsnNode                     : loaded 2 times (x 80B)
Class org.jetbrains.kotlin.incremental.classpathDiff.impl.BasicClassInfo$Companion    : loaded 2 times (x 73B)
Class org.jetbrains.kotlin.incremental.classpathDiff.impl.ClassMultiHashProvider      : loaded 2 times (x 72B)
Class kotlin.collections.CollectionsKt___CollectionsKt                                : loaded 2 times (x 73B)
Class org.jetbrains.kotlin.cli.common.arguments.K2JVMCompilerArguments                : loaded 2 times (x 77B)
Class org.gradle.api.GradleException                                                  : loaded 2 times (x 84B)
Class org.jetbrains.kotlin.gradle.plugin.diagnostics.KotlinToolingDiagnostics$JsEnvironmentNotChosenExplicitly: loaded 2 times (x 75B)
Class org.jetbrains.kotlin.gradle.plugin.ProjectLocalConfigurations$ProjectLocalCompatibility: loaded 2 times (x 78B)
Class org.jetbrains.kotlin.gradle.dsl.JvmDefaultMode                                  : loaded 2 times (x 81B)
Class org.jetbrains.kotlin.gradle.dsl.KotlinJvmCompilerOptions                        : loaded 2 times (x 72B)
Class org.jetbrains.kotlin.gradle.plugin.internal.DefaultMavenPublicationComponentAccessor: loaded 2 times (x 77B)
Class org.jetbrains.kotlin.gradle.plugin.statistics.BuildFinishBuildService           : loaded 2 times (x 86B)
Class org.jetbrains.kotlin.gradle.plugin.internal.DefaultProjectIsolationStartParameterAccessor$Factory: loaded 2 times (x 78B)
Class com.google.common.collect.CollectPreconditions                                  : loaded 2 times (x 73B)
Class org.jetbrains.kotlin.incremental.PackagePartProtoData                           : loaded 2 times (x 74B)
Class kotlin.reflect.KDeclarationContainer                                            : loaded 2 times (x 72B)
Class org.jetbrains.org.objectweb.asm.SymbolTable$Entry                               : loaded 2 times (x 75B)
Class org.jetbrains.org.objectweb.asm.tree.LocalVariableAnnotationNode                : loaded 2 times (x 84B)
Class org.jetbrains.kotlin.metadata.deserialization.BinaryVersion                     : loaded 2 times (x 76B)
Class kotlin.text.StringsKt___StringsJvmKt                                            : loaded 2 times (x 73B)
Class jdk.internal.jimage.ImageStrings                                                : loaded 2 times (x 72B)
Class org.jetbrains.kotlin.gradle.plugin.KotlinPluginLifecycleImpl$launch$1           : loaded 2 times (x 81B)
Class org.jetbrains.kotlin.gradle.plugin.diagnostics.checkers.GradleDeprecatedPropertyChecker$DeprecatedProperty: loaded 2 times (x 74B)
Class org.jetbrains.kotlin.gradle.utils.Completable                                   : loaded 2 times (x 74B)
Class org.jetbrains.kotlin.konan.target.HostManager$Companion$targetAliases$2         : loaded 2 times (x 80B)
Class org.jetbrains.kotlin.gradle.plugin.DefaultKotlinBasePlugin$addKotlinCompilerConfiguration$2$1: loaded 2 times (x 77B)
Class org.jetbrains.kotlin.gradle.plugin.statistics.KotlinBuildStatsServicesRegistry$Companion: loaded 2 times (x 73B)
Class org.jetbrains.kotlin.gradle.plugin.internal.DefaultCompatibilityConventionRegistrar$Factory: loaded 2 times (x 78B)
Class com.google.common.collect.SortedMapDifference                                   : loaded 2 times (x 72B)
Class org.jetbrains.kotlin.metadata.ProtoBuf$EnumEntry$1                              : loaded 2 times (x 146B)
Class org.jetbrains.kotlin.metadata.ProtoBuf$Type$Argument$Projection                 : loaded 2 times (x 84B)
Class org.jetbrains.org.objectweb.asm.tree.InvokeDynamicInsnNode                      : loaded 2 times (x 80B)
Class kotlin.collections.MapsKt___MapsKt                                              : loaded 2 times (x 73B)
Class kotlin.io.FilesKt                                                               : loaded 2 times (x 73B)
Class kotlin.collections.ArraysKt___ArraysKt                                          : loaded 2 times (x 73B)
Class org.jetbrains.kotlin.gradle.plugin.diagnostics.checkers.IncorrectCompileOnlyDependenciesChecker$runChecks$1: loaded 2 times (x 89B)
Class org.jetbrains.kotlin.gradle.plugin.mpp.KotlinOnlyTarget                         : loaded 2 times (x 155B)
Class org.jetbrains.kotlin.gradle.targets.js.npm.BaseNpmDependencyExtension           : loaded 2 times (x 72B)
Class org.jetbrains.kotlin.gradle.dsl.KotlinVersion$Companion                         : loaded 2 times (x 73B)
Class org.jetbrains.kotlin.gradle.InternalKotlinGradlePluginApi                       : loaded 2 times (x 72B)
Class org.jetbrains.kotlin.gradle.targets.ConfigureNonPackedKlibConsumingSideEffectKt$ConfigureNonPackedKlibConsumingSideEffect$1: loaded 2 times (x 76B)
Class org.jetbrains.kotlin.gradle.dsl.DefaultToolchainSupport                         : loaded 2 times (x 78B)
Class org.jetbrains.kotlin.gradle.plugin.diagnostics.DiagnosticGroup$Base             : loaded 2 times (x 83B)
Class org.jetbrains.kotlin.gradle.plugin.internal.CustomPropertiesFileValueSource     : loaded 2 times (x 84B)
Class com.google.common.cache.LocalCache$EntryFactory                                 : loaded 2 times (x 85B)
Class org.jetbrains.kotlin.incremental.classpathDiff.impl.PrefixBasedSnapshotter$getRangeByPredicate$1$iterator$1$special$$inlined$binarySearchBy$default$1: loaded 2 times (x 77B)
Class org.jetbrains.kotlin.incremental.classpathDiff.impl.PrefixBasedSnapshotter$getRangeByPredicate$1$iterator$1: loaded 2 times (x 81B)
Class org.jetbrains.kotlin.metadata.jvm.JvmProtoBuf$JvmPropertySignature$Builder      : loaded 2 times (x 142B)
Class [Lorg.jetbrains.org.objectweb.asm.Symbol;                                       : loaded 2 times (x 71B)
Class kotlin.collections.MapsKt__MapWithDefaultKt                                     : loaded 2 times (x 73B)
Class org.jetbrains.kotlin.cli.common.arguments.CommonCompilerArguments               : loaded 2 times (x 76B)
Class org.jetbrains.kotlin.gradle.plugin.cocoapods.KotlinCocoapodsPlugin              : loaded 2 times (x 78B)
Class org.jetbrains.kotlin.gradle.internal.CompilerOptionsDslHelpersKt                : loaded 2 times (x 73B)
Class org.jetbrains.kotlin.gradle.tasks.configuration.AbstractKotlinCompileConfigKt   : loaded 2 times (x 73B)
Class org.jetbrains.kotlin.gradle.internal.StdlibDependencyManagementKt$configureStdlibVersionAlignment$1$1: loaded 2 times (x 77B)
Class org.jetbrains.kotlin.gradle.dsl.KotlinProjectExtension$awaitSourceSets$1        : loaded 2 times (x 89B)
Class org.jetbrains.kotlin.gradle.plugin.KotlinPluginLifecycle$CoroutineStart         : loaded 2 times (x 81B)
Class org.jetbrains.kotlin.gradle.tasks.TasksProviderKt$sam$org_gradle_api_Action$0   : loaded 2 times (x 77B)
Class org.jetbrains.kotlin.gradle.tooling.BuildKotlinToolingMetadataTask$FromKotlinExtension: loaded 2 times (x 316B)
Class org.jetbrains.kotlin.gradle.utils.FailuresKt                                    : loaded 2 times (x 73B)
Class org.jetbrains.kotlin.gradle.targets.native.internal.CInteropConfigurationsKt$special$$inlined$KotlinTargetSideEffect$1: loaded 2 times (x 76B)
Class org.jetbrains.kotlin.konan.target.Family                                        : loaded 2 times (x 81B)
Class org.jetbrains.kotlin.gradle.plugin.diagnostics.DiagnosticGroup                  : loaded 2 times (x 72B)
Class org.jetbrains.kotlin.gradle.internal.properties.NativePropertiesLoader$konanDataDirProperty$1: loaded 2 times (x 77B)
Class org.jetbrains.kotlin.gradle.plugin.KotlinGradleBuildServices$Companion$registerIfAbsent$2$1: loaded 2 times (x 81B)
Class org.jetbrains.kotlin.gradle.plugin.statistics.BuildFusService$Parameters_Decorated: loaded 2 times (x 141B)
Class org.jetbrains.kotlin.gradle.internal.properties.PropertiesBuildService$Params$Inject: loaded 2 times (x 108B)
Class org.jetbrains.kotlin.tooling.core.HasMutableExtras                              : loaded 2 times (x 72B)
Class com.google.common.cache.LocalCache$AbstractReferenceEntry                       : loaded 2 times (x 109B)
Class org.jetbrains.kotlin.incremental.ProtoData                                      : loaded 2 times (x 73B)
Class org.jetbrains.kotlin.metadata.ProtoBuf$VersionRequirementTable$1                : loaded 2 times (x 146B)
Class org.jetbrains.kotlin.metadata.ProtoBuf$Contract                                 : loaded 2 times (x 109B)
Class kotlin.collections.CollectionsKt__MutableCollectionsJVMKt                       : loaded 2 times (x 73B)
Class kotlin.enums.EnumEntriesKt                                                      : loaded 2 times (x 73B)
Class kotlin.text.StringsKt___StringsKt                                               : loaded 2 times (x 73B)
Class org.gradle.internal.IoActions                                                   : loaded 2 times (x 73B)
Class org.jetbrains.kotlin.gradle.internal.Kapt3KotlinGradleSubpluginKt               : loaded 2 times (x 73B)
Class org.jetbrains.kotlin.gradle.dsl.KotlinJvmCompile                                : loaded 2 times (x 72B)
Class com.google.common.collect.ImmutableRangeSet$ComplementRanges                    : loaded 2 times (x 209B)
Class org.jetbrains.kotlin.konan.target.KonanTarget$LINUX_ARM32_HFP                   : loaded 2 times (x 80B)
Class org.jetbrains.kotlin.gradle.internal.Kapt3GradleSubplugin                       : loaded 2 times (x 84B)
Class org.jetbrains.kotlin.gradle.plugin.diagnostics.checkers.CInteropInputChecker    : loaded 2 times (x 76B)
Class org.jetbrains.kotlin.gradle.targets.native.internal.CInteropConfigurationsKt$special$$inlined$KotlinTargetSideEffect$2: loaded 2 times (x 76B)
Class org.jetbrains.kotlin.gradle.plugin.statistics.FinalizeConfigurationFusMetricActionKt$FinalizeConfigurationFusMetricAction$1: loaded 2 times (x 97B)
Class org.jetbrains.kotlin.gradle.internal.KotlinDependenciesManagementKt$CustomizeKotlinDependenciesSetupAction$1: loaded 2 times (x 76B)
Class org.jetbrains.kotlin.gradle.plugin.KotlinGradlePluginExtensionPointInternal$registeredExtensions$2: loaded 2 times (x 80B)
Class org.jetbrains.kotlin.statistics.metrics.BooleanOverridePolicy$OR                : loaded 2 times (x 87B)
Class org.jetbrains.kotlin.gradle.plugin.UsesVariantImplementationFactories           : loaded 2 times (x 72B)
Class org.objectweb.asm.SymbolTable                                                   : loaded 2 times (x 74B)
Class com.google.common.cache.CacheLoader$InvalidCacheLoadException                   : loaded 2 times (x 84B)
Class com.google.common.collect.ImmutableSet$RegularSetBuilderImpl                    : loaded 2 times (x 78B)
Class org.jetbrains.kotlin.metadata.jvm.deserialization.JvmNameResolverBase$WhenMappings: loaded 2 times (x 73B)
Class org.jetbrains.kotlin.descriptors.Visibilities$Local                             : loaded 2 times (x 81B)
Class org.jetbrains.kotlin.incremental.ProtoDifferenceUtilsKt                         : loaded 2 times (x 73B)
Class org.jetbrains.kotlin.protobuf.WireFormat                                        : loaded 2 times (x 73B)
Class org.jetbrains.kotlin.metadata.jvm.deserialization.BitEncoding                   : loaded 2 times (x 73B)
Class org.jetbrains.org.objectweb.asm.Attribute                                       : loaded 2 times (x 77B)
Class org.jetbrains.org.objectweb.asm.Label                                           : loaded 2 times (x 74B)
Class [Lorg.jetbrains.kotlin.com.intellij.util.io.DataExternalizer;                   : loaded 2 times (x 71B)
Class org.gradle.internal.classloader.SystemClassLoaderSpec                           : loaded 2 times (x 73B)
Class org.jetbrains.kotlin.gradle.plugin.diagnostics.DefaultProblemsReporter_Decorated: loaded 2 times (x 121B)
Class org.jetbrains.kotlin.gradle.tasks.configuration.BaseKotlinCompileConfig$1$1     : loaded 2 times (x 77B)
Class org.jetbrains.kotlin.gradle.plugin.mpp.compilationImpl.factory.KotlinCompilationImplFactory$PostConfigure: loaded 2 times (x 72B)
Class org.jetbrains.kotlin.gradle.tasks.abi.KotlinLegacyAbiDumpTask                   : loaded 2 times (x 72B)
Class org.jetbrains.kotlin.gradle.utils.KotlinExtensionUtilsKt                        : loaded 2 times (x 73B)
Class [Lorg.jetbrains.kotlin.konan.util.Named;                                        : loaded 2 times (x 71B)
Class org.jetbrains.kotlin.gradle.plugin.diagnostics.checkers.NoKotlinTargetsDeclaredChecker$runChecks$1: loaded 2 times (x 89B)
Class org.jetbrains.kotlin.gradle.plugin.mpp.AbstractKotlinTarget$kotlinComponents$2  : loaded 2 times (x 81B)
Class org.jetbrains.kotlin.gradle.plugin.KotlinPlatformType$CompatibilityRule         : loaded 2 times (x 78B)
Class org.jetbrains.kotlin.gradle.internal.properties.NativePropertiesLoader$actualNativeHomeDirectory$1: loaded 2 times (x 77B)
Class org.jetbrains.kotlin.gradle.internal.properties.NativePropertiesKt              : loaded 2 times (x 73B)
Class [Lorg.jetbrains.kotlin.statistics.metrics.BooleanOverridePolicy;                : loaded 2 times (x 71B)
Class org.jetbrains.kotlin.gradle.plugin.BuildEventsListenerRegistryHolder            : loaded 2 times (x 74B)
Class org.jetbrains.kotlin.gradle.plugin.internal.CustomPropertiesFileValueSource$Parameters$Inject: loaded 2 times (x 108B)
Class com.google.common.cache.LocalCache$StrongEntry                                  : loaded 2 times (x 110B)
Class com.google.common.util.concurrent.AbstractFuture$TrustedFuture                  : loaded 2 times (x 116B)
Class com.google.common.cache.LoadingCache                                            : loaded 2 times (x 72B)
Class [Lorg.jetbrains.kotlin.metadata.ProtoBuf$Effect$EffectType;                     : loaded 2 times (x 71B)
Class kotlin.reflect.KAnnotatedElement                                                : loaded 2 times (x 72B)
Class org.jetbrains.org.objectweb.asm.Frame                                           : loaded 2 times (x 75B)
Class org.jetbrains.kotlin.incremental.classpathDiff.DirectoryOrJarReader$Companion   : loaded 2 times (x 73B)
Class kotlin.jvm.internal.Intrinsics                                                  : loaded 2 times (x 73B)
Class org.gradle.kotlin.dsl.ImplementationConfigurationAccessorsKt                    : loaded 2 times (x 73B)
Class org.jetbrains.kotlin.gradle.tasks.configuration.BaseKotlinCompileConfig$registerBuildToolsApiTransformations$1: loaded 2 times (x 81B)
Class org.jetbrains.kotlin.gradle.tasks.configuration.AbstractKotlinCompileConfigKt$sam$org_gradle_api_Action$0: loaded 2 times (x 77B)
Class org.jetbrains.kotlin.gradle.plugin.internal.BuildIdService                      : loaded 2 times (x 78B)
Class org.jetbrains.kotlin.gradle.plugin.mpp.compilationImpl.factory.KotlinCompilationDependencyConfigurationsFactoriesKt: loaded 2 times (x 73B)
Class org.jetbrains.kotlin.gradle.plugin.mpp.compilationImpl.DefaultKotlinCompilationFriendPathsResolver: loaded 2 times (x 77B)
Class org.jetbrains.kotlin.gradle.plugin.diagnostics.checkers.KmpPartiallyResolvedDependenciesCheckerKt: loaded 2 times (x 73B)
Class org.jetbrains.kotlin.gradle.plugin.diagnostics.checkers.WasmSourceSetsNotFoundChecker$runChecks$1: loaded 2 times (x 89B)
Class org.jetbrains.kotlin.konan.target.KonanTarget$IOS_SIMULATOR_ARM64               : loaded 2 times (x 80B)
Class org.jetbrains.kotlin.gradle.targets.jvm.KotlinJvmCompilationWireJavaSourcesSideEffectKt: loaded 2 times (x 73B)
Class org.jetbrains.kotlin.gradle.plugin.mpp.compilationImpl.KotlinCreateCompilationArchiveTaskKt$KotlinCreateCompilationArchivesTask$1: loaded 2 times (x 76B)
Class org.jetbrains.kotlin.gradle.dsl.KotlinVersion                                   : loaded 2 times (x 81B)
Class org.jetbrains.kotlin.gradle.internal.properties.NativePropertiesLoader$actualNativeHomeDirectory$2: loaded 2 times (x 76B)
Class org.jetbrains.kotlin.gradle.utils.StoredPropertyKt                              : loaded 2 times (x 73B)
Class org.objectweb.asm.MethodWriter                                                  : loaded 2 times (x 107B)
Class [Lcom.google.common.cache.Weigher;                                              : loaded 2 times (x 71B)
Class com.google.common.collect.RegularImmutableMap$BucketOverflowException           : loaded 2 times (x 84B)
Class org.jetbrains.kotlin.incremental.KotlinClassInfo                                : loaded 2 times (x 74B)
Class org.jetbrains.kotlin.metadata.ProtoBuf$Type$Argument                            : loaded 2 times (x 112B)
Class org.jetbrains.org.objectweb.asm.tree.ClassNode                                  : loaded 2 times (x 92B)
Class org.jetbrains.kotlin.load.kotlin.FileBasedKotlinClass$InnerClassesInfo          : loaded 2 times (x 76B)
Class kotlin.collections.MapsKt                                                       : loaded 2 times (x 73B)
Class kotlin.collections.CollectionsKt__IterablesKt                                   : loaded 2 times (x 73B)
Class jdk.internal.jrtfs.JrtFileSystem                                                : loaded 2 times (x 104B)
Class org.jetbrains.kotlin.gradle.plugin.sources.KotlinDependencyScope$Companion      : loaded 2 times (x 73B)
Class org.jetbrains.kotlin.gradle.tasks.configuration.BaseKotlinCompileConfig$registerBuildToolsApiTransformations$2: loaded 2 times (x 81B)
Class org.jetbrains.kotlin.gradle.tasks.KotlinJvmCompile                              : loaded 2 times (x 72B)
Class org.jetbrains.kotlin.gradle.plugin.mpp.compilationImpl.KotlinCompilationSourceSetsContainerKt: loaded 2 times (x 73B)
Class org.jetbrains.kotlin.gradle.plugin.KotlinPluginLifecycleKt$launchInStage$1      : loaded 2 times (x 97B)
Class org.jetbrains.kotlin.gradle.targets.NativeForwardImplementationToApiElementsSideEffectKt: loaded 2 times (x 73B)
Class org.jetbrains.kotlin.gradle.tasks.publishing.HelpersKt$addPgpSignatureHelpers$1 : loaded 2 times (x 77B)
Class org.jetbrains.kotlin.gradle.internal.properties.NativePropertiesLoader$actualNativeHomeDirectory$3: loaded 2 times (x 77B)
Class org.jetbrains.kotlin.gradle.report.BuildReportMode                              : loaded 2 times (x 81B)
Class org.jetbrains.kotlin.statistics.metrics.StringAnonymizationPolicy$RegexControlled: loaded 2 times (x 81B)
Class org.jetbrains.kotlin.statistics.ValueAnonymizer                                 : loaded 2 times (x 72B)
Class org.jetbrains.kotlin.gradle.plugin.VariantImplementationFactories$Companion$getProvider$2$1$1: loaded 2 times (x 77B)
Class org.jetbrains.kotlin.gradle.plugin.internal.ProjectIsolationStartParameterAccessor$Factory: loaded 2 times (x 72B)
Class org.jetbrains.kotlin.resolve.scopes.receivers.Receiver                          : loaded 2 times (x 72B)
Class org.jetbrains.kotlin.metadata.ProtoBuf$Modality$1                               : loaded 2 times (x 76B)
Class org.jetbrains.org.objectweb.asm.tree.TypeAnnotationNode                         : loaded 2 times (x 82B)
Class kotlin.KotlinNullPointerException                                               : loaded 2 times (x 84B)
Class jdk.internal.jimage.decompressor.CompressedResourceHeader                       : loaded 2 times (x 73B)
Class com.google.common.collect.RegularImmutableBiMap                                 : loaded 2 times (x 150B)
Class org.jetbrains.kotlin.gradle.plugin.mpp.compilationImpl.KotlinCompilationRegisterInSourceSetsConfigurator: loaded 2 times (x 76B)
Class org.jetbrains.kotlin.gradle.plugin.mpp.compilationImpl.factory.DefaultKotlinCompilationTaskNamesContainerFactory: loaded 2 times (x 76B)
Class org.jetbrains.kotlin.gradle.plugin.mpp.compilationImpl.DefaultKotlinCompilationFriendPathsResolver$FriendArtifactResolver$Companion: loaded 2 times (x 73B)
Class org.jetbrains.kotlin.gradle.targets.native.internal.CommonizerTasksKt           : loaded 2 times (x 73B)
Class [Lorg.jetbrains.kotlin.gradle.targets.js.npm.NpmDependency$Scope;               : loaded 2 times (x 71B)
Class org.jetbrains.kotlin.gradle.plugin.KotlinCompilerPluginSupportPlugin            : loaded 2 times (x 72B)
Class org.jetbrains.kotlin.gradle.plugin.mpp.AbstractKotlinTarget$components$2        : loaded 2 times (x 81B)
Class org.jetbrains.kotlin.gradle.targets.CreateNonPackedKlibVariantsSideEffectKt$CreateNonPackedKlibVariantsSideEffect$1: loaded 2 times (x 76B)
Class org.jetbrains.kotlin.gradle.plugin.mpp.KotlinUsages$setupAttributesMatchingStrategy$1: loaded 2 times (x 76B)
Class org.jetbrains.kotlin.gradle.plugin.KotlinGradleBuildServices$Companion$registerIfAbsent$2$1$1: loaded 2 times (x 77B)
Class org.jetbrains.kotlin.gradle.internal.diagnostics.AgpCompatibilityCheck$runAgpCompatibilityCheckIfAgpIsApplied$1$1: loaded 2 times (x 77B)
Class org.jetbrains.kotlin.gradle.utils.AndroidPluginIdsKt                            : loaded 2 times (x 73B)
Class org.jetbrains.kotlin.gradle.plugin.KotlinBasePlugin                             : loaded 2 times (x 72B)
Class com.google.common.cache.LocalCache$ValueReference                               : loaded 2 times (x 72B)
Class com.google.common.base.CharMatcher$Negated                                      : loaded 2 times (x 115B)
Class com.google.common.base.CharMatcher$Is                                           : loaded 2 times (x 113B)
Class org.jetbrains.kotlin.metadata.jvm.JvmProtoBuf$1                                 : loaded 2 times (x 73B)
Class org.jetbrains.kotlin.metadata.ProtoBuf$VersionRequirement                       : loaded 2 times (x 118B)
Class kotlin.ranges.RangesKt___RangesKt                                               : loaded 2 times (x 73B)
Class com.google.common.base.PatternCompiler                                          : loaded 2 times (x 72B)
Class org.jetbrains.kotlin.gradle.dsl.abi.AbiFiltersSpec                              : loaded 2 times (x 72B)
Class org.jetbrains.kotlin.gradle.utils.FutureKt                                      : loaded 2 times (x 73B)
Class org.jetbrains.kotlin.gradle.targets.native.internal.PlatformLibrariesGenerator$GeneratedPlatformLibrariesService: loaded 2 times (x 78B)
Class org.jetbrains.kotlin.gradle.logging.GradleLoggingUtilsKt                        : loaded 2 times (x 73B)
Class org.jetbrains.kotlin.gradle.plugin.KotlinAndroidPluginWrapper                   : loaded 2 times (x 88B)
Class com.google.common.util.concurrent.AbstractFuture$Failure                        : loaded 2 times (x 74B)
Class com.google.common.base.Equivalence$Equals                                       : loaded 2 times (x 84B)
Class com.google.common.collect.Hashing                                               : loaded 2 times (x 73B)
Class com.google.common.base.Preconditions                                            : loaded 2 times (x 73B)
Class org.jetbrains.org.objectweb.asm.Opcodes                                         : loaded 2 times (x 72B)
Class org.jetbrains.kotlin.descriptors.annotations.Annotated                          : loaded 2 times (x 72B)
Class org.jetbrains.kotlin.incremental.DifferenceCalculatorForPackageFacade           : loaded 2 times (x 76B)
Class [Lorg.jetbrains.org.objectweb.asm.AnnotationVisitor;                            : loaded 2 times (x 71B)
Class org.jetbrains.kotlin.com.intellij.openapi.diagnostic.Attachment                 : loaded 2 times (x 74B)
Class org.jetbrains.kotlin.descriptors.SourceElement$1                                : loaded 2 times (x 76B)
Class kotlin.collections.ArraysKt                                                     : loaded 2 times (x 73B)
Class org.jetbrains.kotlin.cli.common.arguments.CommonToolArguments                   : loaded 2 times (x 75B)
Class com.google.common.base.Joiner$1                                                 : loaded 2 times (x 82B)
Class [Lorg.jetbrains.kotlin.gradle.dsl.PlatformSourceSetConventionsChecker$CheckedPlatformInfo;: loaded 2 times (x 71B)
Class org.jetbrains.kotlin.gradle.plugin.diagnostics.KotlinGradleProjectCheckerContext: loaded 2 times (x 74B)
Class org.jetbrains.kotlin.gradle.plugin.diagnostics.checkers.DuplicateSourceSetChecker: loaded 2 times (x 76B)
Class org.jetbrains.kotlin.gradle.targets.KotlinTargetSideEffect                      : loaded 2 times (x 72B)
Class org.jetbrains.kotlin.gradle.plugin.DefaultKotlinBasePlugin$setupAttributeMatchingStrategy$1$1: loaded 2 times (x 81B)
Class org.jetbrains.kotlin.gradle.plugin.diagnostics.ToolingDiagnosticFactory         : loaded 2 times (x 75B)
Class org.jetbrains.kotlin.statistics.metrics.NumericalMetrics$Companion              : loaded 2 times (x 73B)
Class [Lorg.jetbrains.kotlin.statistics.metrics.NumberAnonymizationPolicy;            : loaded 2 times (x 71B)
Class org.jetbrains.kotlin.statistics.metrics.NumberOverridePolicy$OVERRIDE           : loaded 2 times (x 87B)
Class org.jetbrains.kotlin.gradle.internal.properties.PropertiesBuildService$property$1: loaded 2 times (x 81B)
Class org.objectweb.asm.Label                                                         : loaded 2 times (x 75B)
Class org.objectweb.asm.CurrentFrame                                                  : loaded 2 times (x 75B)
Class org.objectweb.asm.ClassTooLargeException                                        : loaded 2 times (x 84B)
Class com.google.common.base.CharMatcher                                              : loaded 2 times (x 113B)
Class com.google.gson.stream.JsonReader                                               : loaded 2 times (x 99B)
Class com.google.common.collect.PeekingIterator                                       : loaded 2 times (x 72B)
Class org.jetbrains.kotlin.metadata.ProtoBuf$Expression$1                             : loaded 2 times (x 146B)
Class org.jetbrains.kotlin.descriptors.DescriptorVisibility                           : loaded 2 times (x 80B)
Class org.jetbrains.kotlin.incremental.impl.ClassNodeSnapshotter                      : loaded 2 times (x 73B)
Class org.jetbrains.kotlin.incremental.classpathDiff.RegularKotlinClassSnapshot       : loaded 2 times (x 78B)
Class kotlin.collections.SetsKt__SetsKt                                               : loaded 2 times (x 73B)
Class kotlin.LazyKt                                                                   : loaded 2 times (x 73B)
Class org.jetbrains.kotlin.gradle.tasks.KotlinCompilationTask                         : loaded 2 times (x 72B)
Class org.jetbrains.kotlin.gradle.plugin.mpp.compilationImpl.factory.KotlinCompilationImplFactory$ProcessResourcesTaskNameFactory: loaded 2 times (x 72B)
Class com.google.common.collect.RangeGwtSerializationDependencies                     : loaded 2 times (x 73B)
Class com.google.common.base.Joiner$2                                                 : loaded 2 times (x 81B)
Class org.jetbrains.kotlin.gradle.internal.properties.PropertiesBuildService$property$2: loaded 2 times (x 81B)
Class org.jetbrains.kotlin.gradle.internal.KotlinDependenciesManagementKt             : loaded 2 times (x 73B)
Class org.jetbrains.kotlin.gradle.plugin.DefaultKotlinBasePlugin$setupAttributeMatchingStrategy$1$2: loaded 2 times (x 81B)
Class org.jetbrains.kotlin.gradle.targets.native.internal.PlatformLibrariesGenerator$Companion: loaded 2 times (x 73B)
Class org.jetbrains.kotlin.gradle.plugin.statistics.KotlinBuildStatsLoggerService     : loaded 2 times (x 74B)
Class org.jetbrains.kotlin.gradle.plugin.internal.CustomPropertiesFileValueSource$Inject: loaded 2 times (x 115B)
Class org.objectweb.asm.Frame                                                         : loaded 2 times (x 75B)
Class org.objectweb.asm.MethodVisitor                                                 : loaded 2 times (x 107B)
Class com.google.common.cache.LocalCache$EntryFactory$1                               : loaded 2 times (x 85B)
Class [Lcom.google.common.cache.RemovalListener;                                      : loaded 2 times (x 71B)
Class com.google.common.base.CharMatcher$NamedFastMatcher                             : loaded 2 times (x 114B)
Class com.google.common.base.CharMatcher$1                                            : loaded 2 times (x 115B)
Class org.jetbrains.kotlin.metadata.ProtoBuf$ExpressionOrBuilder                      : loaded 2 times (x 72B)
Class org.jetbrains.kotlin.incremental.classpathDiff.impl.SingleClassSnapshotter$WhenMappings: loaded 2 times (x 73B)
Class [Lorg.jetbrains.kotlin.metadata.ProtoBuf$Type$Argument$Projection;              : loaded 2 times (x 71B)
Class org.jetbrains.org.objectweb.asm.RecordComponentWriter                           : loaded 2 times (x 79B)
Class org.jetbrains.kotlin.incremental.classpathDiff.JavaClassSnapshot                : loaded 2 times (x 77B)
Class kotlin.collections.ArraysKt__ArraysJVMKt                                        : loaded 2 times (x 73B)
Class org.jetbrains.kotlin.gradle.plugin.mpp.InternalKotlinTargetKt$special$$inlined$extrasStoredFuture$1: loaded 2 times (x 81B)
Class org.jetbrains.kotlin.tooling.core.ExtrasProperty                                : loaded 2 times (x 72B)
Class org.jetbrains.kotlin.compilerRunner.UsesCompilerSystemPropertiesService         : loaded 2 times (x 72B)
Class org.jetbrains.kotlin.gradle.plugin.mpp.compilationImpl.KotlinCompilationSourceSetInclusion$Companion: loaded 2 times (x 73B)
Class com.google.common.collect.RangeSet                                              : loaded 2 times (x 72B)
Class org.jetbrains.kotlin.konan.target.KonanTarget$WATCHOS_DEVICE_ARM64              : loaded 2 times (x 80B)
Class org.jetbrains.kotlin.gradle.plugin.diagnostics.checkers.MissingNativeStdlibChecker$runChecks$1: loaded 2 times (x 89B)
Class [Lorg.jetbrains.kotlin.gradle.plugin.sources.android.AndroidVariantType;        : loaded 2 times (x 71B)
Class org.jetbrains.kotlin.gradle.plugin.sources.android.AndroidVariantType           : loaded 2 times (x 81B)
Class org.jetbrains.kotlin.gradle.plugin.mpp.KotlinTargetSoftwareComponent            : loaded 2 times (x 91B)
Class org.jetbrains.kotlin.gradle.plugin.mpp.KotlinVariant                            : loaded 2 times (x 103B)
Class org.jetbrains.kotlin.gradle.targets.native.ConfigureFrameworkExportSideEffectKt : loaded 2 times (x 73B)
Class org.jetbrains.kotlin.gradle.utils.WhenPluginEnabledKt                           : loaded 2 times (x 73B)
Class org.jetbrains.kotlin.gradle.plugin.VariantImplementationFactories               : loaded 2 times (x 77B)
Class org.jetbrains.kotlin.gradle.internal.diagnostics.KotlinCompilerEmbeddableCheck  : loaded 2 times (x 73B)
Class com.google.common.cache.LocalCache$EntryFactory$2                               : loaded 2 times (x 85B)
Class kotlin.jvm.internal.CallableReference$NoReceiver                                : loaded 2 times (x 73B)
Class org.jetbrains.kotlin.descriptors.ValidateableDescriptor                         : loaded 2 times (x 72B)
Class org.jetbrains.kotlin.metadata.ProtoBuf$EnumEntryOrBuilder                       : loaded 2 times (x 72B)
Class org.jetbrains.kotlin.incremental.impl.InstanceOwnerRecordingClassVisitor        : loaded 2 times (x 90B)
Class org.jetbrains.kotlin.metadata.jvm.JvmProtoBuf$JvmPropertySignature$1            : loaded 2 times (x 146B)
Class org.jetbrains.org.objectweb.asm.MethodWriter                                    : loaded 2 times (x 107B)
Class kotlin.text.StringsKt__StringBuilderKt                                          : loaded 2 times (x 73B)
Class org.gradle.api.internal.classpath.GlobalCacheRootsProvider                      : loaded 2 times (x 72B)
Class org.jetbrains.kotlin.tooling.core.Extras$Entry$Companion                        : loaded 2 times (x 73B)
Class com.google.common.collect.CollectCollectors                                     : loaded 2 times (x 73B)
Class org.jetbrains.kotlin.gradle.targets.js.dsl.KotlinWasmWasiTargetDsl              : loaded 2 times (x 72B)
Class org.jetbrains.kotlin.gradle.plugin.diagnostics.checkers.DisabledNativeTargetsChecker: loaded 2 times (x 76B)
Class org.jetbrains.kotlin.gradle.plugin.mpp.compilationImpl.KotlinCreateSourcesJarTaskSideEffectKt$KotlinCreateSourcesJarTaskSideEffect$1: loaded 2 times (x 76B)
Class org.jetbrains.kotlin.gradle.internal.CompilerArgumentAware                      : loaded 2 times (x 72B)
Class org.jetbrains.kotlin.gradle.utils.ReportUtilsKt                                 : loaded 2 times (x 73B)
Class org.jetbrains.kotlin.gradle.utils.StoredLazyProperty                            : loaded 2 times (x 77B)
Class org.objectweb.asm.ModuleWriter                                                  : loaded 2 times (x 83B)
Class com.google.common.cache.LocalCache$EntryFactory$3                               : loaded 2 times (x 85B)
Class com.google.common.base.Ticker$1                                                 : loaded 2 times (x 74B)
Class com.google.common.collect.Maps$BiMapConverter                                   : loaded 2 times (x 92B)
Class com.google.common.collect.ImmutableMapEntrySet$RegularEntrySet                  : loaded 2 times (x 154B)
Class org.jetbrains.kotlin.incremental.storage.FqNameExternalizer                     : loaded 2 times (x 77B)
Class kotlin.Lazy                                                                     : loaded 2 times (x 72B)
Class kotlin.NoWhenBranchMatchedException                                             : loaded 2 times (x 84B)
Class Native_plugin_loader_gradle$NativePluginLoader                                  : loaded 2 times (x 74B)
Class com.google.common.collect.SetMultimap                                           : loaded 2 times (x 72B)
Class org.jetbrains.kotlin.gradle.dsl.AndroidMainSourceSetConventionsChecker$runChecks$1: loaded 2 times (x 89B)
Class org.jetbrains.kotlin.gradle.plugin.sources.FragmentConsistencyChecks            : loaded 2 times (x 74B)
Class org.jetbrains.kotlin.gradle.plugin.mpp.InternalKotlinTargetComponent            : loaded 2 times (x 95B)
Class org.jetbrains.kotlin.gradle.targets.CreateNonPackedKlibVariantsSideEffectKt     : loaded 2 times (x 73B)
Class org.jetbrains.kotlin.gradle.targets.CreateDefaultTestRunSideEffectKt$special$$inlined$KotlinTargetSideEffect$1: loaded 2 times (x 76B)
Class org.jetbrains.kotlin.gradle.utils.ProviderApiUtilsKt                            : loaded 2 times (x 73B)
Class org.jetbrains.kotlin.gradle.plugin.diagnostics.IsAttachedToTerminalValueSource  : loaded 2 times (x 82B)
Class org.jetbrains.kotlin.gradle.targets.native.UsesKonanPropertiesBuildService      : loaded 2 times (x 72B)
Class org.jetbrains.kotlin.gradle.internal.properties.NativePropertiesLoader$forceDisableRunningInProcess$1: loaded 2 times (x 77B)
Class org.jetbrains.kotlin.gradle.internal.tasks.TaskWithLocalState                   : loaded 2 times (x 72B)
Class org.jetbrains.kotlin.gradle.plugin.statistics.KotlinBuildStatisticsUtilsKt      : loaded 2 times (x 73B)
Class org.jetbrains.kotlin.statistics.metrics.BooleanMetrics                          : loaded 2 times (x 81B)
Class org.jetbrains.kotlin.gradle.utils.PersistentCachesKt                            : loaded 2 times (x 73B)
Class org.jetbrains.kotlin.gradle.internal.properties.PropertiesBuildService$Params   : loaded 2 times (x 72B)
Class org.jetbrains.kotlin.gradle.internal.diagnostics.GradleCompatibilityCheck       : loaded 2 times (x 73B)
Class com.google.common.collect.ImmutableSet$Builder                                  : loaded 2 times (x 87B)
Class com.google.common.cache.LocalCache$EntryFactory$4                               : loaded 2 times (x 85B)
Class com.google.common.base.CharMatcher$InRange                                      : loaded 2 times (x 113B)
Class [Lorg.jetbrains.kotlin.metadata.ProtoBuf$Expression$ConstantValue;              : loaded 2 times (x 71B)
Class org.jetbrains.kotlin.metadata.ProtoBuf$Effect                                   : loaded 2 times (x 117B)
Class org.jetbrains.kotlin.incremental.storage.ClassIdExternalizer                    : loaded 2 times (x 77B)
Class org.jetbrains.org.objectweb.asm.tree.InsnNode                                   : loaded 2 times (x 80B)
Class [Lkotlin.jvm.functions.Function1;                                               : loaded 2 times (x 71B)
Class org.jetbrains.org.objectweb.asm.RecordComponentVisitor                          : loaded 2 times (x 79B)
Class org.jetbrains.kotlin.gradle.plugin.sources.KotlinDependencyScopeKt$WhenMappings : loaded 2 times (x 73B)
Class org.jetbrains.kotlin.gradle.tasks.K2MultiplatformCompilationTask                : loaded 2 times (x 72B)
Class org.jetbrains.kotlin.gradle.plugin.diagnostics.checkers.OverriddenKotlinNativeHomeChecker$StdlibExistenceCheckerValueSource$Inject: loaded 2 times (x 111B)
Class org.jetbrains.kotlin.gradle.utils.ConfigurationsKt$maybeCreateDependencyScope$1 : loaded 2 times (x 80B)
Class org.jetbrains.kotlin.gradle.plugin.sources.FragmentConsistencyChecks$languageVersionCheck$1: loaded 2 times (x 81B)
Class org.jetbrains.kotlin.gradle.plugin.mpp.DecoratedKotlinCompilation               : loaded 2 times (x 197B)
Class org.jetbrains.kotlin.gradle.plugin.diagnostics.checkers.ExperimentalTryNextUsageChecker: loaded 2 times (x 76B)
Class [Lorg.jetbrains.kotlin.gradle.plugin.KotlinPlatformType;                        : loaded 2 times (x 71B)
Class [Lorg.jetbrains.kotlin.gradle.plugin.diagnostics.ToolingDiagnostic$Severity;    : loaded 2 times (x 71B)
Class org.jetbrains.kotlin.gradle.plugin.statistics.UsesBuildFusService               : loaded 2 times (x 72B)
Class org.jetbrains.kotlin.gradle.plugin.statistics.old.Pre232IdeaKotlinBuildStatsBeanService: loaded 2 times (x 97B)
Class org.jetbrains.kotlin.statistics.metrics.NumberOverridePolicy$AVERAGE            : loaded 2 times (x 87B)
Class org.jetbrains.kotlin.gradle.plugin.VariantImplementationFactories$Parameters$Inject: loaded 2 times (x 108B)
Class org.jetbrains.kotlin.gradle.plugin.BuildFinishedListenerService$Companion$registerIfAbsent$1$1: loaded 2 times (x 81B)
Class org.jetbrains.kotlin.gradle.internal.diagnostics.GradleCompatibilityCheck$CurrentGradleVersionProvider: loaded 2 times (x 72B)
Class com.google.common.cache.LocalCache$EntryFactory$5                               : loaded 2 times (x 85B)
Class org.jetbrains.kotlin.descriptors.Visibility                                     : loaded 2 times (x 81B)
Class org.jetbrains.kotlin.protobuf.RopeByteString$RopeInputStream                    : loaded 2 times (x 94B)
Class org.jetbrains.kotlin.protobuf.CodedInputStream                                  : loaded 2 times (x 74B)
Class org.jetbrains.kotlin.incremental.storage.NullableValueExternalizer              : loaded 2 times (x 78B)
Class org.jetbrains.org.objectweb.asm.MethodTooLargeException                         : loaded 2 times (x 84B)
Class org.jetbrains.org.objectweb.asm.Context                                         : loaded 2 times (x 74B)
Class kotlin.sequences.ConstrainedOnceSequence                                        : loaded 2 times (x 77B)
Class org.jetbrains.kotlin.gradle.plugin.statistics.BuildFusService$Parameters$Inject : loaded 2 times (x 114B)
Class org.jetbrains.kotlin.gradle.tasks.configuration.BaseKotlinCompileConfig$1       : loaded 2 times (x 81B)
Class org.jetbrains.kotlin.gradle.plugin.mpp.compilationImpl.factory.ConfigurationNaming$Default: loaded 2 times (x 77B)
Class org.jetbrains.kotlin.gradle.plugin.mpp.compilationImpl.KotlinCompilationSourceSetInclusion: loaded 2 times (x 74B)
Class org.jetbrains.kotlin.gradle.targets.jvm.KotlinJvmTarget                         : loaded 2 times (x 168B)
Class org.jetbrains.kotlin.gradle.targets.js.dsl.KotlinWasmJsTargetDsl                : loaded 2 times (x 72B)
Class org.jetbrains.kotlin.gradle.plugin.diagnostics.checkers.DisabledNativeTargetsChecker$runChecks$1: loaded 2 times (x 89B)
Class org.jetbrains.kotlin.gradle.plugin.KotlinPluginLifecycleImpl$await$2$1          : loaded 2 times (x 81B)
Class org.jetbrains.kotlin.gradle.plugin.sources.DefaultLanguageSettingsBuilder       : loaded 2 times (x 102B)
Class org.jetbrains.kotlin.gradle.plugin.sources.FragmentConsistencyChecks$languageVersionCheck$2: loaded 2 times (x 80B)
Class org.jetbrains.kotlin.gradle.targets.CreateTargetConfigurationsSideEffectKt$CreateTargetConfigurationsSideEffect$1: loaded 2 times (x 76B)
Class org.jetbrains.kotlin.gradle.dsl.KotlinPublishingDsl                             : loaded 2 times (x 72B)
Class org.jetbrains.kotlin.gradle.dsl.KotlinTargetContainerWithPresetFunctions        : loaded 2 times (x 72B)
Class org.jetbrains.kotlin.gradle.plugin.diagnostics.ToolingDiagnosticRenderingOptionsKt$WhenMappings: loaded 2 times (x 73B)
Class org.jetbrains.kotlin.gradle.utils.GradleConfigurationUtilsKt                    : loaded 2 times (x 73B)
Class org.jetbrains.kotlin.gradle.plugin.internal.CustomPropertiesFileValueSource$Parameters: loaded 2 times (x 72B)
Class org.jetbrains.kotlin.gradle.plugin.UsesBuildFinishedListenerService             : loaded 2 times (x 72B)
Class com.google.common.cache.LocalCache$EntryFactory$6                               : loaded 2 times (x 85B)
Class org.jetbrains.kotlin.metadata.ProtoBuf$1                                        : loaded 2 times (x 73B)
Class org.jetbrains.kotlin.mpp.DeclarationSymbolMarker                                : loaded 2 times (x 72B)
Class org.jetbrains.org.objectweb.asm.CurrentFrame                                    : loaded 2 times (x 75B)
Class org.jetbrains.kotlin.protobuf.MessageLite$Builder                               : loaded 2 times (x 72B)
Class kotlin.jvm.internal.markers.KMappedMarker                                       : loaded 2 times (x 72B)
Class org.gradle.internal.installation.CurrentGradleInstallationLocator               : loaded 2 times (x 73B)
Class org.jetbrains.kotlin.gradle.plugin.diagnostics.UsesKotlinToolingDiagnosticsKt   : loaded 2 times (x 73B)
Class org.jetbrains.kotlin.gradle.tasks.configuration.BaseKotlinCompileConfig$2       : loaded 2 times (x 81B)
Class com.google.common.collect.Maps$KeySet                                           : loaded 2 times (x 139B)
Class org.jetbrains.kotlin.gradle.plugin.mpp.InternalKotlinCompilation                : loaded 2 times (x 72B)
Class org.jetbrains.kotlin.gradle.utils.WhenEvaluatedKt                               : loaded 2 times (x 73B)
Class org.jetbrains.kotlin.konan.target.KonanTarget$IOS_X64                           : loaded 2 times (x 80B)
Class org.jetbrains.kotlin.gradle.targets.native.internal.AddKotlinPlatformIntegersSupportLibraryKt: loaded 2 times (x 73B)
Class org.jetbrains.kotlin.gradle.plugin.AbstractKotlinJsPluginWrapper                : loaded 2 times (x 88B)
Class org.jetbrains.kotlin.gradle.internal.IsInIdeaEnvironmentValueSource$Inject      : loaded 2 times (x 102B)
Class org.jetbrains.kotlin.gradle.plugin.internal.MavenPublicationComponentAccessor   : loaded 2 times (x 72B)
Class org.jetbrains.kotlin.gradle.fus.BuildUidService                                 : loaded 2 times (x 82B)
Class org.jetbrains.kotlin.gradle.plugin.KotlinPluginWrapperKt                        : loaded 2 times (x 73B)
Class com.google.common.collect.ImmutableSet$EmptySetBuilderImpl                      : loaded 2 times (x 78B)
Class com.google.common.cache.LocalCache$EntryFactory$7                               : loaded 2 times (x 85B)
Class com.google.common.collect.ImmutableList                                         : loaded 2 times (x 208B)
Class org.jetbrains.kotlin.metadata.ProtoBuf$VersionRequirement$Level$1               : loaded 2 times (x 76B)
Class org.jetbrains.kotlin.protobuf.FieldSet$1                                        : loaded 2 times (x 73B)
Class org.jetbrains.kotlin.com.intellij.openapi.util.ThreadLocalCachedValue           : loaded 2 times (x 77B)
Class org.jetbrains.org.objectweb.asm.tree.LdcInsnNode                                : loaded 2 times (x 80B)
Class org.jetbrains.kotlin.incremental.classpathDiff.ClasspathEntrySnapshotter        : loaded 2 times (x 73B)
Class org.gradle.internal.service.DefaultServiceLocator                               : loaded 2 times (x 85B)
Class org.jetbrains.kotlin.compilerRunner.CompilerSystemPropertiesService$Companion$registerIfAbsent$1: loaded 2 times (x 77B)
Class org.jetbrains.kotlin.compilerRunner.CompilerSystemPropertiesService$Companion   : loaded 2 times (x 73B)
Class org.jetbrains.kotlin.gradle.plugin.diagnostics.checkers.WasmJsEnvironmentChecker: loaded 2 times (x 78B)
Class org.jetbrains.kotlin.gradle.plugin.diagnostics.checkers.AndroidPluginWithoutAndroidTargetChecker: loaded 2 times (x 76B)
Class org.jetbrains.kotlin.gradle.plugin.statistics.FlowActionBuildFusService$getConfigurationTimeMetrics$1: loaded 2 times (x 77B)
Class org.jetbrains.kotlin.gradle.plugin.statistics.SynchronizedMetricsContainer      : loaded 2 times (x 84B)
Class org.jetbrains.kotlin.statistics.metrics.NumberOverridePolicy                    : loaded 2 times (x 87B)
Class org.jetbrains.kotlin.statistics.metrics.StringAnonymizationPolicy$AllowedListAnonymizer$Companion: loaded 2 times (x 73B)
Class org.jetbrains.kotlin.gradle.plugin.internal.DefaultProjectIsolationStartParameterAccessor_Decorated: loaded 2 times (x 123B)
Class org.jetbrains.kotlin.gradle.plugin.internal.ProjectIsolationStartParameterAccessorKt: loaded 2 times (x 73B)
Class org.jetbrains.kotlin.gradle.testing.internal.KotlinTestsRegistry                : loaded 2 times (x 74B)
Class com.google.common.cache.LocalCache$EntryFactory$8                               : loaded 2 times (x 85B)
Class com.google.common.collect.ImmutableSet$SetBuilderImpl                           : loaded 2 times (x 78B)
Class org.jetbrains.kotlin.metadata.ProtoBuf$Class$Kind$1                             : loaded 2 times (x 76B)
Class org.jetbrains.kotlin.protobuf.SmallSortedMap$Entry                              : loaded 2 times (x 90B)
Class org.jetbrains.kotlin.metadata.ProtoBuf$Package$1                                : loaded 2 times (x 146B)
Class org.jetbrains.org.objectweb.asm.SymbolTable                                     : loaded 2 times (x 74B)
Class org.jetbrains.org.objectweb.asm.tree.UnsupportedClassVersionException           : loaded 2 times (x 84B)
Class org.jetbrains.org.objectweb.asm.tree.RecordComponentNode                        : loaded 2 times (x 81B)
Class org.jetbrains.kotlin.name.FqName$Companion                                      : loaded 2 times (x 73B)
Class jdk.internal.jrtfs.JrtDirectoryStream                                           : loaded 2 times (x 91B)
Class org.gradle.internal.installation.CurrentGradleInstallation                      : loaded 2 times (x 75B)
Class org.jetbrains.kotlin.gradle.tasks.KotlinCompilerExecutionStrategy               : loaded 2 times (x 81B)
Class org.jetbrains.kotlin.gradle.plugin.sources.DefaultKotlinSourceSet$special$$inlined$Iterable$1: loaded 2 times (x 81B)
Class org.jetbrains.kotlin.gradle.plugin.mpp.compilationImpl.factory.KotlinCompilationImplFactory$KotlinCompilerOptionsFactory$Options: loaded 2 times (x 74B)
Class org.jetbrains.kotlin.gradle.plugin.statistics.FusMetrics                        : loaded 2 times (x 72B)
Class org.jetbrains.kotlin.gradle.plugin.KotlinCompilation                            : loaded 2 times (x 72B)
Class org.jetbrains.kotlin.gradle.plugin.diagnostics.ToolingDiagnosticRenderingOptionsKt: loaded 2 times (x 73B)
Class org.jetbrains.kotlin.gradle.tasks.publishing.HelpersKt                          : loaded 2 times (x 73B)
Class org.jetbrains.kotlin.gradle.plugin.KotlinTargetConfiguratorKt                   : loaded 2 times (x 73B)
Class org.jetbrains.kotlin.gradle.targets.native.internal.PlatformLibrariesGenerator  : loaded 2 times (x 74B)
Class org.jetbrains.kotlin.tooling.core.Extras$Type$Companion                         : loaded 2 times (x 73B)
Class com.google.common.cache.CacheLoader$1                                           : loaded 2 times (x 77B)
Class com.google.common.collect.ImmutableList$SubList                                 : loaded 2 times (x 211B)
Class org.jetbrains.kotlin.metadata.ProtoBuf$Annotation$ArgumentOrBuilder             : loaded 2 times (x 72B)
Class org.jetbrains.org.objectweb.asm.ModuleWriter                                    : loaded 2 times (x 83B)
Class org.jetbrains.kotlin.protobuf.FieldSet$FieldDescriptorLite                      : loaded 2 times (x 72B)
Class org.jetbrains.kotlin.protobuf.AbstractMessageLite                               : loaded 2 times (x 100B)
Class org.jetbrains.kotlin.incremental.classpathDiff.JarReader                        : loaded 2 times (x 84B)
Class org.gradle.util.internal.GUtil                                                  : loaded 2 times (x 73B)
Class org.jetbrains.kotlin.gradle.plugin.mpp.InternalKotlinTargetKt$isSourcesPublishableFuture$2: loaded 2 times (x 97B)
Class org.jetbrains.kotlin.gradle.plugin.mpp.KotlinCompilationFactory                 : loaded 2 times (x 72B)
Class org.jetbrains.kotlin.gradle.dsl.IosSourceSetConventionChecker$runChecks$1       : loaded 2 times (x 89B)
Class org.jetbrains.kotlin.gradle.plugin.mpp.AbstractKotlinCompilation                : loaded 2 times (x 197B)
Class org.jetbrains.kotlin.gradle.plugin.diagnostics.checkers.UnusedSourceSetsChecker : loaded 2 times (x 76B)
Class org.jetbrains.kotlin.gradle.utils.Future                                        : loaded 2 times (x 72B)
Class org.jetbrains.kotlin.gradle.plugin.statistics.KotlinBuildStatsConfiguration$Companion: loaded 2 times (x 73B)
Class com.google.common.cache.AbstractCache$StatsCounter                              : loaded 2 times (x 72B)
Class org.jetbrains.kotlin.metadata.jvm.JvmProtoBuf$StringTableTypes$Record           : loaded 2 times (x 121B)
Class org.jetbrains.kotlin.protobuf.FieldSet                                          : loaded 2 times (x 74B)
Class [Lorg.jetbrains.org.objectweb.asm.Label;                                        : loaded 2 times (x 71B)
Class kotlin.io.NoSuchFileException                                                   : loaded 2 times (x 84B)
Class kotlin.collections.CollectionsKt                                                : loaded 2 times (x 73B)
Class org.jetbrains.kotlin.gradle.targets.js.dsl.KotlinJsSubTargetContainerDsl        : loaded 2 times (x 72B)
Class org.jetbrains.kotlin.tooling.core.MutableExtrasImpl$Companion                   : loaded 2 times (x 73B)
Class org.jetbrains.kotlin.gradle.internal.ClassLoadersCachingBuildService$Parameters : loaded 2 times (x 72B)
Class org.jetbrains.kotlin.gradle.plugin.KotlinGradleBuildServices$Companion$registerIfAbsent$1: loaded 2 times (x 77B)
Class org.jetbrains.kotlin.statistics.fileloggers.MetricsContainer                    : loaded 2 times (x 79B)
Class org.jetbrains.kotlin.gradle.plugin.internal.ProjectIsolationStartParameterAccessor: loaded 2 times (x 72B)
Class org.jetbrains.kotlin.gradle.utils.StoredProperty                                : loaded 2 times (x 72B)
Class com.google.common.collect.Iterators$MergingIterator                             : loaded 2 times (x 83B)
Class com.google.common.collect.RegularImmutableSet                                   : loaded 2 times (x 150B)
Class org.jetbrains.kotlin.incremental.DifferenceCalculatorForPackageFacade$Companion : loaded 2 times (x 73B)
Class [Lorg.jetbrains.kotlin.metadata.ProtoBuf$MemberKind;                            : loaded 2 times (x 71B)
Class org.jetbrains.kotlin.metadata.ProtoBuf$Package                                  : loaded 2 times (x 130B)
Class org.jetbrains.kotlin.metadata.ProtoBuf$Annotation$Argument$Value$Type$1         : loaded 2 times (x 76B)
Class org.jetbrains.kotlin.metadata.ProtoBuf$TypeTableOrBuilder                       : loaded 2 times (x 72B)
Class org.jetbrains.kotlin.metadata.ProtoBuf$TypeOrBuilder                            : loaded 2 times (x 72B)
Class org.jetbrains.kotlin.buildtools.internal.CompilationServiceImpl                 : loaded 2 times (x 83B)
Class org.gradle.internal.installation.GradleInstallation                             : loaded 2 times (x 77B)
Class org.jetbrains.kotlin.gradle.plugin.mpp.compilationImpl.factory.KotlinCompilationImplFactory$create$1: loaded 2 times (x 77B)
Class org.jetbrains.kotlin.gradle.tasks.KotlinJavaToolchain                           : loaded 2 times (x 72B)
Class org.jetbrains.kotlin.gradle.plugin.statistics.FlowActionBuildFusService$Inject  : loaded 2 times (x 106B)
Class org.jetbrains.kotlin.statistics.metrics.BooleanMetrics$Companion                : loaded 2 times (x 73B)
Class org.jetbrains.kotlin.gradle.plugin.internal.CompatibilityConventionRegistrar    : loaded 2 times (x 72B)
Class org.jetbrains.kotlin.gradle.plugin.AndroidGradlePluginVersion                   : loaded 2 times (x 77B)
Class com.google.common.collect.Iterables                                             : loaded 2 times (x 73B)
Class org.jetbrains.kotlin.metadata.deserialization.ProtoTypeTableUtilKt              : loaded 2 times (x 73B)
Class [Lorg.jetbrains.kotlin.descriptors.DescriptorVisibility;                        : loaded 2 times (x 71B)
Class org.jetbrains.kotlin.incremental.storage.InlineFunctionOrAccessorExternalizer   : loaded 2 times (x 78B)
Class org.jetbrains.kotlin.incremental.classpathDiff.impl.ClassFileWithContentsProvider: loaded 2 times (x 74B)
Class kotlin.collections.CollectionsKt__IteratorsJVMKt$iterator$1                     : loaded 2 times (x 81B)
Class jdk.internal.jimage.decompressor.ResourceDecompressor$StringsProvider           : loaded 2 times (x 72B)
Class org.jetbrains.kotlin.gradle.plugin.mpp.KotlinJvmCompilation                     : loaded 2 times (x 206B)
Class org.jetbrains.kotlin.gradle.plugin.KotlinCompilation$Companion                  : loaded 2 times (x 73B)
Class org.jetbrains.kotlin.konan.target.KonanTarget$WATCHOS_ARM64                     : loaded 2 times (x 80B)
Class org.jetbrains.kotlin.gradle.plugin.diagnostics.checkers.OverriddenKotlinNativeHomeChecker: loaded 2 times (x 76B)
Class org.jetbrains.kotlin.gradle.artifacts.KotlinJvmJarArtifactKt$KotlinJvmJarArtifact$1: loaded 2 times (x 76B)
Class org.jetbrains.kotlin.gradle.targets.native.SetupEmbedAndSignAppleFrameworkTaskSideEffectKt: loaded 2 times (x 73B)
Class org.jetbrains.kotlin.gradle.plugin.KotlinProjectSetupActionKt$KotlinProjectSetupCoroutine$1: loaded 2 times (x 77B)
Class org.jetbrains.kotlin.gradle.dsl.ToolchainSupport$Companion                      : loaded 2 times (x 73B)
Class org.jetbrains.kotlin.gradle.plugin.KotlinSourceSet                              : loaded 2 times (x 72B)
Class org.jetbrains.kotlin.konan.target.KonanTarget$MACOS_ARM64                       : loaded 2 times (x 80B)
Class org.jetbrains.org.objectweb.asm.tree.ModuleRequireNode                          : loaded 2 times (x 75B)
Class kotlin.jvm.KotlinReflectionNotSupportedError                                    : loaded 2 times (x 84B)
Class org.jetbrains.kotlin.metadata.ProtoBuf$Annotation$Builder                       : loaded 2 times (x 137B)
Class org.jetbrains.kotlin.metadata.jvm.JvmProtoBuf$StringTableTypes$Record$Operation : loaded 2 times (x 84B)
Class org.jetbrains.kotlin.com.intellij.openapi.diagnostic.DefaultLogger              : loaded 2 times (x 102B)

---------------  S Y S T E M  ---------------

OS:
 Windows 11 , 64 bit Build 26100 (10.0.26100.8972)
OS uptime: 0 days 0:36 hours
Hyper-V role detected

CPU: total 32 (initial active 32) (32 cores per cpu, 2 threads per core) family 26 model 68 stepping 0 microcode 0xb404035, cx8, cmov, fxsr, ht, mmx, 3dnowpref, sse, sse2, sse3, ssse3, sse4a, sse4.1, sse4.2, popcnt, lzcnt, tsc, tscinvbit, avx, avx2, aes, erms, clmul, bmi1, bmi2, adx, avx512f, avx512dq, avx512cd, avx512bw, avx512vl, sha, fma, vzeroupper, avx512_vpopcntdq, avx512_vpclmulqdq, avx512_vaes, avx512_vnni, clflush, clflushopt, clwb, avx512_vbmi2, avx512_vbmi, hv, rdtscp, rdpid, fsrm, gfni, avx512_bitalg, f16c, cet_ss, avx512_ifma
Processor Information for the first 32 processors :
  Max Mhz: 4300, Current Mhz: 4300, Mhz Limit: 4300

Memory: 4k page, system-wide physical 31892M (10975M free)
TotalPageFile size 47892M (AvailPageFile size 23554M)
current process WorkingSet (physical memory assigned to process): 1561M, peak: 1566M
current process commit charge ("private bytes"): 1619M, peak: 1876M

vm_info: OpenJDK 64-Bit Server VM (25.0.2+-15348964-b329.117) for windows-amd64 JRE (25.0.2+-15348964-b329.117), built on 2026-05-05T18:25:19Z with MS VC++ 16.10 / 16.11 (VS2019)

END.
