#
# A fatal error has been detected by the Java Runtime Environment:
#
#  EXCEPTION_ACCESS_VIOLATION (0xc0000005) at pc=0x00007ffc46b9980c, pid=35040, tid=9352
#
# JRE version: OpenJDK Runtime Environment Temurin-17.0.20+8 (17.0.20+8) (build 17.0.20+8)
# Java VM: OpenJDK 64-Bit Server VM Temurin-17.0.20+8 (17.0.20+8, mixed mode, sharing, tiered, compressed oops, compressed class ptrs, g1 gc, windows-amd64)
# Problematic frame:
# V  [jvm.dll+0x36980c]
#
# No core dump will be written. Minidumps are not enabled by default on client versions of Windows
#
# If you would like to submit a bug report, please visit:
#   https://github.com/adoptium/adoptium-support/issues
#

---------------  S U M M A R Y ------------

Command Line: --add-opens=java.base/java.lang=ALL-UNNAMED --add-opens=java.base/java.lang.invoke=ALL-UNNAMED --add-opens=java.base/java.util=ALL-UNNAMED --add-opens=java.prefs/java.util.prefs=ALL-UNNAMED --add-exports=jdk.compiler/com.sun.tools.javac.api=ALL-UNNAMED --add-exports=jdk.compiler/com.sun.tools.javac.util=ALL-UNNAMED --add-opens=java.base/java.util=ALL-UNNAMED --add-opens=java.prefs/java.util.prefs=ALL-UNNAMED --add-opens=java.base/java.nio.charset=ALL-UNNAMED --add-opens=java.base/java.net=ALL-UNNAMED --add-opens=java.base/java.util.concurrent.atomic=ALL-UNNAMED --add-opens=java.xml/javax.xml.namespace=ALL-UNNAMED -XX:MaxMetaspaceSize=1G -XX:ReservedCodeCacheSize=256m -XX:+HeapDumpOnOutOfMemoryError -Xmx3G -Dfile.encoding=UTF-8 -Duser.country=ES -Duser.language=es -Duser.variant -javaagent:C:\dev\gradle-home\wrapper\dists\gradle-8.11.1-all\2qik7nd48slq1ooc2496ixf4i\gradle-8.11.1\lib\agents\gradle-instrumentation-agent-8.11.1.jar org.gradle.launcher.daemon.bootstrap.GradleDaemon 8.11.1

Host: AMD Ryzen 9 9950X3D 16-Core Processor          , 32 cores, 31G,  Windows 11 , 64 bit Build 26100 (10.0.26100.8972)
Time: Sun Aug  9 18:50:54 2026 Hora de verano romance elapsed time: 732.819545 seconds (0d 0h 12m 12s)

---------------  T H R E A D  ---------------

Current thread (0x000001d2e30f18d0):  JavaThread "C2 CompilerThread0" daemon [_thread_in_native, id=9352, stack(0x0000002129e00000,0x0000002129f00000)]


Current CompileTask:
C2:732819 37307   !   4       com.google.gson.Gson::getAdapter (267 bytes)

Stack: [0x0000002129e00000,0x0000002129f00000],  sp=0x0000002129efbe50,  free space=1007k
Native frames: (J=compiled Java code, j=interpreted, Vv=VM code, C=native code)
V  [jvm.dll+0x36980c]
V  [jvm.dll+0x1bcf47]
V  [jvm.dll+0x1bc5d5]
V  [jvm.dll+0x21a030]
V  [jvm.dll+0x21931f]
V  [jvm.dll+0x1a49e0]
V  [jvm.dll+0x229a6a]
V  [jvm.dll+0x227c1b]
V  [jvm.dll+0x7f0d18]
V  [jvm.dll+0x7eb17c]
V  [jvm.dll+0x683c07]
C  [ucrtbase.dll+0x2cd30]
C  [KERNEL32.DLL+0x2ccb7]
C  [ntdll.dll+0xaad6c]


siginfo: EXCEPTION_ACCESS_VIOLATION (0xc0000005), writing address 0x00007ffc4733dfd0


Registers:
RAX=0x4e55642e45706f6f, RBX=0x000001d284509e70, RCX=0x00007ffc4733dfd0, RDX=0x4e55646e45706f6f
RSP=0x0000002129efbe50, RBP=0x0000000000000026, RSI=0x0000002129efc120, RDI=0x00000000000005e6
R8 =0x0000004000000000, R9 =0x000001d2844857b0, R10=0x0000000000001e3f, R11=0x000001d284392010
R12=0x0000000000000000, R13=0x000001d2f5a19c40, R14=0x000000000003afc0, R15=0x0000002129efc58c
RIP=0x00007ffc46b9980c, EFLAGS=0x0000000000010206

XMM[0]=0x0000000000000000 0x0000000000000000
XMM[1]=0x0000000000000000 0x3ef5152c3b17c48f
XMM[2]=0x0000000000000000 0x3f1b981740000000
XMM[3]=0x0000000000000000 0x3fc435e507600000
XMM[4]=0x0000000000000000 0x0000000000000000
XMM[5]=0x0000000000000000 0x0000000000000000
XMM[6]=0x0000000000000000 0x0000000000000000
XMM[7]=0x0000000000000000 0x0000000000000000
XMM[8]=0x0000000000000000 0x4733426172c74d82
XMM[9]=0x0000000000000000 0x46293e5939a08cea
XMM[10]=0x0000000000000000 0x4008000000000000
XMM[11]=0x0000000000000000 0x4376345785d8a000
XMM[12]=0x0000000000000000 0x4202a05f20000000
XMM[13]=0x0000000000000000 0x40cf400000000000
XMM[14]=0x0000000000000000 0x3ef00000c06a1ef5
XMM[15]=0x0000000000000000 0x0000000000000000
  MXCSR=0x00001fa0


Register to memory mapping:

RIP=0x00007ffc46b9980c jvm.dll
RAX=0x4e55642e45706f6f is an unknown value
RBX=0x000001d284509e70 points into unknown readable memory: 0x3ef806d685b864de | de 64 b8 85 d6 06 f8 3e
RCX=0x00007ffc4733dfd0 jvm.dll
RDX=0x4e55646e45706f6f is an unknown value
RSP=0x0000002129efbe50 is pointing into the stack for thread: 0x000001d2e30f18d0
RBP=0x0000000000000026 is an unknown value
RSI=0x0000002129efc120 is pointing into the stack for thread: 0x000001d2e30f18d0
RDI=0x00000000000005e6 is an unknown value
R8 =0x0000004000000000 is an unknown value
R9 =0x000001d2844857b0 points into unknown readable memory: 0x000000170000000f | 0f 00 00 00 17 00 00 00
R10=0x0000000000001e3f is an unknown value
R11=0x000001d284392010 points into unknown readable memory: 0x0000001f00000008 | 08 00 00 00 1f 00 00 00
R12=0x0 is NULL
R13=0x000001d2f5a19c40 points into unknown readable memory: 0x0000002100000200 | 00 02 00 00 21 00 00 00
R14=0x000000000003afc0 is an unknown value
R15=0x0000002129efc58c is pointing into the stack for thread: 0x000001d2e30f18d0


Top of Stack: (sp=0x0000002129efbe50)
0x0000002129efbe50:   0000002129efc120 00000000000005e6
0x0000002129efbe60:   00007ffc47166e20 00007ffc46a497d2
0x0000002129efbe70:   0000000000000000 0000000100001e3f
0x0000002129efbe80:   0000001f0000001f 000001d2f64c9960
0x0000002129efbe90:   000001d2f88f9690 000001d284392010
0x0000002129efbea0:   0000002129efc5b0 00007ffc469ecf47
0x0000002129efbeb0:   00000000000005e6 0000002129efbfb0
0x0000002129efbec0:   0000002129efc4e0 0000002129efc4d0
0x0000002129efbed0:   0000000000000000 00000004000015ca
0x0000002129efbee0:   0000001600000016 000001d2ef0ddac0
0x0000002129efbef0:   000001d2f88fb1e8 000001d284392fb0
0x0000002129efbf00:   0000002129efc120 0000002129efbf40
0x0000002129efbf10:   000001d2f5d4a3b8 000001d2f5d4a3b8
0x0000002129efbf20:   000001d2ea9e2330 0000000000000002
0x0000002129efbf30:   000001d2ecef0000 0000000000000000
0x0000002129efbf40:   0000000000000000 0000000000000000
0x0000002129efbf50:   0000000000000000 00007ffc47166e20
0x0000002129efbf60:   0000000000000000 0000000000000000
0x0000002129efbf70:   0000000000000000 00007ffc47166e20
0x0000002129efbf80:   0000000000000000 00007ffc46951a01
0x0000002129efbf90:   0000000000000000 0000000000000000
0x0000002129efbfa0:   0000000000000000 0000000000000000
0x0000002129efbfb0:   0000000000000000 0000000000000000
0x0000002129efbfc0:   0000000000000000 0000000000000000
0x0000002129efbfd0:   0000000000000000 0000000000000000
0x0000002129efbfe0:   0000000000000000 0000000000000000
0x0000002129efbff0:   0000000000000000 0000000000000000
0x0000002129efc000:   0000000000000000 0000000000000000
0x0000002129efc010:   0000000000000000 0000000000000000
0x0000002129efc020:   0000000000000000 0000000000000000
0x0000002129efc030:   000001d2f5a19c30 0000002129efc5b0
0x0000002129efc040:   0000002129efc150 00007ffc469ec5d5 

Instructions: (pc=0x00007ffc46b9980c)
0x00007ffc46b9970c:   34 ad 00 00 00 00 4c 03 f5 8b cd 83 e1 1f 49 c1
0x00007ffc46b9971c:   e6 05 48 8b fd 4c 8d 04 98 8b 04 98 48 69 dd b0
0x00007ffc46b9972c:   00 00 00 0f ab c8 41 89 00 4c 8b 5e 10 48 03 5e
0x00007ffc46b9973c:   20 4d 03 de 41 83 3b 00 0f 84 28 01 00 00 33 d2
0x00007ffc46b9974c:   b9 04 00 00 00 48 89 54 24 20 44 8b c2 89 54 24
0x00007ffc46b9975c:   28 44 8b ca 48 89 4c 24 2c 83 e5 3f 45 8b 53 04
0x00007ffc46b9976c:   44 89 54 24 34 48 89 54 24 38 49 8b 43 08 48 89
0x00007ffc46b9977c:   44 24 40 4c 89 5c 24 48 48 85 d2 74 1b 48 0f bc
0x00007ffc46b9978c:   c2 8b c8 48 d3 ea 48 ff ca 44 03 c0 48 89 54 24
0x00007ffc46b9979c:   20 44 89 44 24 28 eb 1b 83 f9 04 72 09 45 3b ca
0x00007ffc46b997ac:   0f 83 c0 00 00 00 48 8d 4c 24 20 e8 04 45 00 00
0x00007ffc46b997bc:   44 8b c0 45 85 c0 0f 84 aa 00 00 00 45 8b d0 48
0x00007ffc46b997cc:   8b cf 48 c1 e9 08 41 b8 01 00 00 00 4f 8d 0c 92
0x00007ffc46b997dc:   49 c1 e1 05 4c 03 4e 10 49 8b 41 08 48 8b 14 c8
0x00007ffc46b997ec:   48 8b cd 49 d3 e0 48 8b c7 48 c1 e8 06 83 e0 03
0x00007ffc46b997fc:   48 8d 0c c2 49 8b c0 48 8b 11 48 f7 d0 48 23 c2
0x00007ffc46b9980c:   48 89 01 49 85 d0 74 03 41 ff 09 0f b7 8b 9c 00
0x00007ffc46b9981c:   00 00 49 69 d2 b0 00 00 00 48 03 56 20 f7 83 a8
0x00007ffc46b9982c:   00 00 00 00 02 00 00 0f b7 82 9c 00 00 00 75 13
0x00007ffc46b9983c:   f7 82 a8 00 00 00 00 02 00 00 75 07 3b c8 0f 47
0x00007ffc46b9984c:   c1 eb 03 0f af c1 29 42 34 44 8b 54 24 34 44 8b
0x00007ffc46b9985c:   4c 24 30 8b 4c 24 2c 44 8b 44 24 28 48 8b 54 24
0x00007ffc46b9986c:   20 e9 12 ff ff ff 48 8b 46 10 48 8b 5c 24 60 49
0x00007ffc46b9987c:   03 c6 48 8b 6c 24 68 48 8b 74 24 70 48 8b 7c 24
0x00007ffc46b9988c:   78 48 83 c4 50 41 5e c3 cc cc cc cc cc cc cc cc
0x00007ffc46b9989c:   cc cc cc cc 48 89 5c 24 08 48 8b 59 10 41 8b c0
0x00007ffc46b998ac:   44 8b da 4b 8d 0c 9b 48 c1 e1 05 44 8b 14 19 48
0x00007ffc46b998bc:   8d 0c 80 48 c1 e1 05 8b c2 44 3b 14 19 41 0f 46
0x00007ffc46b998cc:   c0 45 0f 46 c3 8b d0 48 c1 e8 08 4b 8d 0c 80 44
0x00007ffc46b998dc:   8b c2 48 c1 e1 05 49 c1 e8 06 41 83 e0 03 48 8b
0x00007ffc46b998ec:   4c 19 08 48 8b 5c 24 08 48 8b 0c c1 0f b6 c2 24
0x00007ffc46b998fc:   3f 0f b6 d0 33 c0 4a 8b 0c c1 48 0f a3 d1 0f 92 


Stack slot to memory mapping:
stack at sp + 0 slots: 0x0000002129efc120 is pointing into the stack for thread: 0x000001d2e30f18d0
stack at sp + 1 slots: 0x00000000000005e6 is an unknown value
stack at sp + 2 slots: 0x00007ffc47166e20 jvm.dll
stack at sp + 3 slots: 0x00007ffc46a497d2 jvm.dll
stack at sp + 4 slots: 0x0 is NULL
stack at sp + 5 slots: 0x0000000100001e3f is an unknown value
stack at sp + 6 slots: 0x0000001f0000001f is an unknown value
stack at sp + 7 slots: 0x000001d2f64c9960 points into unknown readable memory: 0x8000000000000000 | 00 00 00 00 00 00 00 80


---------------  P R O C E S S  ---------------

Threads class SMR info:
_java_thread_list=0x000001d2f604f050, length=463, elements={
0x000001d2885df070, 0x000001d2ad3b7da0, 0x000001d2ad3b8ff0, 0x000001d2e30e6fa0,
0x000001d2e30e7480, 0x000001d2e30e94e0, 0x000001d2e30ee540, 0x000001d2e30f18d0,
0x000001d2e30f74f0, 0x000001d2e30f8580, 0x000001d2e329d780, 0x000001d2e329e6b0,
0x000001d2e329dc90, 0x000001d2e329ebc0, 0x000001d2e329f0d0, 0x000001d2e91979b0,
0x000001d2e9199300, 0x000001d2e9198df0, 0x000001d2e9196060, 0x000001d2e9199810,
0x000001d2e9197ec0, 0x000001d2eddad870, 0x000001d2e8c18f40, 0x000001d2efb31fa0,
0x000001d2efb31070, 0x000001d2efb31580, 0x000001d2efb31a90, 0x000001d2efb324b0,
0x000001d2e9196a80, 0x000001d2ece108a0, 0x000001d2f0cdbf90, 0x000001d2f0cd9710,
0x000001d2f0cdc4a0, 0x000001d2f0cd9200, 0x000001d2f0cd9c20, 0x000001d2f0cda130,
0x000001d2f0cdc9b0, 0x000001d2f0cdddf0, 0x000001d2f0cdb570, 0x000001d2f0cda640,
0x000001d2f0cde810, 0x000001d2f0cdcec0, 0x000001d2f0cdd8e0, 0x000001d2f0cde300,
0x000001d2f0cdb060, 0x000001d2f0ce0b80, 0x000001d2f0ce1090, 0x000001d2f0ce15a0,
0x000001d2f0ce24d0, 0x000001d2f0cded20, 0x000001d2f0ce29e0, 0x000001d2f0cdfc50,
0x000001d2f0ce0160, 0x000001d2f0ce3910, 0x000001d2f71550d0, 0x000001d2f7156000,
0x000001d2f7154bc0, 0x000001d2f7153270, 0x000001d2faba02e0, 0x000001d2efb56b80,
0x000001d2edf57670, 0x000001d2ef1ac4b0, 0x000001d2f02c9bf0, 0x000001d2f6ee3130,
0x000001d2f9a42160, 0x000001d2f8af1530, 0x000001d2f8d79d20, 0x000001d2f5500710,
0x000001d2f59ab350, 0x000001d2f0103df0, 0x000001d2feb16910, 0x000001d2f9a42670,
0x000001d2f9a435a0, 0x000001d2fb3454c0, 0x000001d2f0105740, 0x000001d2f8d79300,
0x000001d2f0104810, 0x000001d2ee817870, 0x000001d2feb13b80, 0x000001d2feb14090,
0x000001d2f7ffc9b0, 0x000001d2fc930fb0, 0x000001d2f74e36d0, 0x000001d2f8af1a40,
0x000001d2f7747f80, 0x000001d2f7745c10, 0x000001d2f77451f0, 0x000001d2f8af2460,
0x000001d2f8aeecb0, 0x000001d2f8af00f0, 0x000001d2f8af0b10, 0x000001d2f8af1020,
0x000001d2f06f5170, 0x000001d2f06f6ac0, 0x000001d2f6ee63d0, 0x000001d2eced0b80,
0x000001d2f63a9c80, 0x000001d2f63aac70, 0x000001d2eced1090, 0x000001d2eced15a0,
0x000001d2eced1fc0, 0x000001d2ef445b80, 0x000001d2ef443810, 0x000001d2ef445160,
0x000001d2ef446ab0, 0x000001d2ef445670, 0x000001d2ef4465a0, 0x000001d2ef446fc0,
0x000001d2ef443d20, 0x000001d2ef446090, 0x000001d2ef444230, 0x000001d2ef444740,
0x000001d2ef444c50, 0x000001d2fa772140, 0x000001d2fa772650, 0x000001d2fa7744b0,
0x000001d2fa772b60, 0x000001d2fa774ed0, 0x000001d2fa773a90, 0x000001d2fa773070,
0x000001d2fa771c30, 0x000001d2fa773580, 0x000001d2fa7749c0, 0x000001d2fa7753e0,
0x000001d2fa773fa0, 0x000001d2fa728d30, 0x000001d2fa727e00, 0x000001d2fa728310,
0x000001d2fa728820, 0x000001d2fa729240, 0x000001d2fa729c60, 0x000001d2fa7273e0,
0x000001d2fa72a170, 0x000001d2fa7278f0, 0x000001d2fa726ed0, 0x000001d2fa7269c0,
0x000001d2f8d779b0, 0x000001d2f8d7a740, 0x000001d2f8d783d0, 0x000001d2f8d7a230,
0x000001d2f8d7ac50, 0x000001d2f8d788e0, 0x000001d2f8d79810, 0x000001d2f8d7b160,
0x000001d2f8d77ec0, 0x000001d2f6b32150, 0x000001d2f6b349d0, 0x000001d2f6b34ee0,
0x000001d2f6b33fb0, 0x000001d2f6b353f0, 0x000001d2f6b33590, 0x000001d2f6b33aa0,
0x000001d2f6b33080, 0x000001d2f63aa720, 0x000001d2f5791110, 0x000001d2f7e943c0,
0x000001d2f7e95900, 0x000001d2f8aefbe0, 0x000001d2f7ffc4a0, 0x000001d2eb8bd430,
0x000001d2eb8bbae0, 0x000001d2eb8bd940, 0x000001d2eb8bbff0, 0x000001d2f7746120,
0x000001d2f7747a70, 0x000001d2f7745700, 0x000001d2f7746b40, 0x000001d2f7747050,
0x000001d2f7747560, 0x000001d2f77447d0, 0x000001d2f065cc70, 0x000001d2f7744ce0,
0x000001d2eb9a3470, 0x000001d2eb9a4dc0, 0x000001d2eb9a57e0, 0x000001d2eb9a43a0,
0x000001d2eb9a2a50, 0x000001d2eb9a2f60, 0x000001d2eb9a48b0, 0x000001d2eb9a3980,
0x000001d2eb9a3e90, 0x000001d2eb9a2540, 0x000001d2eb9a52d0, 0x000001d2eb9a5cf0,
0x000001d2eba44530, 0x000001d2eba44a40, 0x000001d2eba45970, 0x000001d2eba44f50,
0x000001d2eba46390, 0x000001d2eba45460, 0x000001d2ffac5480, 0x000001d2ffac5990,
0x000001d2ffac5ea0, 0x000001d2ffac63b0, 0x000001d2ffac3b30, 0x000001d2ffac2c00,
0x000001d2ffac3110, 0x000001d2ffac3620, 0x000001d2ffac4040, 0x000001d2ffac4550,
0x000001d2ffac4a60, 0x000001d2eae5fcc0, 0x000001d2eae5f7b0, 0x000001d2eae61100,
0x000001d2eae601d0, 0x000001d2eae5ed90, 0x000001d2eae61610, 0x000001d2eae5f2a0,
0x000001d2eae61b20, 0x000001d2eae5e880, 0x000001d2eae606e0, 0x000001d2f02ca610,
0x000001d2f02cbf60, 0x000001d2f02cb540, 0x000001d2f02ca100, 0x000001d2f02cb030,
0x000001d2edf54df0, 0x000001d2edf548e0, 0x000001d2edf56740, 0x000001d2edf55810,
0x000001d2edf55d20, 0x000001d2edf57b80, 0x000001d2edf56230, 0x000001d2edf57160,
0x000001d2edf543d0, 0x000001d2edf55300, 0x000001d2fc8ff390, 0x000001d2fc8fdf50,
0x000001d2fc8fd020, 0x000001d2fc8fee80, 0x000001d2fc8fe460, 0x000001d2fc8fd530,
0x000001d2ee286080, 0x000001d2fa4f1a50, 0x000001d2fa4f2470, 0x000001d2fa4f1f60,
0x000001d2e37a0f70, 0x000001d2e37a1ea0, 0x000001d2e37a0550, 0x000001d2e37a23b0,
0x000001d2e37a0a60, 0x000001d2e37a1480, 0x000001d2e37a1990, 0x000001d2e37a28c0,
0x000001d2e379f110, 0x000001d2e379f620, 0x000001d2e379fb30, 0x000001d2e37a0040,
0x000001d2f72dcf90, 0x000001d2f72df300, 0x000001d2f72df810, 0x000001d2f72dd9b0,
0x000001d2f72ddec0, 0x000001d2f72dc060, 0x000001d2f72de8e0, 0x000001d2f72dedf0,
0x000001d2f72dd4a0, 0x000001d2f72dc570, 0x000001d2f72dca80, 0x000001d2ef1ad8f0,
0x000001d2ef1ade00, 0x000001d2ef1ae310, 0x000001d2ef1ae820, 0x000001d2ef1aba90,
0x000001d2ed6072c0, 0x000001d2ed6077d0, 0x000001d2ed605e80, 0x000001d2ed6068a0,
0x000001d2f07d47a0, 0x000001d2f07d4290, 0x000001d2f07d4cb0, 0x000001d2f07d51c0,
0x000001d2f07d60f0, 0x000001d2f07d5be0, 0x000001d2f07d3870, 0x000001d2f07d3d80,
0x000001d2f07d56d0, 0x000001d2f07d6600, 0x000001d2f07d6b10, 0x000001d2f07d3360,
0x000001d2edece1f0, 0x000001d2edecec10, 0x000001d2edeccdb0, 0x000001d2edecdce0,
0x000001d2edecd2c0, 0x000001d2edecd7d0, 0x000001d2edecf120, 0x000001d2edecf630,
0x000001d2edece700, 0x000001d2edecfb40, 0x000001d2eded0050, 0x000001d2edecc8a0,
0x000001d2ecdec730, 0x000001d2ecdea3c0, 0x000001d2ecdea8d0, 0x000001d2f6279080,
0x000001d2f62785e0, 0x000001d2ecdeade0, 0x000001d2f6279b20, 0x000001d2eb9af810,
0x000001d2ecdec220, 0x000001d2ecde9490, 0x000001d2ecde99a0, 0x000001d2ecdebd10,
0x000001d2ecdeb2f0, 0x000001d2ecdeb800, 0x000001d2ecdecc40, 0x000001d2ecde9eb0,
0x000001d2fb33e3b0, 0x000001d2fb33d990, 0x000001d2fb33dea0, 0x000001d2fb340720,
0x000001d2fb33e8c0, 0x000001d2fb33edd0, 0x000001d2fb340c30, 0x000001d2fb33f2e0,
0x000001d2fb33d480, 0x000001d2fb33f7f0, 0x000001d2fb33fd00, 0x000001d2fb340210,
0x000001d2eabdbb30, 0x000001d2eabdd990, 0x000001d2f9a43090, 0x000001d2f9a42b80,
0x000001d2fc1e7820, 0x000001d2faba07f0, 0x000001d2fab9eea0, 0x000001d2faba1720,
0x000001d2fab9f3b0, 0x000001d2faba1c30, 0x000001d2fab9f8c0, 0x000001d2fab9fdd0,
0x000001d2fab9e480, 0x000001d2faba0d00, 0x000001d2fab9e990, 0x000001d2f06f5680,
0x000001d2f06f5b90, 0x000001d2fa71adf0, 0x000001d2fa718a80, 0x000001d2fa71a8e0,
0x000001d2fa718f90, 0x000001d2fa71b300, 0x000001d2fa717b50, 0x000001d2fa7194a0,
0x000001d2fa718060, 0x000001d2fa719ec0, 0x000001d2fa71a3d0, 0x000001d2fa718570,
0x000001d2fa7199b0, 0x000001d2ef069e70, 0x000001d2ef06a890, 0x000001d2ef06b2b0,
0x000001d2ef068a30, 0x000001d2ef068f40, 0x000001d2ef069450, 0x000001d2ef06ada0,
0x000001d2ef069960, 0x000001d2ef06a380, 0x000001d2eabddea0, 0x000001d2eabdc040,
0x000001d2eabdb110, 0x000001d2eabdc550, 0x000001d2eabdca60, 0x000001d2ed132970,
0x000001d2ed132e80, 0x000001d2ed1342c0, 0x000001d2ed1338a0, 0x000001d2fb2698d0,
0x000001d2fb26ad10, 0x000001d2ef067b00, 0x000001d2ef068010, 0x000001d2ef068520,
0x000001d2f76d8900, 0x000001d2f76da250, 0x000001d2f76d9830, 0x000001d2f76da760,
0x000001d2f76d9320, 0x000001d2f76dac70, 0x000001d2f76d8e10, 0x000001d2f76d9d40,
0x000001d2f76db180, 0x000001d2f76db690, 0x000001d2f76dbba0, 0x000001d2f76dc0b0,
0x000001d2ebec0750, 0x000001d2ebec2fd0, 0x000001d2ebec1680, 0x000001d2ebebf820,
0x000001d2ebec0c60, 0x000001d2ebec1170, 0x000001d2ebec20a0, 0x000001d2ebec1b90,
0x000001d2ebec25b0, 0x000001d2ec3e33d0, 0x000001d2ec3e4300, 0x000001d2ec3e38e0,
0x000001d2ec3e3df0, 0x000001d2ec3e5230, 0x000001d2ec3e29b0, 0x000001d2ec3e4810,
0x000001d2ec3e5c50, 0x000001d2ec3e4d20, 0x000001d2ec3e5740, 0x000001d2ecd93d90,
0x000001d2ecd942a0, 0x000001d2ecd947b0, 0x000001d2ecd96100, 0x000001d2ecd94cc0,
0x000001d2ecd951d0, 0x000001d2ecd96610, 0x000001d2ecd97030, 0x000001d2ecd956e0,
0x000001d2ecd95bf0, 0x000001d2ecd96b20, 0x000001d2ecd93880, 0x000001d2eae752d0,
0x000001d2eae748b0, 0x000001d2eae72540, 0x000001d2eae72f60, 0x000001d2eae73980,
0x000001d2eae757e0, 0x000001d2eae72030, 0x000001d2eae72a50, 0x000001d2eae73470,
0x000001d2eae73e90, 0x000001d2eae743a0, 0x000001d2eae74dc0, 0x000001d2fbead300,
0x000001d2fbea9b50, 0x000001d2fbeaaa80, 0x000001d2fbeaaf90, 0x000001d2fbeac8e0,
0x000001d2fbeaa060, 0x000001d2fbeac3d0, 0x000001d2fbeaa570, 0x000001d2fbeab4a0,
0x000001d2fbeabec0, 0x000001d2fbeab9b0, 0x000001d2fbeacdf0, 0x000001d2fa9a28b0,
0x000001d2fa9a0a50, 0x000001d2fa9a1980, 0x000001d2fa9a0540, 0x000001d2fa9a0f60,
0x000001d2fa9a23a0, 0x000001d2fa9a2dc0, 0x000001d2fa9a37e0, 0x000001d2fa9a32d0,
0x000001d2fa9a1e90, 0x000001d2fa9a1470, 0x000001d2fa9a0030, 0x000001d2f71be780,
0x000001d2f71bdd60, 0x000001d2f71be270, 0x000001d2f71bc410, 0x000001d2f8d78df0,
0x000001d2eaa17b30, 0x000001d2eaa18f70, 0x000001d2eaa18550, 0x000001d2eaa19480,
0x000001d2eaa18a60, 0x000001d2eaa18040, 0x000001d2f7e93920
}

Java Threads: ( => current thread )
  0x000001d2885df070 JavaThread "main" [_thread_blocked, id=20452, stack(0x0000002129100000,0x0000002129200000)]
  0x000001d2ad3b7da0 JavaThread "Reference Handler" daemon [_thread_blocked, id=38724, stack(0x0000002129800000,0x0000002129900000)]
  0x000001d2ad3b8ff0 JavaThread "Finalizer" daemon [_thread_blocked, id=6116, stack(0x0000002129900000,0x0000002129a00000)]
  0x000001d2e30e6fa0 JavaThread "Signal Dispatcher" daemon [_thread_blocked, id=15564, stack(0x0000002129a00000,0x0000002129b00000)]
  0x000001d2e30e7480 JavaThread "Attach Listener" daemon [_thread_blocked, id=24524, stack(0x0000002129b00000,0x0000002129c00000)]
  0x000001d2e30e94e0 JavaThread "Service Thread" daemon [_thread_blocked, id=39460, stack(0x0000002129c00000,0x0000002129d00000)]
  0x000001d2e30ee540 JavaThread "Monitor Deflation Thread" daemon [_thread_blocked, id=17320, stack(0x0000002129d00000,0x0000002129e00000)]
=>0x000001d2e30f18d0 JavaThread "C2 CompilerThread0" daemon [_thread_in_native, id=9352, stack(0x0000002129e00000,0x0000002129f00000)]
  0x000001d2e30f74f0 JavaThread "C1 CompilerThread0" daemon [_thread_blocked, id=38676, stack(0x0000002129f00000,0x000000212a000000)]
  0x000001d2e30f8580 JavaThread "Sweeper thread" daemon [_thread_blocked, id=23860, stack(0x000000212a000000,0x000000212a100000)]
  0x000001d2e329d780 JavaThread "Common-Cleaner" daemon [_thread_blocked, id=21932, stack(0x000000212a200000,0x000000212a300000)]
  0x000001d2e329e6b0 JavaThread "Notification Thread" daemon [_thread_blocked, id=18172, stack(0x000000212a600000,0x000000212a700000)]
  0x000001d2e329dc90 JavaThread "Daemon health stats" [_thread_blocked, id=38956, stack(0x000000212b500000,0x000000212b600000)]
  0x000001d2e329ebc0 JavaThread "Incoming local TCP Connector on port 49602" [_thread_in_native, id=27696, stack(0x000000212b600000,0x000000212b700000)]
  0x000001d2e329f0d0 JavaThread "Daemon periodic checks" [_thread_blocked, id=20448, stack(0x000000212b700000,0x000000212b800000)]
  0x000001d2e91979b0 JavaThread "Cache worker for journal cache (C:\dev\gradle-home\caches\journal-1)" [_thread_blocked, id=3716, stack(0x000000212bf00000,0x000000212c000000)]
  0x000001d2e9199300 JavaThread "File lock request listener" [_thread_in_native, id=13960, stack(0x000000212c000000,0x000000212c100000)]
  0x000001d2e9198df0 JavaThread "Cache worker for file hash cache (C:\dev\gradle-home\caches\8.11.1\fileHashes)" [_thread_blocked, id=17264, stack(0x000000212c100000,0x000000212c200000)]
  0x000001d2e9196060 JavaThread "Cache worker for file content cache (C:\dev\gradle-home\caches\8.11.1\fileContent)" [_thread_blocked, id=2920, stack(0x000000212c200000,0x000000212c300000)]
  0x000001d2e9199810 JavaThread "File watcher server" daemon [_thread_in_native, id=39468, stack(0x000000212d600000,0x000000212d700000)]
  0x000001d2e9197ec0 JavaThread "File watcher consumer" daemon [_thread_blocked, id=672, stack(0x000000212d700000,0x000000212d800000)]
  0x000001d2eddad870 JavaThread "Memory manager" [_thread_blocked, id=9376, stack(0x0000002132f00000,0x0000002133000000)]
  0x000001d2e8c18f40 JavaThread "jar transforms" [_thread_blocked, id=38588, stack(0x000000213fa00000,0x000000213fb00000)]
  0x000001d2efb31fa0 JavaThread "jar transforms Thread 2" [_thread_blocked, id=13596, stack(0x0000002144200000,0x0000002144300000)]
  0x000001d2efb31070 JavaThread "jar transforms Thread 3" [_thread_blocked, id=4120, stack(0x0000002144300000,0x0000002144400000)]
  0x000001d2efb31580 JavaThread "jar transforms Thread 4" [_thread_blocked, id=10804, stack(0x0000002144400000,0x0000002144500000)]
  0x000001d2efb31a90 JavaThread "jar transforms Thread 5" [_thread_blocked, id=3760, stack(0x0000002141700000,0x0000002141800000)]
  0x000001d2efb324b0 JavaThread "jar transforms Thread 6" [_thread_blocked, id=21136, stack(0x0000002144500000,0x0000002144600000)]
  0x000001d2e9196a80 JavaThread "jar transforms Thread 7" [_thread_blocked, id=21352, stack(0x0000002144900000,0x0000002144a00000)]
  0x000001d2ece108a0 JavaThread "jar transforms Thread 8" [_thread_blocked, id=13028, stack(0x000000212b300000,0x000000212b400000)]
  0x000001d2f0cdbf90 JavaThread "jar transforms Thread 9" [_thread_blocked, id=18272, stack(0x000000213bd00000,0x000000213be00000)]
  0x000001d2f0cd9710 JavaThread "jar transforms Thread 10" [_thread_blocked, id=32308, stack(0x000000213f900000,0x000000213fa00000)]
  0x000001d2f0cdc4a0 JavaThread "jar transforms Thread 11" [_thread_blocked, id=26608, stack(0x0000002144d00000,0x0000002144e00000)]
  0x000001d2f0cd9200 JavaThread "jar transforms Thread 12" [_thread_blocked, id=35860, stack(0x0000002144e00000,0x0000002144f00000)]
  0x000001d2f0cd9c20 JavaThread "jar transforms Thread 13" [_thread_blocked, id=17880, stack(0x0000002144f00000,0x0000002145000000)]
  0x000001d2f0cda130 JavaThread "jar transforms Thread 14" [_thread_blocked, id=6200, stack(0x0000002145000000,0x0000002145100000)]
  0x000001d2f0cdc9b0 JavaThread "jar transforms Thread 15" [_thread_blocked, id=23512, stack(0x0000002145100000,0x0000002145200000)]
  0x000001d2f0cdddf0 JavaThread "jar transforms Thread 16" [_thread_blocked, id=33236, stack(0x0000002145200000,0x0000002145300000)]
  0x000001d2f0cdb570 JavaThread "jar transforms Thread 17" [_thread_blocked, id=38720, stack(0x0000002145300000,0x0000002145400000)]
  0x000001d2f0cda640 JavaThread "jar transforms Thread 18" [_thread_blocked, id=20860, stack(0x0000002145400000,0x0000002145500000)]
  0x000001d2f0cde810 JavaThread "jar transforms Thread 19" [_thread_blocked, id=26896, stack(0x0000002145500000,0x0000002145600000)]
  0x000001d2f0cdcec0 JavaThread "jar transforms Thread 20" [_thread_blocked, id=13532, stack(0x0000002145600000,0x0000002145700000)]
  0x000001d2f0cdd8e0 JavaThread "jar transforms Thread 21" [_thread_blocked, id=11988, stack(0x0000002145700000,0x0000002145800000)]
  0x000001d2f0cde300 JavaThread "jar transforms Thread 22" [_thread_blocked, id=14488, stack(0x0000002145a00000,0x0000002145b00000)]
  0x000001d2f0cdb060 JavaThread "jar transforms Thread 23" [_thread_blocked, id=27384, stack(0x0000002145b00000,0x0000002145c00000)]
  0x000001d2f0ce0b80 JavaThread "jar transforms Thread 24" [_thread_blocked, id=4640, stack(0x0000002144c00000,0x0000002144d00000)]
  0x000001d2f0ce1090 JavaThread "jar transforms Thread 25" [_thread_blocked, id=17160, stack(0x000000212a400000,0x000000212a500000)]
  0x000001d2f0ce15a0 JavaThread "jar transforms Thread 26" [_thread_blocked, id=26560, stack(0x0000002144700000,0x0000002144800000)]
  0x000001d2f0ce24d0 JavaThread "jar transforms Thread 27" [_thread_blocked, id=652, stack(0x0000002145800000,0x0000002145900000)]
  0x000001d2f0cded20 JavaThread "jar transforms Thread 28" [_thread_blocked, id=38464, stack(0x0000002145900000,0x0000002145a00000)]
  0x000001d2f0ce29e0 JavaThread "jar transforms Thread 29" [_thread_blocked, id=644, stack(0x0000002145c00000,0x0000002145d00000)]
  0x000001d2f0cdfc50 JavaThread "jar transforms Thread 30" [_thread_blocked, id=3616, stack(0x0000002144b00000,0x0000002144c00000)]
  0x000001d2f0ce0160 JavaThread "jar transforms Thread 31" [_thread_blocked, id=38636, stack(0x0000002145e00000,0x0000002145f00000)]
  0x000001d2f0ce3910 JavaThread "jar transforms Thread 32" [_thread_blocked, id=12204, stack(0x0000002145f00000,0x0000002146000000)]
  0x000001d2f71550d0 JavaThread "RMI Scheduler(0)" daemon [_thread_blocked, id=2840, stack(0x0000002146100000,0x0000002146200000)]
  0x000001d2f7156000 JavaThread "RMI GC Daemon" daemon [_thread_blocked, id=35228, stack(0x0000002146600000,0x0000002146700000)]
  0x000001d2f7154bc0 JavaThread "RMI TCP Accept-0" daemon [_thread_in_native, id=3112, stack(0x0000002146700000,0x0000002146800000)]
  0x000001d2f7153270 JavaThread "RMI Reaper" [_thread_blocked, id=36352, stack(0x0000002147a00000,0x0000002147b00000)]
  0x000001d2faba02e0 JavaThread "Cache worker for Java compile cache (C:\dev\gradle-home\caches\8.11.1\javaCompile)" [_thread_blocked, id=36820, stack(0x0000002139f00000,0x000000213a000000)]
  0x000001d2efb56b80 JavaThread "ForkJoinPool.commonPool-worker-1" daemon [_thread_blocked, id=15988, stack(0x000000214b600000,0x000000214b700000)]
  0x000001d2edf57670 JavaThread "ForkJoinPool.commonPool-worker-3" daemon [_thread_blocked, id=2548, stack(0x000000214bd00000,0x000000214be00000)]
  0x000001d2ef1ac4b0 JavaThread "ForkJoinPool.commonPool-worker-8" daemon [_thread_blocked, id=38996, stack(0x000000214c200000,0x000000214c300000)]
  0x000001d2f02c9bf0 JavaThread "ForkJoinPool.commonPool-worker-9" daemon [_thread_blocked, id=8672, stack(0x000000214c300000,0x000000214c400000)]
  0x000001d2f6ee3130 JavaThread "ForkJoinPool.commonPool-worker-10" daemon [_thread_blocked, id=39484, stack(0x000000214c400000,0x000000214c500000)]
  0x000001d2f9a42160 JavaThread "ForkJoinPool.commonPool-worker-11" daemon [_thread_blocked, id=35452, stack(0x000000214c500000,0x000000214c600000)]
  0x000001d2f8af1530 JavaThread "ForkJoinPool.commonPool-worker-12" daemon [_thread_blocked, id=35440, stack(0x000000214c600000,0x000000214c700000)]
  0x000001d2f8d79d20 JavaThread "ForkJoinPool.commonPool-worker-13" daemon [_thread_blocked, id=12092, stack(0x000000214c700000,0x000000214c800000)]
  0x000001d2f5500710 JavaThread "ForkJoinPool.commonPool-worker-14" daemon [_thread_blocked, id=12488, stack(0x000000214c800000,0x000000214c900000)]
  0x000001d2f59ab350 JavaThread "ForkJoinPool.commonPool-worker-17" daemon [_thread_blocked, id=35484, stack(0x000000214cb00000,0x000000214cc00000)]
  0x000001d2f0103df0 JavaThread "ForkJoinPool.commonPool-worker-18" daemon [_thread_blocked, id=35528, stack(0x000000214cc00000,0x000000214cd00000)]
  0x000001d2feb16910 JavaThread "ForkJoinPool.commonPool-worker-19" daemon [_thread_blocked, id=20516, stack(0x000000214cd00000,0x000000214ce00000)]
  0x000001d2f9a42670 JavaThread "ForkJoinPool.commonPool-worker-20" daemon [_thread_blocked, id=24348, stack(0x000000214ce00000,0x000000214cf00000)]
  0x000001d2f9a435a0 JavaThread "ForkJoinPool.commonPool-worker-21" daemon [_thread_blocked, id=34992, stack(0x000000214cf00000,0x000000214d000000)]
  0x000001d2fb3454c0 JavaThread "ForkJoinPool.commonPool-worker-22" daemon [_thread_blocked, id=35000, stack(0x000000214d000000,0x000000214d100000)]
  0x000001d2f0105740 JavaThread "ForkJoinPool.commonPool-worker-23" daemon [_thread_blocked, id=21064, stack(0x000000214d100000,0x000000214d200000)]
  0x000001d2f8d79300 JavaThread "ForkJoinPool.commonPool-worker-24" daemon [_thread_blocked, id=14188, stack(0x000000214d200000,0x000000214d300000)]
  0x000001d2f0104810 JavaThread "ForkJoinPool.commonPool-worker-25" daemon [_thread_blocked, id=8396, stack(0x000000214d300000,0x000000214d400000)]
  0x000001d2ee817870 JavaThread "ForkJoinPool.commonPool-worker-26" daemon [_thread_blocked, id=39704, stack(0x000000214d400000,0x000000214d500000)]
  0x000001d2feb13b80 JavaThread "ForkJoinPool.commonPool-worker-27" daemon [_thread_blocked, id=10308, stack(0x000000214d500000,0x000000214d600000)]
  0x000001d2feb14090 JavaThread "ForkJoinPool.commonPool-worker-28" daemon [_thread_blocked, id=39920, stack(0x000000214d600000,0x000000214d700000)]
  0x000001d2f7ffc9b0 JavaThread "ForkJoinPool.commonPool-worker-29" daemon [_thread_blocked, id=38088, stack(0x000000214d700000,0x000000214d800000)]
  0x000001d2fc930fb0 JavaThread "ForkJoinPool.commonPool-worker-30" daemon [_thread_blocked, id=36376, stack(0x000000214d800000,0x000000214d900000)]
  0x000001d2f74e36d0 JavaThread "ForkJoinPool.commonPool-worker-31" daemon [_thread_blocked, id=10568, stack(0x000000214d900000,0x000000214da00000)]
  0x000001d2f8af1a40 JavaThread "Daemon Thread 3" [_thread_blocked, id=31156, stack(0x0000002128e00000,0x0000002128f00000)]
  0x000001d2f7747f80 JavaThread "Handler for socket connection from /127.0.0.1:49602 to /127.0.0.1:51937" [_thread_in_native, id=4948, stack(0x0000002128f00000,0x0000002129000000)]
  0x000001d2f7745c10 JavaThread "Cancel handler" [_thread_blocked, id=38920, stack(0x0000002129000000,0x0000002129100000)]
  0x000001d2f77451f0 JavaThread "Daemon worker Thread 3" [_thread_in_native, id=16736, stack(0x000000212a100000,0x000000212a200000)]
  0x000001d2f8af2460 JavaThread "Asynchronous log dispatcher for DefaultDaemonConnection: socket connection from /127.0.0.1:49602 to /127.0.0.1:51937" [_thread_blocked, id=11728, stack(0x000000212a300000,0x000000212a400000)]
  0x000001d2f8aeecb0 JavaThread "Stdin handler" [_thread_blocked, id=7256, stack(0x000000212a500000,0x000000212a600000)]
  0x000001d2f8af00f0 JavaThread "Daemon client event forwarder" [_thread_blocked, id=22688, stack(0x000000212b400000,0x000000212b500000)]
  0x000001d2f8af0b10 JavaThread "Cache worker for file hash cache (C:\dev\cicloplus_app\android\.gradle\8.11.1\fileHashes)" [_thread_blocked, id=2860, stack(0x000000212b800000,0x000000212b900000)]
  0x000001d2f8af1020 JavaThread "Cache worker for Build Output Cleanup Cache (C:\dev\cicloplus_app\android\.gradle\buildOutputCleanup)" [_thread_blocked, id=37996, stack(0x000000212b900000,0x000000212ba00000)]
  0x000001d2f06f5170 JavaThread "Cache worker for checksums cache (C:\dev\cicloplus_app\android\.gradle\8.11.1\checksums)" [_thread_blocked, id=33736, stack(0x000000212ba00000,0x000000212bb00000)]
  0x000001d2f06f6ac0 JavaThread "Cache worker for cache directory md-rule (C:\dev\gradle-home\caches\8.11.1\md-rule)" [_thread_blocked, id=35324, stack(0x000000212bb00000,0x000000212bc00000)]
  0x000001d2f6ee63d0 JavaThread "Cache worker for cache directory md-supplier (C:\dev\gradle-home\caches\8.11.1\md-supplier)" [_thread_blocked, id=38644, stack(0x000000212bc00000,0x000000212bd00000)]
  0x000001d2eced0b80 JavaThread "Cache worker for Build Output Cleanup Cache (C:\dev\flutter\packages\flutter_tools\gradle\.gradle\buildOutputCleanup)" [_thread_blocked, id=20924, stack(0x000000212bd00000,0x000000212be00000)]
  0x000001d2f63a9c80 JavaThread "C2 CompilerThread1" daemon [_thread_in_native, id=9092, stack(0x000000212be00000,0x000000212bf00000)]
  0x000001d2f63aac70 JavaThread "C2 CompilerThread2" daemon [_thread_in_native, id=11636, stack(0x000000212c300000,0x000000212c400000)]
  0x000001d2eced1090 JavaThread "Unconstrained build operations" [_thread_blocked, id=3472, stack(0x000000212c400000,0x000000212c500000)]
  0x000001d2eced15a0 JavaThread "Unconstrained build operations Thread 2" [_thread_blocked, id=11980, stack(0x000000212c500000,0x000000212c600000)]
  0x000001d2eced1fc0 JavaThread "Unconstrained build operations Thread 3" [_thread_blocked, id=36476, stack(0x000000212d800000,0x000000212d900000)]
  0x000001d2ef445b80 JavaThread "Unconstrained build operations Thread 4" [_thread_blocked, id=35680, stack(0x000000212d900000,0x000000212da00000)]
  0x000001d2ef443810 JavaThread "Unconstrained build operations Thread 5" [_thread_blocked, id=35628, stack(0x000000212da00000,0x000000212db00000)]
  0x000001d2ef445160 JavaThread "Unconstrained build operations Thread 6" [_thread_blocked, id=19496, stack(0x000000212db00000,0x000000212dc00000)]
  0x000001d2ef446ab0 JavaThread "Unconstrained build operations Thread 7" [_thread_blocked, id=34620, stack(0x000000212dc00000,0x000000212dd00000)]
  0x000001d2ef445670 JavaThread "Unconstrained build operations Thread 8" [_thread_blocked, id=39832, stack(0x000000212dd00000,0x000000212de00000)]
  0x000001d2ef4465a0 JavaThread "Unconstrained build operations Thread 9" [_thread_blocked, id=15980, stack(0x000000212de00000,0x000000212df00000)]
  0x000001d2ef446fc0 JavaThread "Unconstrained build operations Thread 10" [_thread_blocked, id=24708, stack(0x000000212df00000,0x000000212e000000)]
  0x000001d2ef443d20 JavaThread "Unconstrained build operations Thread 11" [_thread_blocked, id=38968, stack(0x000000212e000000,0x000000212e100000)]
  0x000001d2ef446090 JavaThread "Unconstrained build operations Thread 12" [_thread_blocked, id=39896, stack(0x000000212e100000,0x000000212e200000)]
  0x000001d2ef444230 JavaThread "Unconstrained build operations Thread 13" [_thread_blocked, id=17256, stack(0x000000212e200000,0x000000212e300000)]
  0x000001d2ef444740 JavaThread "Unconstrained build operations Thread 14" [_thread_blocked, id=38796, stack(0x000000212e300000,0x000000212e400000)]
  0x000001d2ef444c50 JavaThread "Unconstrained build operations Thread 15" [_thread_blocked, id=12956, stack(0x000000212e400000,0x000000212e500000)]
  0x000001d2fa772140 JavaThread "Unconstrained build operations Thread 16" [_thread_blocked, id=30700, stack(0x000000212e500000,0x000000212e600000)]
  0x000001d2fa772650 JavaThread "Unconstrained build operations Thread 17" [_thread_blocked, id=7924, stack(0x000000212e600000,0x000000212e700000)]
  0x000001d2fa7744b0 JavaThread "Unconstrained build operations Thread 18" [_thread_blocked, id=12500, stack(0x000000212e700000,0x000000212e800000)]
  0x000001d2fa772b60 JavaThread "Unconstrained build operations Thread 19" [_thread_blocked, id=29868, stack(0x000000212e800000,0x000000212e900000)]
  0x000001d2fa774ed0 JavaThread "Unconstrained build operations Thread 20" [_thread_blocked, id=39720, stack(0x000000212e900000,0x000000212ea00000)]
  0x000001d2fa773a90 JavaThread "Unconstrained build operations Thread 21" [_thread_blocked, id=20444, stack(0x000000212ea00000,0x000000212eb00000)]
  0x000001d2fa773070 JavaThread "Unconstrained build operations Thread 22" [_thread_blocked, id=37868, stack(0x000000212eb00000,0x000000212ec00000)]
  0x000001d2fa771c30 JavaThread "Unconstrained build operations Thread 23" [_thread_blocked, id=38648, stack(0x000000212ec00000,0x000000212ed00000)]
  0x000001d2fa773580 JavaThread "Unconstrained build operations Thread 24" [_thread_blocked, id=36432, stack(0x000000212ed00000,0x000000212ee00000)]
  0x000001d2fa7749c0 JavaThread "Unconstrained build operations Thread 25" [_thread_blocked, id=21472, stack(0x000000212ee00000,0x000000212ef00000)]
  0x000001d2fa7753e0 JavaThread "Unconstrained build operations Thread 26" [_thread_blocked, id=24608, stack(0x000000212ef00000,0x000000212f000000)]
  0x000001d2fa773fa0 JavaThread "Unconstrained build operations Thread 27" [_thread_blocked, id=11668, stack(0x000000212f000000,0x000000212f100000)]
  0x000001d2fa728d30 JavaThread "Unconstrained build operations Thread 28" [_thread_blocked, id=37632, stack(0x000000212f100000,0x000000212f200000)]
  0x000001d2fa727e00 JavaThread "Unconstrained build operations Thread 29" [_thread_blocked, id=30012, stack(0x000000212f200000,0x000000212f300000)]
  0x000001d2fa728310 JavaThread "Unconstrained build operations Thread 30" [_thread_blocked, id=4128, stack(0x000000212f300000,0x000000212f400000)]
  0x000001d2fa728820 JavaThread "Unconstrained build operations Thread 31" [_thread_blocked, id=20592, stack(0x000000212f400000,0x000000212f500000)]
  0x000001d2fa729240 JavaThread "Unconstrained build operations Thread 32" [_thread_blocked, id=10896, stack(0x000000212f500000,0x000000212f600000)]
  0x000001d2fa729c60 JavaThread "Unconstrained build operations Thread 33" [_thread_blocked, id=31324, stack(0x000000212f600000,0x000000212f700000)]
  0x000001d2fa7273e0 JavaThread "Unconstrained build operations Thread 34" [_thread_blocked, id=6700, stack(0x000000212f700000,0x000000212f800000)]
  0x000001d2fa72a170 JavaThread "Unconstrained build operations Thread 35" [_thread_blocked, id=8640, stack(0x000000212f800000,0x000000212f900000)]
  0x000001d2fa7278f0 JavaThread "Unconstrained build operations Thread 36" [_thread_blocked, id=39440, stack(0x000000212f900000,0x000000212fa00000)]
  0x000001d2fa726ed0 JavaThread "Unconstrained build operations Thread 37" [_thread_blocked, id=8792, stack(0x000000212fa00000,0x000000212fb00000)]
  0x000001d2fa7269c0 JavaThread "Unconstrained build operations Thread 38" [_thread_blocked, id=26268, stack(0x000000212fb00000,0x000000212fc00000)]
  0x000001d2f8d779b0 JavaThread "Unconstrained build operations Thread 39" [_thread_blocked, id=35300, stack(0x000000212fc00000,0x000000212fd00000)]
  0x000001d2f8d7a740 JavaThread "Unconstrained build operations Thread 40" [_thread_blocked, id=34332, stack(0x000000212fd00000,0x000000212fe00000)]
  0x000001d2f8d783d0 JavaThread "Unconstrained build operations Thread 41" [_thread_blocked, id=17284, stack(0x000000212fe00000,0x000000212ff00000)]
  0x000001d2f8d7a230 JavaThread "Unconstrained build operations Thread 42" [_thread_blocked, id=16744, stack(0x000000212ff00000,0x0000002130000000)]
  0x000001d2f8d7ac50 JavaThread "Unconstrained build operations Thread 43" [_thread_blocked, id=39684, stack(0x0000002130000000,0x0000002130100000)]
  0x000001d2f8d788e0 JavaThread "Unconstrained build operations Thread 44" [_thread_blocked, id=25840, stack(0x0000002130100000,0x0000002130200000)]
  0x000001d2f8d79810 JavaThread "Unconstrained build operations Thread 45" [_thread_blocked, id=30992, stack(0x0000002130200000,0x0000002130300000)]
  0x000001d2f8d7b160 JavaThread "Unconstrained build operations Thread 46" [_thread_blocked, id=39340, stack(0x0000002130300000,0x0000002130400000)]
  0x000001d2f8d77ec0 JavaThread "Unconstrained build operations Thread 47" [_thread_blocked, id=32348, stack(0x0000002130400000,0x0000002130500000)]
  0x000001d2f6b32150 JavaThread "Unconstrained build operations Thread 48" [_thread_blocked, id=21828, stack(0x0000002130500000,0x0000002130600000)]
  0x000001d2f6b349d0 JavaThread "Unconstrained build operations Thread 49" [_thread_blocked, id=34884, stack(0x0000002130600000,0x0000002130700000)]
  0x000001d2f6b34ee0 JavaThread "Unconstrained build operations Thread 50" [_thread_blocked, id=11608, stack(0x0000002130700000,0x0000002130800000)]
  0x000001d2f6b33fb0 JavaThread "Unconstrained build operations Thread 51" [_thread_blocked, id=11624, stack(0x0000002130800000,0x0000002130900000)]
  0x000001d2f6b353f0 JavaThread "Unconstrained build operations Thread 52" [_thread_blocked, id=39492, stack(0x0000002130900000,0x0000002130a00000)]
  0x000001d2f6b33590 JavaThread "Unconstrained build operations Thread 53" [_thread_blocked, id=10504, stack(0x0000002130a00000,0x0000002130b00000)]
  0x000001d2f6b33aa0 JavaThread "Unconstrained build operations Thread 54" [_thread_blocked, id=36544, stack(0x0000002130b00000,0x0000002130c00000)]
  0x000001d2f6b33080 JavaThread "build event listener" [_thread_blocked, id=17852, stack(0x0000002130c00000,0x0000002130d00000)]
  0x000001d2f63aa720 JavaThread "C2 CompilerThread3" daemon [_thread_in_native, id=30972, stack(0x0000002130d00000,0x0000002130e00000)]
  0x000001d2f5791110 JavaThread "C1 CompilerThread1" daemon [_thread_in_native, id=6680, stack(0x0000002130e00000,0x0000002130f00000)]
  0x000001d2f7e943c0 JavaThread "C2 CompilerThread4" daemon [_thread_in_native, id=39748, stack(0x0000002130f00000,0x0000002131000000)]
  0x000001d2f7e95900 JavaThread "C2 CompilerThread5" daemon [_thread_in_native, id=18200, stack(0x0000002131000000,0x0000002131100000)]
  0x000001d2f8aefbe0 JavaThread "included builds" [_thread_blocked, id=2916, stack(0x0000002131100000,0x0000002131200000)]
  0x000001d2f7ffc4a0 JavaThread "Execution worker" [_thread_blocked, id=12816, stack(0x0000002131200000,0x0000002131300000)]
  0x000001d2eb8bd430 JavaThread "Execution worker Thread 2" [_thread_blocked, id=27196, stack(0x0000002131300000,0x0000002131400000)]
  0x000001d2eb8bbae0 JavaThread "Execution worker Thread 3" [_thread_blocked, id=33624, stack(0x0000002131400000,0x0000002131500000)]
  0x000001d2eb8bd940 JavaThread "Execution worker Thread 4" [_thread_blocked, id=34928, stack(0x0000002131500000,0x0000002131600000)]
  0x000001d2eb8bbff0 JavaThread "Execution worker Thread 5" [_thread_blocked, id=13040, stack(0x0000002131600000,0x0000002131700000)]
  0x000001d2f7746120 JavaThread "Execution worker Thread 6" [_thread_blocked, id=38456, stack(0x0000002131700000,0x0000002131800000)]
  0x000001d2f7747a70 JavaThread "Execution worker Thread 7" [_thread_blocked, id=34900, stack(0x0000002131800000,0x0000002131900000)]
  0x000001d2f7745700 JavaThread "Execution worker Thread 8" [_thread_blocked, id=18220, stack(0x0000002131900000,0x0000002131a00000)]
  0x000001d2f7746b40 JavaThread "Execution worker Thread 9" [_thread_blocked, id=39612, stack(0x0000002131a00000,0x0000002131b00000)]
  0x000001d2f7747050 JavaThread "Execution worker Thread 10" [_thread_blocked, id=35488, stack(0x0000002131b00000,0x0000002131c00000)]
  0x000001d2f7747560 JavaThread "Execution worker Thread 11" [_thread_blocked, id=25816, stack(0x0000002131c00000,0x0000002131d00000)]
  0x000001d2f77447d0 JavaThread "Execution worker Thread 12" [_thread_blocked, id=20948, stack(0x0000002131d00000,0x0000002131e00000)]
  0x000001d2f065cc70 JavaThread "Cache worker for execution history cache (C:\dev\flutter\packages\flutter_tools\gradle\.gradle\8.11.1\executionHistory)" [_thread_blocked, id=21888, stack(0x0000002131e00000,0x0000002131f00000)]
  0x000001d2f7744ce0 JavaThread "Execution worker Thread 13" [_thread_blocked, id=3904, stack(0x0000002131f00000,0x0000002132000000)]
  0x000001d2eb9a3470 JavaThread "Execution worker Thread 14" [_thread_blocked, id=31384, stack(0x0000002132000000,0x0000002132100000)]
  0x000001d2eb9a4dc0 JavaThread "Execution worker Thread 15" [_thread_blocked, id=17164, stack(0x0000002132100000,0x0000002132200000)]
  0x000001d2eb9a57e0 JavaThread "Execution worker Thread 16" [_thread_blocked, id=38104, stack(0x0000002132200000,0x0000002132300000)]
  0x000001d2eb9a43a0 JavaThread "Execution worker Thread 17" [_thread_blocked, id=3736, stack(0x0000002132300000,0x0000002132400000)]
  0x000001d2eb9a2a50 JavaThread "Execution worker Thread 18" [_thread_blocked, id=10244, stack(0x0000002132400000,0x0000002132500000)]
  0x000001d2eb9a2f60 JavaThread "Execution worker Thread 19" [_thread_blocked, id=21056, stack(0x0000002132500000,0x0000002132600000)]
  0x000001d2eb9a48b0 JavaThread "Execution worker Thread 20" [_thread_blocked, id=15940, stack(0x0000002132600000,0x0000002132700000)]
  0x000001d2eb9a3980 JavaThread "Execution worker Thread 21" [_thread_blocked, id=5236, stack(0x0000002132700000,0x0000002132800000)]
  0x000001d2eb9a3e90 JavaThread "Execution worker Thread 22" [_thread_blocked, id=34660, stack(0x0000002132800000,0x0000002132900000)]
  0x000001d2eb9a2540 JavaThread "Execution worker Thread 23" [_thread_blocked, id=36316, stack(0x0000002132900000,0x0000002132a00000)]
  0x000001d2eb9a52d0 JavaThread "Execution worker Thread 24" [_thread_blocked, id=30616, stack(0x0000002132a00000,0x0000002132b00000)]
  0x000001d2eb9a5cf0 JavaThread "Execution worker Thread 25" [_thread_blocked, id=12052, stack(0x0000002132b00000,0x0000002132c00000)]
  0x000001d2eba44530 JavaThread "Execution worker Thread 26" [_thread_blocked, id=38344, stack(0x0000002132c00000,0x0000002132d00000)]
  0x000001d2eba44a40 JavaThread "Execution worker Thread 27" [_thread_blocked, id=11788, stack(0x0000002132d00000,0x0000002132e00000)]
  0x000001d2eba45970 JavaThread "Execution worker Thread 28" [_thread_blocked, id=16812, stack(0x0000002132e00000,0x0000002132f00000)]
  0x000001d2eba44f50 JavaThread "Execution worker Thread 29" [_thread_blocked, id=13404, stack(0x0000002133000000,0x0000002133100000)]
  0x000001d2eba46390 JavaThread "Execution worker Thread 30" [_thread_blocked, id=35516, stack(0x0000002133100000,0x0000002133200000)]
  0x000001d2eba45460 JavaThread "Execution worker Thread 31" [_thread_blocked, id=10980, stack(0x0000002133200000,0x0000002133300000)]
  0x000001d2ffac5480 JavaThread "Unconstrained build operations Thread 55" [_thread_blocked, id=38668, stack(0x0000002133300000,0x0000002133400000)]
  0x000001d2ffac5990 JavaThread "Unconstrained build operations Thread 56" [_thread_blocked, id=31328, stack(0x0000002133400000,0x0000002133500000)]
  0x000001d2ffac5ea0 JavaThread "Unconstrained build operations Thread 57" [_thread_blocked, id=20816, stack(0x0000002133500000,0x0000002133600000)]
  0x000001d2ffac63b0 JavaThread "Unconstrained build operations Thread 58" [_thread_blocked, id=1548, stack(0x0000002133600000,0x0000002133700000)]
  0x000001d2ffac3b30 JavaThread "Unconstrained build operations Thread 59" [_thread_blocked, id=38080, stack(0x0000002133700000,0x0000002133800000)]
  0x000001d2ffac2c00 JavaThread "Unconstrained build operations Thread 60" [_thread_blocked, id=27792, stack(0x0000002133800000,0x0000002133900000)]
  0x000001d2ffac3110 JavaThread "Unconstrained build operations Thread 61" [_thread_blocked, id=38916, stack(0x0000002133900000,0x0000002133a00000)]
  0x000001d2ffac3620 JavaThread "Unconstrained build operations Thread 62" [_thread_blocked, id=39176, stack(0x0000002133a00000,0x0000002133b00000)]
  0x000001d2ffac4040 JavaThread "Unconstrained build operations Thread 63" [_thread_blocked, id=17180, stack(0x0000002133b00000,0x0000002133c00000)]
  0x000001d2ffac4550 JavaThread "Unconstrained build operations Thread 64" [_thread_blocked, id=32536, stack(0x0000002133c00000,0x0000002133d00000)]
  0x000001d2ffac4a60 JavaThread "Unconstrained build operations Thread 65" [_thread_blocked, id=36236, stack(0x0000002133d00000,0x0000002133e00000)]
  0x000001d2eae5fcc0 JavaThread "Unconstrained build operations Thread 66" [_thread_blocked, id=10780, stack(0x0000002133e00000,0x0000002133f00000)]
  0x000001d2eae5f7b0 JavaThread "Unconstrained build operations Thread 67" [_thread_blocked, id=13864, stack(0x0000002133f00000,0x0000002134000000)]
  0x000001d2eae61100 JavaThread "Unconstrained build operations Thread 68" [_thread_blocked, id=18164, stack(0x0000002134000000,0x0000002134100000)]
  0x000001d2eae601d0 JavaThread "Unconstrained build operations Thread 69" [_thread_blocked, id=17016, stack(0x0000002134100000,0x0000002134200000)]
  0x000001d2eae5ed90 JavaThread "Unconstrained build operations Thread 70" [_thread_blocked, id=16928, stack(0x0000002134200000,0x0000002134300000)]
  0x000001d2eae61610 JavaThread "Unconstrained build operations Thread 71" [_thread_blocked, id=39536, stack(0x0000002134300000,0x0000002134400000)]
  0x000001d2eae5f2a0 JavaThread "Unconstrained build operations Thread 72" [_thread_blocked, id=37084, stack(0x0000002134400000,0x0000002134500000)]
  0x000001d2eae61b20 JavaThread "Unconstrained build operations Thread 73" [_thread_blocked, id=19912, stack(0x0000002134500000,0x0000002134600000)]
  0x000001d2eae5e880 JavaThread "Unconstrained build operations Thread 74" [_thread_blocked, id=20932, stack(0x0000002134600000,0x0000002134700000)]
  0x000001d2eae606e0 JavaThread "Unconstrained build operations Thread 75" [_thread_blocked, id=8932, stack(0x0000002134700000,0x0000002134800000)]
  0x000001d2f02ca610 JavaThread "Unconstrained build operations Thread 76" [_thread_blocked, id=39600, stack(0x0000002134800000,0x0000002134900000)]
  0x000001d2f02cbf60 JavaThread "Unconstrained build operations Thread 77" [_thread_blocked, id=39100, stack(0x0000002134900000,0x0000002134a00000)]
  0x000001d2f02cb540 JavaThread "Unconstrained build operations Thread 78" [_thread_blocked, id=24356, stack(0x0000002134a00000,0x0000002134b00000)]
  0x000001d2f02ca100 JavaThread "Unconstrained build operations Thread 79" [_thread_blocked, id=6208, stack(0x0000002134b00000,0x0000002134c00000)]
  0x000001d2f02cb030 JavaThread "Unconstrained build operations Thread 80" [_thread_blocked, id=7228, stack(0x0000002134c00000,0x0000002134d00000)]
  0x000001d2edf54df0 JavaThread "Unconstrained build operations Thread 81" [_thread_blocked, id=38240, stack(0x0000002134d00000,0x0000002134e00000)]
  0x000001d2edf548e0 JavaThread "Unconstrained build operations Thread 82" [_thread_blocked, id=13668, stack(0x0000002134e00000,0x0000002134f00000)]
  0x000001d2edf56740 JavaThread "Unconstrained build operations Thread 83" [_thread_blocked, id=23872, stack(0x0000002134f00000,0x0000002135000000)]
  0x000001d2edf55810 JavaThread "Unconstrained build operations Thread 84" [_thread_blocked, id=19636, stack(0x0000002135000000,0x0000002135100000)]
  0x000001d2edf55d20 JavaThread "Unconstrained build operations Thread 85" [_thread_blocked, id=34356, stack(0x0000002135100000,0x0000002135200000)]
  0x000001d2edf57b80 JavaThread "Unconstrained build operations Thread 86" [_thread_blocked, id=18088, stack(0x0000002135200000,0x0000002135300000)]
  0x000001d2edf56230 JavaThread "Unconstrained build operations Thread 87" [_thread_blocked, id=36072, stack(0x0000002135300000,0x0000002135400000)]
  0x000001d2edf57160 JavaThread "Unconstrained build operations Thread 88" [_thread_blocked, id=16204, stack(0x0000002135400000,0x0000002135500000)]
  0x000001d2edf543d0 JavaThread "Unconstrained build operations Thread 89" [_thread_blocked, id=39852, stack(0x0000002135500000,0x0000002135600000)]
  0x000001d2edf55300 JavaThread "Unconstrained build operations Thread 90" [_thread_blocked, id=4484, stack(0x0000002135600000,0x0000002135700000)]
  0x000001d2fc8ff390 JavaThread "Unconstrained build operations Thread 91" [_thread_blocked, id=36808, stack(0x0000002135700000,0x0000002135800000)]
  0x000001d2fc8fdf50 JavaThread "Unconstrained build operations Thread 92" [_thread_blocked, id=6916, stack(0x0000002135800000,0x0000002135900000)]
  0x000001d2fc8fd020 JavaThread "Unconstrained build operations Thread 93" [_thread_blocked, id=13260, stack(0x0000002135900000,0x0000002135a00000)]
  0x000001d2fc8fee80 JavaThread "Unconstrained build operations Thread 94" [_thread_blocked, id=38808, stack(0x0000002135a00000,0x0000002135b00000)]
  0x000001d2fc8fe460 JavaThread "Unconstrained build operations Thread 95" [_thread_blocked, id=38408, stack(0x0000002135b00000,0x0000002135c00000)]
  0x000001d2fc8fd530 JavaThread "Unconstrained build operations Thread 96" [_thread_blocked, id=38152, stack(0x0000002135c00000,0x0000002135d00000)]
  0x000001d2ee286080 JavaThread "C2 CompilerThread6" daemon [_thread_in_native, id=25692, stack(0x0000002135d00000,0x0000002135e00000)]
  0x000001d2fa4f1a50 JavaThread "Unconstrained build operations Thread 97" [_thread_blocked, id=29956, stack(0x0000002135e00000,0x0000002135f00000)]
  0x000001d2fa4f2470 JavaThread "Unconstrained build operations Thread 98" [_thread_blocked, id=12032, stack(0x0000002135f00000,0x0000002136000000)]
  0x000001d2fa4f1f60 JavaThread "Unconstrained build operations Thread 99" [_thread_blocked, id=8740, stack(0x0000002136000000,0x0000002136100000)]
  0x000001d2e37a0f70 JavaThread "Unconstrained build operations Thread 100" [_thread_blocked, id=10084, stack(0x0000002136100000,0x0000002136200000)]
  0x000001d2e37a1ea0 JavaThread "Unconstrained build operations Thread 101" [_thread_blocked, id=7416, stack(0x0000002136200000,0x0000002136300000)]
  0x000001d2e37a0550 JavaThread "Unconstrained build operations Thread 102" [_thread_blocked, id=20372, stack(0x0000002136300000,0x0000002136400000)]
  0x000001d2e37a23b0 JavaThread "Unconstrained build operations Thread 103" [_thread_blocked, id=36240, stack(0x0000002136400000,0x0000002136500000)]
  0x000001d2e37a0a60 JavaThread "Unconstrained build operations Thread 104" [_thread_blocked, id=39056, stack(0x0000002136500000,0x0000002136600000)]
  0x000001d2e37a1480 JavaThread "Unconstrained build operations Thread 105" [_thread_blocked, id=25104, stack(0x0000002136600000,0x0000002136700000)]
  0x000001d2e37a1990 JavaThread "Unconstrained build operations Thread 106" [_thread_blocked, id=17048, stack(0x0000002136700000,0x0000002136800000)]
  0x000001d2e37a28c0 JavaThread "Unconstrained build operations Thread 107" [_thread_blocked, id=39272, stack(0x0000002136800000,0x0000002136900000)]
  0x000001d2e379f110 JavaThread "Unconstrained build operations Thread 108" [_thread_blocked, id=17844, stack(0x0000002136900000,0x0000002136a00000)]
  0x000001d2e379f620 JavaThread "Unconstrained build operations Thread 109" [_thread_blocked, id=34424, stack(0x0000002136a00000,0x0000002136b00000)]
  0x000001d2e379fb30 JavaThread "Unconstrained build operations Thread 110" [_thread_blocked, id=15552, stack(0x0000002136b00000,0x0000002136c00000)]
  0x000001d2e37a0040 JavaThread "Unconstrained build operations Thread 111" [_thread_blocked, id=39728, stack(0x0000002136c00000,0x0000002136d00000)]
  0x000001d2f72dcf90 JavaThread "Unconstrained build operations Thread 112" [_thread_blocked, id=11732, stack(0x0000002136d00000,0x0000002136e00000)]
  0x000001d2f72df300 JavaThread "Unconstrained build operations Thread 113" [_thread_blocked, id=5408, stack(0x0000002136e00000,0x0000002136f00000)]
  0x000001d2f72df810 JavaThread "Unconstrained build operations Thread 114" [_thread_blocked, id=7160, stack(0x0000002136f00000,0x0000002137000000)]
  0x000001d2f72dd9b0 JavaThread "Unconstrained build operations Thread 115" [_thread_blocked, id=14192, stack(0x0000002137000000,0x0000002137100000)]
  0x000001d2f72ddec0 JavaThread "Unconstrained build operations Thread 116" [_thread_blocked, id=34512, stack(0x0000002137100000,0x0000002137200000)]
  0x000001d2f72dc060 JavaThread "Unconstrained build operations Thread 117" [_thread_blocked, id=13852, stack(0x0000002137200000,0x0000002137300000)]
  0x000001d2f72de8e0 JavaThread "Unconstrained build operations Thread 118" [_thread_blocked, id=432, stack(0x0000002137300000,0x0000002137400000)]
  0x000001d2f72dedf0 JavaThread "Unconstrained build operations Thread 119" [_thread_blocked, id=38428, stack(0x0000002137400000,0x0000002137500000)]
  0x000001d2f72dd4a0 JavaThread "Unconstrained build operations Thread 120" [_thread_blocked, id=18140, stack(0x0000002137500000,0x0000002137600000)]
  0x000001d2f72dc570 JavaThread "Unconstrained build operations Thread 121" [_thread_blocked, id=37860, stack(0x0000002137600000,0x0000002137700000)]
  0x000001d2f72dca80 JavaThread "Unconstrained build operations Thread 122" [_thread_blocked, id=36688, stack(0x0000002137700000,0x0000002137800000)]
  0x000001d2ef1ad8f0 JavaThread "Unconstrained build operations Thread 123" [_thread_blocked, id=21128, stack(0x0000002137800000,0x0000002137900000)]
  0x000001d2ef1ade00 JavaThread "Unconstrained build operations Thread 124" [_thread_blocked, id=13244, stack(0x0000002137900000,0x0000002137a00000)]
  0x000001d2ef1ae310 JavaThread "Unconstrained build operations Thread 125" [_thread_blocked, id=15504, stack(0x0000002137a00000,0x0000002137b00000)]
  0x000001d2ef1ae820 JavaThread "Unconstrained build operations Thread 126" [_thread_blocked, id=36252, stack(0x0000002137b00000,0x0000002137c00000)]
  0x000001d2ef1aba90 JavaThread "Unconstrained build operations Thread 127" [_thread_blocked, id=37836, stack(0x0000002137c00000,0x0000002137d00000)]
  0x000001d2ed6072c0 JavaThread "Unconstrained build operations Thread 128" [_thread_blocked, id=20468, stack(0x0000002137d00000,0x0000002137e00000)]
  0x000001d2ed6077d0 JavaThread "Unconstrained build operations Thread 129" [_thread_blocked, id=21420, stack(0x0000002137e00000,0x0000002137f00000)]
  0x000001d2ed605e80 JavaThread "Unconstrained build operations Thread 130" [_thread_blocked, id=8732, stack(0x0000002137f00000,0x0000002138000000)]
  0x000001d2ed6068a0 JavaThread "Unconstrained build operations Thread 131" [_thread_blocked, id=37804, stack(0x0000002138000000,0x0000002138100000)]
  0x000001d2f07d47a0 JavaThread "Unconstrained build operations Thread 132" [_thread_blocked, id=38576, stack(0x0000002138100000,0x0000002138200000)]
  0x000001d2f07d4290 JavaThread "Unconstrained build operations Thread 133" [_thread_blocked, id=36288, stack(0x0000002138200000,0x0000002138300000)]
  0x000001d2f07d4cb0 JavaThread "Unconstrained build operations Thread 134" [_thread_blocked, id=21844, stack(0x0000002138300000,0x0000002138400000)]
  0x000001d2f07d51c0 JavaThread "Unconstrained build operations Thread 135" [_thread_blocked, id=9136, stack(0x0000002138400000,0x0000002138500000)]
  0x000001d2f07d60f0 JavaThread "Unconstrained build operations Thread 136" [_thread_blocked, id=39780, stack(0x0000002138500000,0x0000002138600000)]
  0x000001d2f07d5be0 JavaThread "Unconstrained build operations Thread 137" [_thread_blocked, id=10008, stack(0x0000002138600000,0x0000002138700000)]
  0x000001d2f07d3870 JavaThread "Unconstrained build operations Thread 138" [_thread_blocked, id=34568, stack(0x0000002138700000,0x0000002138800000)]
  0x000001d2f07d3d80 JavaThread "Unconstrained build operations Thread 139" [_thread_blocked, id=36632, stack(0x0000002138800000,0x0000002138900000)]
  0x000001d2f07d56d0 JavaThread "Unconstrained build operations Thread 140" [_thread_blocked, id=20236, stack(0x0000002138900000,0x0000002138a00000)]
  0x000001d2f07d6600 JavaThread "Unconstrained build operations Thread 141" [_thread_blocked, id=9296, stack(0x0000002138a00000,0x0000002138b00000)]
  0x000001d2f07d6b10 JavaThread "Unconstrained build operations Thread 142" [_thread_blocked, id=21896, stack(0x0000002138b00000,0x0000002138c00000)]
  0x000001d2f07d3360 JavaThread "Unconstrained build operations Thread 143" [_thread_blocked, id=2776, stack(0x0000002138c00000,0x0000002138d00000)]
  0x000001d2edece1f0 JavaThread "Unconstrained build operations Thread 144" [_thread_blocked, id=38028, stack(0x0000002138d00000,0x0000002138e00000)]
  0x000001d2edecec10 JavaThread "Unconstrained build operations Thread 145" [_thread_blocked, id=35252, stack(0x0000002139000000,0x0000002139100000)]
  0x000001d2edeccdb0 JavaThread "Unconstrained build operations Thread 146" [_thread_blocked, id=28748, stack(0x0000002139100000,0x0000002139200000)]
  0x000001d2edecdce0 JavaThread "Unconstrained build operations Thread 147" [_thread_blocked, id=36516, stack(0x0000002139200000,0x0000002139300000)]
  0x000001d2edecd2c0 JavaThread "Unconstrained build operations Thread 148" [_thread_blocked, id=19916, stack(0x0000002139300000,0x0000002139400000)]
  0x000001d2edecd7d0 JavaThread "Unconstrained build operations Thread 149" [_thread_blocked, id=39480, stack(0x0000002139400000,0x0000002139500000)]
  0x000001d2edecf120 JavaThread "Unconstrained build operations Thread 150" [_thread_blocked, id=11684, stack(0x0000002139500000,0x0000002139600000)]
  0x000001d2edecf630 JavaThread "Unconstrained build operations Thread 151" [_thread_blocked, id=596, stack(0x0000002139600000,0x0000002139700000)]
  0x000001d2edece700 JavaThread "Unconstrained build operations Thread 152" [_thread_blocked, id=26276, stack(0x0000002139700000,0x0000002139800000)]
  0x000001d2edecfb40 JavaThread "Unconstrained build operations Thread 153" [_thread_blocked, id=22916, stack(0x0000002139800000,0x0000002139900000)]
  0x000001d2eded0050 JavaThread "Unconstrained build operations Thread 154" [_thread_blocked, id=25852, stack(0x0000002139900000,0x0000002139a00000)]
  0x000001d2edecc8a0 JavaThread "Unconstrained build operations Thread 155" [_thread_blocked, id=35744, stack(0x0000002139a00000,0x0000002139b00000)]
  0x000001d2ecdec730 JavaThread "Unconstrained build operations Thread 156" [_thread_blocked, id=39240, stack(0x0000002139b00000,0x0000002139c00000)]
  0x000001d2ecdea3c0 JavaThread "Unconstrained build operations Thread 157" [_thread_blocked, id=35920, stack(0x0000002139c00000,0x0000002139d00000)]
  0x000001d2ecdea8d0 JavaThread "Unconstrained build operations Thread 158" [_thread_blocked, id=7660, stack(0x0000002139d00000,0x0000002139e00000)]
  0x000001d2f6279080 JavaThread "C2 CompilerThread7" daemon [_thread_in_native, id=10348, stack(0x0000002139e00000,0x0000002139f00000)]
  0x000001d2f62785e0 JavaThread "C2 CompilerThread8" daemon [_thread_in_native, id=12808, stack(0x000000213a000000,0x000000213a100000)]
  0x000001d2ecdeade0 JavaThread "build event listener" [_thread_blocked, id=11596, stack(0x000000213a100000,0x000000213a200000)]
  0x000001d2f6279b20 JavaThread "C1 CompilerThread2" daemon [_thread_blocked, id=37520, stack(0x000000213a200000,0x000000213a300000)]
  0x000001d2eb9af810 JavaThread "C1 CompilerThread3" daemon [_thread_blocked, id=5028, stack(0x000000213a300000,0x000000213a400000)]
  0x000001d2ecdec220 JavaThread "Unconstrained build operations Thread 159" [_thread_blocked, id=26432, stack(0x000000213a400000,0x000000213a500000)]
  0x000001d2ecde9490 JavaThread "Unconstrained build operations Thread 160" [_thread_blocked, id=21648, stack(0x000000213a500000,0x000000213a600000)]
  0x000001d2ecde99a0 JavaThread "Unconstrained build operations Thread 161" [_thread_blocked, id=17200, stack(0x000000213a600000,0x000000213a700000)]
  0x000001d2ecdebd10 JavaThread "Unconstrained build operations Thread 162" [_thread_blocked, id=35200, stack(0x000000213a700000,0x000000213a800000)]
  0x000001d2ecdeb2f0 JavaThread "Unconstrained build operations Thread 163" [_thread_blocked, id=6628, stack(0x000000213a800000,0x000000213a900000)]
  0x000001d2ecdeb800 JavaThread "Unconstrained build operations Thread 164" [_thread_blocked, id=3116, stack(0x000000213a900000,0x000000213aa00000)]
  0x000001d2ecdecc40 JavaThread "Unconstrained build operations Thread 165" [_thread_blocked, id=8692, stack(0x000000213aa00000,0x000000213ab00000)]
  0x000001d2ecde9eb0 JavaThread "Unconstrained build operations Thread 166" [_thread_blocked, id=34932, stack(0x000000213ab00000,0x000000213ac00000)]
  0x000001d2fb33e3b0 JavaThread "Unconstrained build operations Thread 167" [_thread_blocked, id=4248, stack(0x000000213ac00000,0x000000213ad00000)]
  0x000001d2fb33d990 JavaThread "Unconstrained build operations Thread 168" [_thread_blocked, id=37680, stack(0x000000213ad00000,0x000000213ae00000)]
  0x000001d2fb33dea0 JavaThread "Unconstrained build operations Thread 169" [_thread_blocked, id=38564, stack(0x000000213ae00000,0x000000213af00000)]
  0x000001d2fb340720 JavaThread "Unconstrained build operations Thread 170" [_thread_blocked, id=30980, stack(0x000000213af00000,0x000000213b000000)]
  0x000001d2fb33e8c0 JavaThread "Unconstrained build operations Thread 171" [_thread_blocked, id=3744, stack(0x000000213b000000,0x000000213b100000)]
  0x000001d2fb33edd0 JavaThread "Unconstrained build operations Thread 172" [_thread_blocked, id=35908, stack(0x000000213b100000,0x000000213b200000)]
  0x000001d2fb340c30 JavaThread "Unconstrained build operations Thread 173" [_thread_blocked, id=20416, stack(0x000000213b200000,0x000000213b300000)]
  0x000001d2fb33f2e0 JavaThread "Unconstrained build operations Thread 174" [_thread_blocked, id=34976, stack(0x000000213b300000,0x000000213b400000)]
  0x000001d2fb33d480 JavaThread "Unconstrained build operations Thread 175" [_thread_blocked, id=32420, stack(0x000000213b400000,0x000000213b500000)]
  0x000001d2fb33f7f0 JavaThread "Unconstrained build operations Thread 176" [_thread_blocked, id=36768, stack(0x000000213b500000,0x000000213b600000)]
  0x000001d2fb33fd00 JavaThread "Unconstrained build operations Thread 177" [_thread_blocked, id=17720, stack(0x000000213b600000,0x000000213b700000)]
  0x000001d2fb340210 JavaThread "Unconstrained build operations Thread 178" [_thread_blocked, id=39616, stack(0x000000213b700000,0x000000213b800000)]
  0x000001d2eabdbb30 JavaThread "Unconstrained build operations Thread 179" [_thread_blocked, id=3132, stack(0x000000213b800000,0x000000213b900000)]
  0x000001d2eabdd990 JavaThread "Unconstrained build operations Thread 180" [_thread_blocked, id=34704, stack(0x000000213b900000,0x000000213ba00000)]
  0x000001d2f9a43090 JavaThread "Unconstrained build operations Thread 181" [_thread_blocked, id=2280, stack(0x000000213ba00000,0x000000213bb00000)]
  0x000001d2f9a42b80 JavaThread "Unconstrained build operations Thread 182" [_thread_blocked, id=9240, stack(0x000000213bb00000,0x000000213bc00000)]
  0x000001d2fc1e7820 JavaThread "Unconstrained build operations Thread 183" [_thread_blocked, id=30224, stack(0x000000213bc00000,0x000000213bd00000)]
  0x000001d2faba07f0 JavaThread "Unconstrained build operations Thread 184" [_thread_blocked, id=11952, stack(0x000000213be00000,0x000000213bf00000)]
  0x000001d2fab9eea0 JavaThread "Unconstrained build operations Thread 185" [_thread_blocked, id=8696, stack(0x000000213bf00000,0x000000213c000000)]
  0x000001d2faba1720 JavaThread "Unconstrained build operations Thread 186" [_thread_blocked, id=20252, stack(0x000000213c000000,0x000000213c100000)]
  0x000001d2fab9f3b0 JavaThread "Unconstrained build operations Thread 187" [_thread_blocked, id=12016, stack(0x000000213c100000,0x000000213c200000)]
  0x000001d2faba1c30 JavaThread "Unconstrained build operations Thread 188" [_thread_blocked, id=25348, stack(0x000000213c200000,0x000000213c300000)]
  0x000001d2fab9f8c0 JavaThread "Unconstrained build operations Thread 189" [_thread_blocked, id=39088, stack(0x000000213c300000,0x000000213c400000)]
  0x000001d2fab9fdd0 JavaThread "Unconstrained build operations Thread 190" [_thread_blocked, id=12588, stack(0x000000213c400000,0x000000213c500000)]
  0x000001d2fab9e480 JavaThread "Unconstrained build operations Thread 191" [_thread_blocked, id=22248, stack(0x000000213c500000,0x000000213c600000)]
  0x000001d2faba0d00 JavaThread "Unconstrained build operations Thread 192" [_thread_blocked, id=34600, stack(0x000000213c600000,0x000000213c700000)]
  0x000001d2fab9e990 JavaThread "Unconstrained build operations Thread 193" [_thread_blocked, id=34604, stack(0x000000213c700000,0x000000213c800000)]
  0x000001d2f06f5680 JavaThread "Unconstrained build operations Thread 194" [_thread_blocked, id=36604, stack(0x000000213c800000,0x000000213c900000)]
  0x000001d2f06f5b90 JavaThread "Unconstrained build operations Thread 195" [_thread_blocked, id=37852, stack(0x000000213c900000,0x000000213ca00000)]
  0x000001d2fa71adf0 JavaThread "Unconstrained build operations Thread 196" [_thread_blocked, id=38508, stack(0x000000213ca00000,0x000000213cb00000)]
  0x000001d2fa718a80 JavaThread "Unconstrained build operations Thread 197" [_thread_blocked, id=15732, stack(0x000000213cb00000,0x000000213cc00000)]
  0x000001d2fa71a8e0 JavaThread "Unconstrained build operations Thread 198" [_thread_blocked, id=38492, stack(0x000000213cc00000,0x000000213cd00000)]
  0x000001d2fa718f90 JavaThread "Unconstrained build operations Thread 199" [_thread_blocked, id=36016, stack(0x000000213cd00000,0x000000213ce00000)]
  0x000001d2fa71b300 JavaThread "Unconstrained build operations Thread 200" [_thread_blocked, id=27436, stack(0x000000213ce00000,0x000000213cf00000)]
  0x000001d2fa717b50 JavaThread "Unconstrained build operations Thread 201" [_thread_blocked, id=35952, stack(0x000000213cf00000,0x000000213d000000)]
  0x000001d2fa7194a0 JavaThread "Unconstrained build operations Thread 202" [_thread_blocked, id=35988, stack(0x000000213d000000,0x000000213d100000)]
  0x000001d2fa718060 JavaThread "Unconstrained build operations Thread 203" [_thread_blocked, id=39232, stack(0x000000213d100000,0x000000213d200000)]
  0x000001d2fa719ec0 JavaThread "Unconstrained build operations Thread 204" [_thread_blocked, id=29204, stack(0x000000213d200000,0x000000213d300000)]
  0x000001d2fa71a3d0 JavaThread "Unconstrained build operations Thread 205" [_thread_blocked, id=35984, stack(0x000000213d300000,0x000000213d400000)]
  0x000001d2fa718570 JavaThread "Unconstrained build operations Thread 206" [_thread_blocked, id=21368, stack(0x000000213d400000,0x000000213d500000)]
  0x000001d2fa7199b0 JavaThread "Unconstrained build operations Thread 207" [_thread_blocked, id=35112, stack(0x000000213d500000,0x000000213d600000)]
  0x000001d2ef069e70 JavaThread "Unconstrained build operations Thread 208" [_thread_blocked, id=35108, stack(0x000000213d600000,0x000000213d700000)]
  0x000001d2ef06a890 JavaThread "Unconstrained build operations Thread 209" [_thread_blocked, id=36044, stack(0x000000213d700000,0x000000213d800000)]
  0x000001d2ef06b2b0 JavaThread "Unconstrained build operations Thread 210" [_thread_blocked, id=36028, stack(0x000000213d800000,0x000000213d900000)]
  0x000001d2ef068a30 JavaThread "Unconstrained build operations Thread 211" [_thread_blocked, id=36076, stack(0x000000213d900000,0x000000213da00000)]
  0x000001d2ef068f40 JavaThread "Unconstrained build operations Thread 212" [_thread_blocked, id=36328, stack(0x000000213da00000,0x000000213db00000)]
  0x000001d2ef069450 JavaThread "Unconstrained build operations Thread 213" [_thread_blocked, id=36008, stack(0x000000213db00000,0x000000213dc00000)]
  0x000001d2ef06ada0 JavaThread "Unconstrained build operations Thread 214" [_thread_blocked, id=35124, stack(0x000000213dc00000,0x000000213dd00000)]
  0x000001d2ef069960 JavaThread "Unconstrained build operations Thread 215" [_thread_blocked, id=35956, stack(0x000000213dd00000,0x000000213de00000)]
  0x000001d2ef06a380 JavaThread "Unconstrained build operations Thread 216" [_thread_blocked, id=35164, stack(0x000000213de00000,0x000000213df00000)]
  0x000001d2eabddea0 JavaThread "Unconstrained build operations Thread 217" [_thread_blocked, id=35996, stack(0x000000213df00000,0x000000213e000000)]
  0x000001d2eabdc040 JavaThread "Unconstrained build operations Thread 218" [_thread_blocked, id=36000, stack(0x000000213e000000,0x000000213e100000)]
  0x000001d2eabdb110 JavaThread "Unconstrained build operations Thread 219" [_thread_blocked, id=35992, stack(0x000000213e100000,0x000000213e200000)]
  0x000001d2eabdc550 JavaThread "Unconstrained build operations Thread 220" [_thread_blocked, id=36540, stack(0x000000213e200000,0x000000213e300000)]
  0x000001d2eabdca60 JavaThread "Unconstrained build operations Thread 221" [_thread_blocked, id=22392, stack(0x000000213e300000,0x000000213e400000)]
  0x000001d2ed132970 JavaThread "Unconstrained build operations Thread 222" [_thread_blocked, id=39604, stack(0x000000213e400000,0x000000213e500000)]
  0x000001d2ed132e80 JavaThread "Unconstrained build operations Thread 223" [_thread_blocked, id=30784, stack(0x000000213e500000,0x000000213e600000)]
  0x000001d2ed1342c0 JavaThread "Unconstrained build operations Thread 224" [_thread_blocked, id=39168, stack(0x000000213e600000,0x000000213e700000)]
  0x000001d2ed1338a0 JavaThread "Unconstrained build operations Thread 225" [_thread_blocked, id=18004, stack(0x000000213e700000,0x000000213e800000)]
  0x000001d2fb2698d0 JavaThread "Unconstrained build operations Thread 226" [_thread_blocked, id=30412, stack(0x000000213e800000,0x000000213e900000)]
  0x000001d2fb26ad10 JavaThread "Unconstrained build operations Thread 227" [_thread_blocked, id=34952, stack(0x000000213e900000,0x000000213ea00000)]
  0x000001d2ef067b00 JavaThread "Unconstrained build operations Thread 228" [_thread_blocked, id=32396, stack(0x000000213ea00000,0x000000213eb00000)]
  0x000001d2ef068010 JavaThread "Unconstrained build operations Thread 229" [_thread_blocked, id=616, stack(0x000000213eb00000,0x000000213ec00000)]
  0x000001d2ef068520 JavaThread "Unconstrained build operations Thread 230" [_thread_blocked, id=592, stack(0x000000213ec00000,0x000000213ed00000)]
  0x000001d2f76d8900 JavaThread "Unconstrained build operations Thread 231" [_thread_blocked, id=440, stack(0x000000213ed00000,0x000000213ee00000)]
  0x000001d2f76da250 JavaThread "Unconstrained build operations Thread 232" [_thread_blocked, id=612, stack(0x000000213ee00000,0x000000213ef00000)]
  0x000001d2f76d9830 JavaThread "Unconstrained build operations Thread 233" [_thread_blocked, id=35524, stack(0x000000213ef00000,0x000000213f000000)]
  0x000001d2f76da760 JavaThread "Unconstrained build operations Thread 234" [_thread_blocked, id=15464, stack(0x000000213f000000,0x000000213f100000)]
  0x000001d2f76d9320 JavaThread "Unconstrained build operations Thread 235" [_thread_blocked, id=35116, stack(0x000000213f100000,0x000000213f200000)]
  0x000001d2f76dac70 JavaThread "Unconstrained build operations Thread 236" [_thread_blocked, id=30228, stack(0x000000213f200000,0x000000213f300000)]
  0x000001d2f76d8e10 JavaThread "Unconstrained build operations Thread 237" [_thread_blocked, id=36772, stack(0x000000213f300000,0x000000213f400000)]
  0x000001d2f76d9d40 JavaThread "Unconstrained build operations Thread 238" [_thread_blocked, id=8780, stack(0x000000213f400000,0x000000213f500000)]
  0x000001d2f76db180 JavaThread "Unconstrained build operations Thread 239" [_thread_blocked, id=20952, stack(0x000000213f500000,0x000000213f600000)]
  0x000001d2f76db690 JavaThread "Unconstrained build operations Thread 240" [_thread_blocked, id=35432, stack(0x000000213f600000,0x000000213f700000)]
  0x000001d2f76dbba0 JavaThread "Unconstrained build operations Thread 241" [_thread_blocked, id=12192, stack(0x000000213f700000,0x000000213f800000)]
  0x000001d2f76dc0b0 JavaThread "Unconstrained build operations Thread 242" [_thread_blocked, id=36720, stack(0x000000213f800000,0x000000213f900000)]
  0x000001d2ebec0750 JavaThread "Unconstrained build operations Thread 243" [_thread_blocked, id=34772, stack(0x000000213fb00000,0x000000213fc00000)]
  0x000001d2ebec2fd0 JavaThread "Unconstrained build operations Thread 244" [_thread_blocked, id=7684, stack(0x000000213fc00000,0x000000213fd00000)]
  0x000001d2ebec1680 JavaThread "Unconstrained build operations Thread 245" [_thread_blocked, id=9264, stack(0x000000213fd00000,0x000000213fe00000)]
  0x000001d2ebebf820 JavaThread "Unconstrained build operations Thread 246" [_thread_blocked, id=33208, stack(0x000000213fe00000,0x000000213ff00000)]
  0x000001d2ebec0c60 JavaThread "Unconstrained build operations Thread 247" [_thread_blocked, id=36284, stack(0x000000213ff00000,0x0000002140000000)]
  0x000001d2ebec1170 JavaThread "Unconstrained build operations Thread 248" [_thread_blocked, id=30296, stack(0x0000002140000000,0x0000002140100000)]
  0x000001d2ebec20a0 JavaThread "Unconstrained build operations Thread 249" [_thread_blocked, id=8248, stack(0x0000002140100000,0x0000002140200000)]
  0x000001d2ebec1b90 JavaThread "Unconstrained build operations Thread 250" [_thread_blocked, id=15944, stack(0x0000002140200000,0x0000002140300000)]
  0x000001d2ebec25b0 JavaThread "Unconstrained build operations Thread 251" [_thread_blocked, id=13656, stack(0x0000002140300000,0x0000002140400000)]
  0x000001d2ec3e33d0 JavaThread "Unconstrained build operations Thread 252" [_thread_blocked, id=35144, stack(0x0000002140400000,0x0000002140500000)]
  0x000001d2ec3e4300 JavaThread "Unconstrained build operations Thread 253" [_thread_blocked, id=21592, stack(0x0000002140500000,0x0000002140600000)]
  0x000001d2ec3e38e0 JavaThread "Unconstrained build operations Thread 254" [_thread_blocked, id=34500, stack(0x0000002140600000,0x0000002140700000)]
  0x000001d2ec3e3df0 JavaThread "Unconstrained build operations Thread 255" [_thread_blocked, id=17848, stack(0x0000002140700000,0x0000002140800000)]
  0x000001d2ec3e5230 JavaThread "Unconstrained build operations Thread 256" [_thread_blocked, id=13648, stack(0x0000002140800000,0x0000002140900000)]
  0x000001d2ec3e29b0 JavaThread "Unconstrained build operations Thread 257" [_thread_blocked, id=37320, stack(0x0000002140900000,0x0000002140a00000)]
  0x000001d2ec3e4810 JavaThread "Unconstrained build operations Thread 258" [_thread_blocked, id=5812, stack(0x0000002140a00000,0x0000002140b00000)]
  0x000001d2ec3e5c50 JavaThread "Unconstrained build operations Thread 259" [_thread_blocked, id=18184, stack(0x0000002140b00000,0x0000002140c00000)]
  0x000001d2ec3e4d20 JavaThread "Unconstrained build operations Thread 260" [_thread_blocked, id=35884, stack(0x0000002140c00000,0x0000002140d00000)]
  0x000001d2ec3e5740 JavaThread "Unconstrained build operations Thread 261" [_thread_blocked, id=31040, stack(0x0000002140d00000,0x0000002140e00000)]
  0x000001d2ecd93d90 JavaThread "Unconstrained build operations Thread 262" [_thread_blocked, id=12772, stack(0x0000002140e00000,0x0000002140f00000)]
  0x000001d2ecd942a0 JavaThread "Unconstrained build operations Thread 263" [_thread_blocked, id=36052, stack(0x0000002140f00000,0x0000002141000000)]
  0x000001d2ecd947b0 JavaThread "Unconstrained build operations Thread 264" [_thread_blocked, id=17272, stack(0x0000002141000000,0x0000002141100000)]
  0x000001d2ecd96100 JavaThread "Unconstrained build operations Thread 265" [_thread_blocked, id=9236, stack(0x0000002141100000,0x0000002141200000)]
  0x000001d2ecd94cc0 JavaThread "Unconstrained build operations Thread 266" [_thread_blocked, id=39840, stack(0x0000002141200000,0x0000002141300000)]
  0x000001d2ecd951d0 JavaThread "Unconstrained build operations Thread 267" [_thread_blocked, id=38172, stack(0x0000002141300000,0x0000002141400000)]
  0x000001d2ecd96610 JavaThread "Unconstrained build operations Thread 268" [_thread_blocked, id=12480, stack(0x0000002141400000,0x0000002141500000)]
  0x000001d2ecd97030 JavaThread "Unconstrained build operations Thread 269" [_thread_blocked, id=6752, stack(0x0000002141500000,0x0000002141600000)]
  0x000001d2ecd956e0 JavaThread "Unconstrained build operations Thread 270" [_thread_blocked, id=36416, stack(0x0000002141600000,0x0000002141700000)]
  0x000001d2ecd95bf0 JavaThread "Unconstrained build operations Thread 271" [_thread_blocked, id=21304, stack(0x0000002141800000,0x0000002141900000)]
  0x000001d2ecd96b20 JavaThread "Unconstrained build operations Thread 272" [_thread_blocked, id=39356, stack(0x0000002141900000,0x0000002141a00000)]
  0x000001d2ecd93880 JavaThread "Unconstrained build operations Thread 273" [_thread_blocked, id=6204, stack(0x0000002141a00000,0x0000002141b00000)]
  0x000001d2eae752d0 JavaThread "Unconstrained build operations Thread 274" [_thread_blocked, id=3020, stack(0x0000002141b00000,0x0000002141c00000)]
  0x000001d2eae748b0 JavaThread "Unconstrained build operations Thread 275" [_thread_blocked, id=25708, stack(0x0000002141c00000,0x0000002141d00000)]
  0x000001d2eae72540 JavaThread "Unconstrained build operations Thread 276" [_thread_blocked, id=35348, stack(0x0000002141d00000,0x0000002141e00000)]
  0x000001d2eae72f60 JavaThread "Unconstrained build operations Thread 277" [_thread_blocked, id=14416, stack(0x0000002141e00000,0x0000002141f00000)]
  0x000001d2eae73980 JavaThread "Unconstrained build operations Thread 278" [_thread_blocked, id=35188, stack(0x0000002141f00000,0x0000002142000000)]
  0x000001d2eae757e0 JavaThread "Unconstrained build operations Thread 279" [_thread_blocked, id=6408, stack(0x0000002142000000,0x0000002142100000)]
  0x000001d2eae72030 JavaThread "Unconstrained build operations Thread 280" [_thread_blocked, id=28708, stack(0x0000002142100000,0x0000002142200000)]
  0x000001d2eae72a50 JavaThread "Unconstrained build operations Thread 281" [_thread_blocked, id=39864, stack(0x0000002142200000,0x0000002142300000)]
  0x000001d2eae73470 JavaThread "Unconstrained build operations Thread 282" [_thread_blocked, id=26848, stack(0x0000002142300000,0x0000002142400000)]
  0x000001d2eae73e90 JavaThread "Unconstrained build operations Thread 283" [_thread_blocked, id=20728, stack(0x0000002142400000,0x0000002142500000)]
  0x000001d2eae743a0 JavaThread "Unconstrained build operations Thread 284" [_thread_blocked, id=38460, stack(0x0000002142500000,0x0000002142600000)]
  0x000001d2eae74dc0 JavaThread "Unconstrained build operations Thread 285" [_thread_blocked, id=38168, stack(0x0000002142600000,0x0000002142700000)]
  0x000001d2fbead300 JavaThread "Unconstrained build operations Thread 286" [_thread_blocked, id=35948, stack(0x0000002142700000,0x0000002142800000)]
  0x000001d2fbea9b50 JavaThread "Unconstrained build operations Thread 287" [_thread_blocked, id=13652, stack(0x0000002142800000,0x0000002142900000)]
  0x000001d2fbeaaa80 JavaThread "Unconstrained build operations Thread 288" [_thread_blocked, id=33648, stack(0x0000002142900000,0x0000002142a00000)]
  0x000001d2fbeaaf90 JavaThread "Unconstrained build operations Thread 289" [_thread_blocked, id=16984, stack(0x0000002142a00000,0x0000002142b00000)]
  0x000001d2fbeac8e0 JavaThread "Unconstrained build operations Thread 290" [_thread_blocked, id=5328, stack(0x0000002142b00000,0x0000002142c00000)]
  0x000001d2fbeaa060 JavaThread "Unconstrained build operations Thread 291" [_thread_blocked, id=17936, stack(0x0000002142c00000,0x0000002142d00000)]
  0x000001d2fbeac3d0 JavaThread "Unconstrained build operations Thread 292" [_thread_blocked, id=37440, stack(0x0000002142d00000,0x0000002142e00000)]
  0x000001d2fbeaa570 JavaThread "Unconstrained build operations Thread 293" [_thread_blocked, id=21956, stack(0x0000002142e00000,0x0000002142f00000)]
  0x000001d2fbeab4a0 JavaThread "Unconstrained build operations Thread 294" [_thread_blocked, id=24876, stack(0x0000002142f00000,0x0000002143000000)]
  0x000001d2fbeabec0 JavaThread "Unconstrained build operations Thread 295" [_thread_blocked, id=39828, stack(0x0000002143000000,0x0000002143100000)]
  0x000001d2fbeab9b0 JavaThread "Unconstrained build operations Thread 296" [_thread_blocked, id=7404, stack(0x0000002143100000,0x0000002143200000)]
  0x000001d2fbeacdf0 JavaThread "Unconstrained build operations Thread 297" [_thread_blocked, id=36012, stack(0x0000002143200000,0x0000002143300000)]
  0x000001d2fa9a28b0 JavaThread "Unconstrained build operations Thread 298" [_thread_blocked, id=35728, stack(0x0000002143300000,0x0000002143400000)]
  0x000001d2fa9a0a50 JavaThread "Unconstrained build operations Thread 299" [_thread_blocked, id=10356, stack(0x0000002143400000,0x0000002143500000)]
  0x000001d2fa9a1980 JavaThread "Unconstrained build operations Thread 300" [_thread_blocked, id=22944, stack(0x0000002143500000,0x0000002143600000)]
  0x000001d2fa9a0540 JavaThread "Unconstrained build operations Thread 301" [_thread_blocked, id=3216, stack(0x0000002143600000,0x0000002143700000)]
  0x000001d2fa9a0f60 JavaThread "Unconstrained build operations Thread 302" [_thread_blocked, id=39632, stack(0x0000002143700000,0x0000002143800000)]
  0x000001d2fa9a23a0 JavaThread "Unconstrained build operations Thread 303" [_thread_blocked, id=38892, stack(0x0000002143800000,0x0000002143900000)]
  0x000001d2fa9a2dc0 JavaThread "Unconstrained build operations Thread 304" [_thread_blocked, id=2228, stack(0x0000002143900000,0x0000002143a00000)]
  0x000001d2fa9a37e0 JavaThread "Unconstrained build operations Thread 305" [_thread_blocked, id=16796, stack(0x0000002143a00000,0x0000002143b00000)]
  0x000001d2fa9a32d0 JavaThread "Unconstrained build operations Thread 306" [_thread_blocked, id=34880, stack(0x0000002143b00000,0x0000002143c00000)]
  0x000001d2fa9a1e90 JavaThread "Unconstrained build operations Thread 307" [_thread_blocked, id=39576, stack(0x0000002143c00000,0x0000002143d00000)]
  0x000001d2fa9a1470 JavaThread "Unconstrained build operations Thread 308" [_thread_blocked, id=34056, stack(0x0000002143d00000,0x0000002143e00000)]
  0x000001d2fa9a0030 JavaThread "Unconstrained build operations Thread 309" [_thread_blocked, id=18296, stack(0x0000002143e00000,0x0000002143f00000)]
  0x000001d2f71be780 JavaThread "Unconstrained build operations Thread 310" [_thread_blocked, id=35028, stack(0x0000002143f00000,0x0000002144000000)]
  0x000001d2f71bdd60 JavaThread "Unconstrained build operations Thread 311" [_thread_blocked, id=19940, stack(0x0000002144000000,0x0000002144100000)]
  0x000001d2f71be270 JavaThread "Unconstrained build operations Thread 312" [_thread_blocked, id=38856, stack(0x0000002144100000,0x0000002144200000)]
  0x000001d2f71bc410 JavaThread "Unconstrained build operations Thread 313" [_thread_blocked, id=22996, stack(0x0000002144600000,0x0000002144700000)]
  0x000001d2f8d78df0 JavaThread "Unconstrained build operations Thread 314" [_thread_blocked, id=36736, stack(0x0000002144800000,0x0000002144900000)]
  0x000001d2eaa17b30 JavaThread "Unconstrained build operations Thread 315" [_thread_blocked, id=36764, stack(0x0000002144a00000,0x0000002144b00000)]
  0x000001d2eaa18f70 JavaThread "Unconstrained build operations Thread 316" [_thread_blocked, id=39156, stack(0x0000002145d00000,0x0000002145e00000)]
  0x000001d2eaa18550 JavaThread "Unconstrained build operations Thread 317" [_thread_blocked, id=3652, stack(0x0000002146000000,0x0000002146100000)]
  0x000001d2eaa19480 JavaThread "Unconstrained build operations Thread 318" [_thread_blocked, id=30976, stack(0x0000002146200000,0x0000002146300000)]
  0x000001d2eaa18a60 JavaThread "Unconstrained build operations Thread 319" [_thread_blocked, id=4264, stack(0x0000002146300000,0x0000002146400000)]
  0x000001d2eaa18040 JavaThread "Unconstrained build operations Thread 320" [_thread_blocked, id=21532, stack(0x0000002146400000,0x0000002146500000)]
  0x000001d2f7e93920 JavaThread "C1 CompilerThread4" daemon [_thread_blocked, id=13308, stack(0x0000002146500000,0x0000002146600000)]

Other Threads:
  0x000001d2ad3ae230 VMThread "VM Thread" [stack: 0x0000002129700000,0x0000002129800000] [id=34536]
  0x000001d2e33a1860 WatcherThread [stack: 0x000000212a700000,0x000000212a800000] [id=4152]
  0x000001d28863a670 GCTaskThread "GC Thread#0" [stack: 0x0000002129200000,0x0000002129300000] [id=20404]
  0x000001d2e33c92c0 GCTaskThread "GC Thread#1" [stack: 0x000000212a800000,0x000000212a900000] [id=38144]
  0x000001d2e33c9990 GCTaskThread "GC Thread#2" [stack: 0x000000212a900000,0x000000212aa00000] [id=22912]
  0x000001d2e36a4d60 GCTaskThread "GC Thread#3" [stack: 0x000000212aa00000,0x000000212ab00000] [id=18096]
  0x000001d2e36a5020 GCTaskThread "GC Thread#4" [stack: 0x000000212ab00000,0x000000212ac00000] [id=15520]
  0x000001d2e36a52e0 GCTaskThread "GC Thread#5" [stack: 0x000000212ac00000,0x000000212ad00000] [id=9556]
  0x000001d2e36a5bb0 GCTaskThread "GC Thread#6" [stack: 0x000000212ad00000,0x000000212ae00000] [id=39244]
  0x000001d2e36c2d60 GCTaskThread "GC Thread#7" [stack: 0x000000212ae00000,0x000000212af00000] [id=6860]
  0x000001d2e80c42f0 GCTaskThread "GC Thread#8" [stack: 0x000000212af00000,0x000000212b000000] [id=13600]
  0x000001d2e80c50b0 GCTaskThread "GC Thread#9" [stack: 0x000000212b000000,0x000000212b100000] [id=17940]
  0x000001d2e80c5630 GCTaskThread "GC Thread#10" [stack: 0x000000212b100000,0x000000212b200000] [id=19472]
  0x000001d2e80c45b0 GCTaskThread "GC Thread#11" [stack: 0x000000212b200000,0x000000212b300000] [id=20384]
  0x000001d2e80c5bb0 GCTaskThread "GC Thread#12" [stack: 0x000000212c600000,0x000000212c700000] [id=10140]
  0x000001d2e80c4030 GCTaskThread "GC Thread#13" [stack: 0x000000212c700000,0x000000212c800000] [id=13100]
  0x000001d2e80c4870 GCTaskThread "GC Thread#14" [stack: 0x000000212c800000,0x000000212c900000] [id=9340]
  0x000001d2ebd5fc60 GCTaskThread "GC Thread#15" [stack: 0x000000212c900000,0x000000212ca00000] [id=18212]
  0x000001d2ebd5ebe0 GCTaskThread "GC Thread#16" [stack: 0x000000212ca00000,0x000000212cb00000] [id=33460]
  0x000001d2ebd60a20 GCTaskThread "GC Thread#17" [stack: 0x000000212cb00000,0x000000212cc00000] [id=9824]
  0x000001d2ebd5eea0 GCTaskThread "GC Thread#18" [stack: 0x000000212cc00000,0x000000212cd00000] [id=9684]
  0x000001d2ebd5ff20 GCTaskThread "GC Thread#19" [stack: 0x000000212cd00000,0x000000212ce00000] [id=10172]
  0x000001d2ebd5f160 GCTaskThread "GC Thread#20" [stack: 0x000000212ce00000,0x000000212cf00000] [id=39664]
  0x000001d2ebd5db60 GCTaskThread "GC Thread#21" [stack: 0x000000212cf00000,0x000000212d000000] [id=39660]
  0x000001d2ebd5e0e0 GCTaskThread "GC Thread#22" [stack: 0x000000212d000000,0x000000212d100000] [id=39656]
  0x000001d288647590 ConcurrentGCThread "G1 Main Marker" [stack: 0x0000002129300000,0x0000002129400000] [id=21984]
  0x000001d288648b90 ConcurrentGCThread "G1 Conc#0" [stack: 0x0000002129400000,0x0000002129500000] [id=29520]
  0x000001d2ebd601e0 ConcurrentGCThread "G1 Conc#1" [stack: 0x000000212d100000,0x000000212d200000] [id=25812]
  0x000001d2ebd60760 ConcurrentGCThread "G1 Conc#2" [stack: 0x000000212d200000,0x000000212d300000] [id=18300]
  0x000001d2ebd5f420 ConcurrentGCThread "G1 Conc#3" [stack: 0x000000212d300000,0x000000212d400000] [id=14220]
  0x000001d2ebd60ce0 ConcurrentGCThread "G1 Conc#4" [stack: 0x000000212d400000,0x000000212d500000] [id=35752]
  0x000001d2ebd5e3a0 ConcurrentGCThread "G1 Conc#5" [stack: 0x000000212d500000,0x000000212d600000] [id=31856]
  0x000001d28868e4f0 ConcurrentGCThread "G1 Refine#0" [stack: 0x0000002129500000,0x0000002129600000] [id=39424]
  0x000001d2ea7edd30 ConcurrentGCThread "G1 Refine#1" [stack: 0x0000002147000000,0x0000002147100000] [id=30492]
  0x000001d2ea7ecb90 ConcurrentGCThread "G1 Refine#2" [stack: 0x0000002147100000,0x0000002147200000] [id=24272]
  0x000001d2ea7ebce0 ConcurrentGCThread "G1 Refine#3" [stack: 0x0000002147200000,0x0000002147300000] [id=35564]
  0x000001d2ea7eb700 ConcurrentGCThread "G1 Refine#4" [stack: 0x0000002147300000,0x0000002147400000] [id=29988]
  0x000001d2ea7eae30 ConcurrentGCThread "G1 Refine#5" [stack: 0x0000002147400000,0x0000002147500000] [id=7928]
  0x000001d2ea7eb9f0 ConcurrentGCThread "G1 Refine#6" [stack: 0x0000002147500000,0x0000002147600000] [id=5192]
  0x000001d28868e8e0 ConcurrentGCThread "G1 Service" [stack: 0x0000002129600000,0x0000002129700000] [id=18196]

Threads with active compile tasks:
C2 CompilerThread0  732859 37307   !   4       com.google.gson.Gson::getAdapter (267 bytes)
C2 CompilerThread1  732859 37561       4       org.gradle.api.internal.artifacts.ivyservice.resolveengine.graph.builder.DependencyGraphBuilder::assembleResult (492 bytes)
C2 CompilerThread2  732859 37679   !   4       org.gradle.internal.operations.DefaultBuildOperationQueue$WorkerRunnable::waitForNextOperation (89 bytes)
C2 CompilerThread3  732859 37658       4       org.gradle.api.internal.AbstractNamedDomainObjectContainer::maybeCreate (18 bytes)
C2 CompilerThread4  732859 37558       4       org.gradle.api.internal.artifacts.ivyservice.modulecache.StringDeduplicatingDecoder::readBinary (10 bytes)
C2 CompilerThread5  732859 37556       4       org.gradle.api.internal.attributes.DefaultMutableAttributeContainer::doInsertionLazy (40 bytes)
C2 CompilerThread6  732859 37678       4       org.jetbrains.kotlin.gradle.utils.GradleConfigurationUtilsKt::addExtendsFromRelation (119 bytes)
C2 CompilerThread7  732859 37273       4       com.android.build.gradle.internal.cxx.settings.NameTable::environments (604 bytes)
C2 CompilerThread8  732859 37549   !   4       jdk.internal.reflect.GeneratedConstructorAccessor115::newInstance (61 bytes)

VM state: not at safepoint (normal execution)

VM Mutex/Monitor currently owned by a thread: None

Heap address: 0x0000000740000000, size: 3072 MB, Compressed Oops mode: Zero based, Oop shift amount: 3

CDS archive(s) mapped at: [0x000001d2ae000000-0x000001d2aebb0000-0x000001d2aebb0000), size 12255232, SharedBaseAddress: 0x000001d2ae000000, ArchiveRelocationMode: 1.
Compressed class space mapped at: 0x000001d2af000000-0x000001d2e3000000, reserved size: 872415232
Narrow klass base: 0x000001d2ae000000, Narrow klass shift: 0, Narrow klass range: 0x100000000

GC Precious Log:
 CPUs: 32 total, 32 available
 Memory: 31892M
 Large Page Support: Disabled
 NUMA Support: Disabled
 Compressed Oops: Enabled (Zero based)
 Heap Region Size: 2M
 Heap Min Capacity: 8M
 Heap Initial Capacity: 500M
 Heap Max Capacity: 3G
 Pre-touch: Disabled
 Parallel Workers: 23
 Concurrent Workers: 6
 Concurrent Refinement Workers: 23
 Periodic GC: Disabled

Heap:
 garbage-first heap   total 1085440K, used 564389K [0x0000000740000000, 0x0000000800000000)
  region size 2048K, 57 young (116736K), 4 survivors (8192K)
 Metaspace       used 174952K, committed 177536K, reserved 1048576K
  class space    used 25218K, committed 26432K, reserved 851968K

Heap Regions: E=young(eden), S=young(survivor), O=old, HS=humongous(starts), HC=humongous(continues), CS=collection set, F=free, OA=open archive, CA=closed archive, TAMS=top-at-mark-start (previous, next)
|   0|0x0000000740000000, 0x0000000740200000, 0x0000000740200000|100%|HS|  |TAMS 0x0000000740200000, 0x0000000740000000| Complete 
|   1|0x0000000740200000, 0x0000000740400000, 0x0000000740400000|100%|HC|  |TAMS 0x0000000740400000, 0x0000000740200000| Complete 
|   2|0x0000000740400000, 0x0000000740600000, 0x0000000740600000|100%| O|  |TAMS 0x0000000740600000, 0x0000000740400000| Untracked 
|   3|0x0000000740600000, 0x0000000740800000, 0x0000000740800000|100%| O|  |TAMS 0x0000000740800000, 0x0000000740600000| Untracked 
|   4|0x0000000740800000, 0x0000000740a00000, 0x0000000740a00000|100%| O|  |TAMS 0x0000000740a00000, 0x0000000740800000| Untracked 
|   5|0x0000000740a00000, 0x0000000740c00000, 0x0000000740c00000|100%| O|  |TAMS 0x0000000740c00000, 0x0000000740a00000| Untracked 
|   6|0x0000000740c00000, 0x0000000740e00000, 0x0000000740e00000|100%| O|  |TAMS 0x0000000740e00000, 0x0000000740c00000| Untracked 
|   7|0x0000000740e00000, 0x0000000741000000, 0x0000000741000000|100%| O|  |TAMS 0x0000000741000000, 0x0000000740e00000| Untracked 
|   8|0x0000000741000000, 0x0000000741200000, 0x0000000741200000|100%| O|  |TAMS 0x0000000741200000, 0x0000000741000000| Untracked 
|   9|0x0000000741200000, 0x0000000741400000, 0x0000000741400000|100%| O|  |TAMS 0x0000000741400000, 0x0000000741200000| Untracked 
|  10|0x0000000741400000, 0x0000000741600000, 0x0000000741600000|100%| O|  |TAMS 0x0000000741600000, 0x0000000741400000| Untracked 
|  11|0x0000000741600000, 0x0000000741800000, 0x0000000741800000|100%| O|  |TAMS 0x0000000741800000, 0x0000000741600000| Untracked 
|  12|0x0000000741800000, 0x0000000741a00000, 0x0000000741a00000|100%| O|  |TAMS 0x0000000741a00000, 0x0000000741800000| Untracked 
|  13|0x0000000741a00000, 0x0000000741c00000, 0x0000000741c00000|100%| O|  |TAMS 0x0000000741c00000, 0x0000000741a00000| Untracked 
|  14|0x0000000741c00000, 0x0000000741e00000, 0x0000000741e00000|100%|HS|  |TAMS 0x0000000741e00000, 0x0000000741c00000| Complete 
|  15|0x0000000741e00000, 0x0000000742000000, 0x0000000742000000|100%| O|  |TAMS 0x0000000742000000, 0x0000000741e00000| Untracked 
|  16|0x0000000742000000, 0x0000000742200000, 0x0000000742200000|100%|HS|  |TAMS 0x0000000742200000, 0x0000000742000000| Complete 
|  17|0x0000000742200000, 0x0000000742400000, 0x0000000742400000|100%| O|  |TAMS 0x0000000742200000, 0x0000000742200000| Untracked 
|  18|0x0000000742400000, 0x0000000742600000, 0x0000000742600000|100%| O|  |TAMS 0x0000000742600000, 0x0000000742400000| Untracked 
|  19|0x0000000742600000, 0x0000000742800000, 0x0000000742800000|100%| O|  |TAMS 0x0000000742800000, 0x0000000742600000| Untracked 
|  20|0x0000000742800000, 0x0000000742a00000, 0x0000000742a00000|100%| O|  |TAMS 0x0000000742a00000, 0x0000000742800000| Untracked 
|  21|0x0000000742a00000, 0x0000000742c00000, 0x0000000742c00000|100%| O|  |TAMS 0x0000000742c00000, 0x0000000742a00000| Untracked 
|  22|0x0000000742c00000, 0x0000000742e00000, 0x0000000742e00000|100%| O|  |TAMS 0x0000000742c00000, 0x0000000742c00000| Untracked 
|  23|0x0000000742e00000, 0x0000000743000000, 0x0000000743000000|100%| O|  |TAMS 0x0000000743000000, 0x0000000742e00000| Untracked 
|  24|0x0000000743000000, 0x0000000743200000, 0x0000000743200000|100%| O|  |TAMS 0x0000000743200000, 0x0000000743000000| Untracked 
|  25|0x0000000743200000, 0x0000000743400000, 0x0000000743400000|100%| O|  |TAMS 0x0000000743400000, 0x0000000743200000| Untracked 
|  26|0x0000000743400000, 0x0000000743600000, 0x0000000743600000|100%| O|  |TAMS 0x0000000743600000, 0x0000000743400000| Untracked 
|  27|0x0000000743600000, 0x0000000743800000, 0x0000000743800000|100%| O|  |TAMS 0x0000000743800000, 0x0000000743600000| Untracked 
|  28|0x0000000743800000, 0x0000000743a00000, 0x0000000743a00000|100%| O|  |TAMS 0x0000000743a00000, 0x0000000743800000| Untracked 
|  29|0x0000000743a00000, 0x0000000743c00000, 0x0000000743c00000|100%| O|  |TAMS 0x0000000743a00000, 0x0000000743a00000| Untracked 
|  30|0x0000000743c00000, 0x0000000743c00000, 0x0000000743e00000|  0%| F|  |TAMS 0x0000000743c00000, 0x0000000743c00000| Untracked 
|  31|0x0000000743e00000, 0x0000000744000000, 0x0000000744000000|100%|HS|  |TAMS 0x0000000744000000, 0x0000000743e00000| Complete 
|  32|0x0000000744000000, 0x0000000744200000, 0x0000000744200000|100%|HS|  |TAMS 0x0000000744200000, 0x0000000744000000| Complete 
|  33|0x0000000744200000, 0x0000000744400000, 0x0000000744400000|100%| O|  |TAMS 0x0000000744200000, 0x0000000744200000| Untracked 
|  34|0x0000000744400000, 0x0000000744600000, 0x0000000744600000|100%| O|  |TAMS 0x0000000744400000, 0x0000000744400000| Untracked 
|  35|0x0000000744600000, 0x0000000744800000, 0x0000000744800000|100%| O|  |TAMS 0x0000000744800000, 0x0000000744600000| Untracked 
|  36|0x0000000744800000, 0x0000000744a00000, 0x0000000744a00000|100%| O|  |TAMS 0x0000000744a00000, 0x0000000744800000| Untracked 
|  37|0x0000000744a00000, 0x0000000744c00000, 0x0000000744c00000|100%| O|  |TAMS 0x0000000744c00000, 0x0000000744a00000| Untracked 
|  38|0x0000000744c00000, 0x0000000744e00000, 0x0000000744e00000|100%| O|  |TAMS 0x0000000744e00000, 0x0000000744c00000| Untracked 
|  39|0x0000000744e00000, 0x0000000745000000, 0x0000000745000000|100%|HS|  |TAMS 0x0000000745000000, 0x0000000744e00000| Complete 
|  40|0x0000000745000000, 0x0000000745200000, 0x0000000745200000|100%| O|  |TAMS 0x0000000745200000, 0x0000000745000000| Untracked 
|  41|0x0000000745200000, 0x0000000745400000, 0x0000000745400000|100%| O|  |TAMS 0x0000000745400000, 0x0000000745200000| Untracked 
|  42|0x0000000745400000, 0x0000000745600000, 0x0000000745600000|100%|HS|  |TAMS 0x0000000745600000, 0x0000000745400000| Complete 
|  43|0x0000000745600000, 0x0000000745800000, 0x0000000745800000|100%| O|  |TAMS 0x0000000745800000, 0x0000000745600000| Untracked 
|  44|0x0000000745800000, 0x0000000745a00000, 0x0000000745a00000|100%| O|  |TAMS 0x0000000745a00000, 0x0000000745800000| Untracked 
|  45|0x0000000745a00000, 0x0000000745c00000, 0x0000000745c00000|100%| O|  |TAMS 0x0000000745c00000, 0x0000000745a00000| Untracked 
|  46|0x0000000745c00000, 0x0000000745e00000, 0x0000000745e00000|100%| O|  |TAMS 0x0000000745e00000, 0x0000000745c00000| Untracked 
|  47|0x0000000745e00000, 0x0000000746000000, 0x0000000746000000|100%| O|  |TAMS 0x0000000746000000, 0x0000000745e00000| Untracked 
|  48|0x0000000746000000, 0x0000000746200000, 0x0000000746200000|100%| O|  |TAMS 0x0000000746200000, 0x0000000746000000| Untracked 
|  49|0x0000000746200000, 0x0000000746400000, 0x0000000746400000|100%| O|  |TAMS 0x0000000746200000, 0x0000000746200000| Untracked 
|  50|0x0000000746400000, 0x0000000746600000, 0x0000000746600000|100%| O|  |TAMS 0x0000000746600000, 0x0000000746400000| Untracked 
|  51|0x0000000746600000, 0x0000000746800000, 0x0000000746800000|100%| O|  |TAMS 0x0000000746800000, 0x0000000746600000| Untracked 
|  52|0x0000000746800000, 0x0000000746a00000, 0x0000000746a00000|100%| O|  |TAMS 0x0000000746a00000, 0x0000000746800000| Untracked 
|  53|0x0000000746a00000, 0x0000000746c00000, 0x0000000746c00000|100%| O|  |TAMS 0x0000000746c00000, 0x0000000746a00000| Untracked 
|  54|0x0000000746c00000, 0x0000000746e00000, 0x0000000746e00000|100%| O|  |TAMS 0x0000000746e00000, 0x0000000746c00000| Untracked 
|  55|0x0000000746e00000, 0x0000000747000000, 0x0000000747000000|100%| O|  |TAMS 0x0000000746e00000, 0x0000000746e00000| Untracked 
|  56|0x0000000747000000, 0x0000000747000000, 0x0000000747200000|  0%| F|  |TAMS 0x0000000747000000, 0x0000000747000000| Untracked 
|  57|0x0000000747200000, 0x0000000747400000, 0x0000000747400000|100%| O|  |TAMS 0x0000000747400000, 0x0000000747200000| Untracked 
|  58|0x0000000747400000, 0x0000000747600000, 0x0000000747600000|100%| O|  |TAMS 0x0000000747600000, 0x0000000747400000| Untracked 
|  59|0x0000000747600000, 0x0000000747800000, 0x0000000747800000|100%| O|  |TAMS 0x0000000747800000, 0x0000000747600000| Untracked 
|  60|0x0000000747800000, 0x0000000747a00000, 0x0000000747a00000|100%| O|  |TAMS 0x0000000747a00000, 0x0000000747800000| Untracked 
|  61|0x0000000747a00000, 0x0000000747c00000, 0x0000000747c00000|100%| O|  |TAMS 0x0000000747c00000, 0x0000000747a00000| Untracked 
|  62|0x0000000747c00000, 0x0000000747e00000, 0x0000000747e00000|100%| O|  |TAMS 0x0000000747e00000, 0x0000000747c00000| Untracked 
|  63|0x0000000747e00000, 0x0000000748000000, 0x0000000748000000|100%| O|  |TAMS 0x0000000747e00000, 0x0000000747e00000| Untracked 
|  64|0x0000000748000000, 0x0000000748200000, 0x0000000748200000|100%| O|  |TAMS 0x0000000748200000, 0x0000000748000000| Untracked 
|  65|0x0000000748200000, 0x0000000748400000, 0x0000000748400000|100%|HS|  |TAMS 0x0000000748400000, 0x0000000748200000| Complete 
|  66|0x0000000748400000, 0x0000000748600000, 0x0000000748600000|100%|HC|  |TAMS 0x0000000748600000, 0x0000000748400000| Complete 
|  67|0x0000000748600000, 0x0000000748800000, 0x0000000748800000|100%|HS|  |TAMS 0x0000000748800000, 0x0000000748600000| Complete 
|  68|0x0000000748800000, 0x0000000748a00000, 0x0000000748a00000|100%|HC|  |TAMS 0x0000000748a00000, 0x0000000748800000| Complete 
|  69|0x0000000748a00000, 0x0000000748c00000, 0x0000000748c00000|100%| O|  |TAMS 0x0000000748c00000, 0x0000000748a00000| Untracked 
|  70|0x0000000748c00000, 0x0000000748e00000, 0x0000000748e00000|100%| O|  |TAMS 0x0000000748e00000, 0x0000000748c00000| Untracked 
|  71|0x0000000748e00000, 0x0000000749000000, 0x0000000749000000|100%| O|  |TAMS 0x0000000748e00000, 0x0000000748e00000| Untracked 
|  72|0x0000000749000000, 0x0000000749200000, 0x0000000749200000|100%| O|  |TAMS 0x0000000749200000, 0x0000000749000000| Untracked 
|  73|0x0000000749200000, 0x0000000749200000, 0x0000000749400000|  0%| F|  |TAMS 0x0000000749200000, 0x0000000749200000| Untracked 
|  74|0x0000000749400000, 0x0000000749600000, 0x0000000749600000|100%| O|  |TAMS 0x0000000749400000, 0x0000000749400000| Untracked 
|  75|0x0000000749600000, 0x0000000749800000, 0x0000000749800000|100%| O|  |TAMS 0x0000000749800000, 0x0000000749600000| Untracked 
|  76|0x0000000749800000, 0x0000000749a00000, 0x0000000749a00000|100%| O|  |TAMS 0x0000000749a00000, 0x0000000749800000| Untracked 
|  77|0x0000000749a00000, 0x0000000749c00000, 0x0000000749c00000|100%| O|  |TAMS 0x0000000749a00000, 0x0000000749a00000| Untracked 
|  78|0x0000000749c00000, 0x0000000749e00000, 0x0000000749e00000|100%| O|  |TAMS 0x0000000749c00000, 0x0000000749c00000| Untracked 
|  79|0x0000000749e00000, 0x000000074a000000, 0x000000074a000000|100%| O|  |TAMS 0x000000074a000000, 0x0000000749e00000| Untracked 
|  80|0x000000074a000000, 0x000000074a200000, 0x000000074a200000|100%| O|  |TAMS 0x000000074a200000, 0x000000074a000000| Untracked 
|  81|0x000000074a200000, 0x000000074a400000, 0x000000074a400000|100%| O|  |TAMS 0x000000074a400000, 0x000000074a200000| Untracked 
|  82|0x000000074a400000, 0x000000074a600000, 0x000000074a600000|100%| O|  |TAMS 0x000000074a600000, 0x000000074a400000| Untracked 
|  83|0x000000074a600000, 0x000000074a800000, 0x000000074a800000|100%| O|  |TAMS 0x000000074a800000, 0x000000074a600000| Untracked 
|  84|0x000000074a800000, 0x000000074aa00000, 0x000000074aa00000|100%| O|  |TAMS 0x000000074aa00000, 0x000000074a800000| Untracked 
|  85|0x000000074aa00000, 0x000000074ac00000, 0x000000074ac00000|100%| O|  |TAMS 0x000000074ac00000, 0x000000074aa00000| Untracked 
|  86|0x000000074ac00000, 0x000000074ae00000, 0x000000074ae00000|100%| O|  |TAMS 0x000000074ae00000, 0x000000074ac00000| Untracked 
|  87|0x000000074ae00000, 0x000000074b000000, 0x000000074b000000|100%| O|  |TAMS 0x000000074b000000, 0x000000074ae00000| Untracked 
|  88|0x000000074b000000, 0x000000074b200000, 0x000000074b200000|100%| O|  |TAMS 0x000000074b000000, 0x000000074b000000| Untracked 
|  89|0x000000074b200000, 0x000000074b400000, 0x000000074b400000|100%| O|  |TAMS 0x000000074b400000, 0x000000074b200000| Untracked 
|  90|0x000000074b400000, 0x000000074b600000, 0x000000074b600000|100%| O|  |TAMS 0x000000074b600000, 0x000000074b400000| Untracked 
|  91|0x000000074b600000, 0x000000074b800000, 0x000000074b800000|100%|HS|  |TAMS 0x000000074b800000, 0x000000074b600000| Complete 
|  92|0x000000074b800000, 0x000000074ba00000, 0x000000074ba00000|100%|HS|  |TAMS 0x000000074ba00000, 0x000000074b800000| Complete 
|  93|0x000000074ba00000, 0x000000074bc00000, 0x000000074bc00000|100%|HC|  |TAMS 0x000000074bc00000, 0x000000074ba00000| Complete 
|  94|0x000000074bc00000, 0x000000074be00000, 0x000000074be00000|100%| O|  |TAMS 0x000000074be00000, 0x000000074bc00000| Untracked 
|  95|0x000000074be00000, 0x000000074c000000, 0x000000074c000000|100%| O|  |TAMS 0x000000074c000000, 0x000000074be00000| Untracked 
|  96|0x000000074c000000, 0x000000074c200000, 0x000000074c200000|100%| O|  |TAMS 0x000000074c200000, 0x000000074c000000| Untracked 
|  97|0x000000074c200000, 0x000000074c400000, 0x000000074c400000|100%| O|  |TAMS 0x000000074c400000, 0x000000074c200000| Untracked 
|  98|0x000000074c400000, 0x000000074c600000, 0x000000074c600000|100%| O|  |TAMS 0x000000074c600000, 0x000000074c400000| Untracked 
|  99|0x000000074c600000, 0x000000074c800000, 0x000000074c800000|100%| O|  |TAMS 0x000000074c800000, 0x000000074c600000| Untracked 
| 100|0x000000074c800000, 0x000000074ca00000, 0x000000074ca00000|100%| O|  |TAMS 0x000000074ca00000, 0x000000074c800000| Untracked 
| 101|0x000000074ca00000, 0x000000074cc00000, 0x000000074cc00000|100%| O|  |TAMS 0x000000074ca00000, 0x000000074ca00000| Untracked 
| 102|0x000000074cc00000, 0x000000074ce00000, 0x000000074ce00000|100%| O|  |TAMS 0x000000074cc00000, 0x000000074cc00000| Untracked 
| 103|0x000000074ce00000, 0x000000074d000000, 0x000000074d000000|100%| O|  |TAMS 0x000000074d000000, 0x000000074ce00000| Untracked 
| 104|0x000000074d000000, 0x000000074d200000, 0x000000074d200000|100%| O|  |TAMS 0x000000074d000000, 0x000000074d000000| Untracked 
| 105|0x000000074d200000, 0x000000074d400000, 0x000000074d400000|100%| O|  |TAMS 0x000000074d400000, 0x000000074d200000| Untracked 
| 106|0x000000074d400000, 0x000000074d600000, 0x000000074d600000|100%| O|  |TAMS 0x000000074d600000, 0x000000074d400000| Untracked 
| 107|0x000000074d600000, 0x000000074d800000, 0x000000074d800000|100%| O|  |TAMS 0x000000074d800000, 0x000000074d600000| Untracked 
| 108|0x000000074d800000, 0x000000074da00000, 0x000000074da00000|100%| O|  |TAMS 0x000000074d800000, 0x000000074d800000| Untracked 
| 109|0x000000074da00000, 0x000000074dc00000, 0x000000074dc00000|100%| O|  |TAMS 0x000000074dc00000, 0x000000074da00000| Untracked 
| 110|0x000000074dc00000, 0x000000074de00000, 0x000000074de00000|100%| O|  |TAMS 0x000000074de00000, 0x000000074dc00000| Untracked 
| 111|0x000000074de00000, 0x000000074e000000, 0x000000074e000000|100%| O|  |TAMS 0x000000074e000000, 0x000000074de00000| Untracked 
| 112|0x000000074e000000, 0x000000074e200000, 0x000000074e200000|100%| O|  |TAMS 0x000000074e200000, 0x000000074e000000| Untracked 
| 113|0x000000074e200000, 0x000000074e400000, 0x000000074e400000|100%| O|  |TAMS 0x000000074e200000, 0x000000074e200000| Untracked 
| 114|0x000000074e400000, 0x000000074e400000, 0x000000074e600000|  0%| F|  |TAMS 0x000000074e400000, 0x000000074e400000| Untracked 
| 115|0x000000074e600000, 0x000000074e800000, 0x000000074e800000|100%| O|  |TAMS 0x000000074e600000, 0x000000074e600000| Untracked 
| 116|0x000000074e800000, 0x000000074ea00000, 0x000000074ea00000|100%| O|  |TAMS 0x000000074ea00000, 0x000000074e800000| Untracked 
| 117|0x000000074ea00000, 0x000000074ec00000, 0x000000074ec00000|100%| O|  |TAMS 0x000000074ec00000, 0x000000074ea00000| Untracked 
| 118|0x000000074ec00000, 0x000000074ee00000, 0x000000074ee00000|100%| O|  |TAMS 0x000000074ee00000, 0x000000074ec00000| Untracked 
| 119|0x000000074ee00000, 0x000000074f000000, 0x000000074f000000|100%| O|  |TAMS 0x000000074f000000, 0x000000074ee00000| Untracked 
| 120|0x000000074f000000, 0x000000074f200000, 0x000000074f200000|100%| O|  |TAMS 0x000000074f200000, 0x000000074f000000| Untracked 
| 121|0x000000074f200000, 0x000000074f400000, 0x000000074f400000|100%|HS|  |TAMS 0x000000074f400000, 0x000000074f200000| Complete 
| 122|0x000000074f400000, 0x000000074f600000, 0x000000074f600000|100%| O|  |TAMS 0x000000074f600000, 0x000000074f400000| Untracked 
| 123|0x000000074f600000, 0x000000074f800000, 0x000000074f800000|100%| O|  |TAMS 0x000000074f800000, 0x000000074f600000| Untracked 
| 124|0x000000074f800000, 0x000000074fa00000, 0x000000074fa00000|100%| O|  |TAMS 0x000000074f800000, 0x000000074f800000| Untracked 
| 125|0x000000074fa00000, 0x000000074fa00000, 0x000000074fc00000|  0%| F|  |TAMS 0x000000074fa00000, 0x000000074fa00000| Untracked 
| 126|0x000000074fc00000, 0x000000074fe00000, 0x000000074fe00000|100%| O|  |TAMS 0x000000074fe00000, 0x000000074fc00000| Untracked 
| 127|0x000000074fe00000, 0x0000000750000000, 0x0000000750000000|100%| O|  |TAMS 0x0000000750000000, 0x000000074fe00000| Untracked 
| 128|0x0000000750000000, 0x0000000750200000, 0x0000000750200000|100%| O|  |TAMS 0x0000000750000000, 0x0000000750000000| Untracked 
| 129|0x0000000750200000, 0x0000000750200000, 0x0000000750400000|  0%| F|  |TAMS 0x0000000750200000, 0x0000000750200000| Untracked 
| 130|0x0000000750400000, 0x0000000750400000, 0x0000000750600000|  0%| F|  |TAMS 0x0000000750400000, 0x0000000750400000| Untracked 
| 131|0x0000000750600000, 0x0000000750800000, 0x0000000750800000|100%| O|  |TAMS 0x0000000750600000, 0x0000000750600000| Untracked 
| 132|0x0000000750800000, 0x0000000750a00000, 0x0000000750a00000|100%| O|  |TAMS 0x0000000750800000, 0x0000000750800000| Untracked 
| 133|0x0000000750a00000, 0x0000000750bb5600, 0x0000000750c00000| 85%| O|  |TAMS 0x0000000750a00000, 0x0000000750a00000| Untracked 
| 134|0x0000000750c00000, 0x0000000750c00000, 0x0000000750e00000|  0%| F|  |TAMS 0x0000000750c00000, 0x0000000750c00000| Untracked 
| 135|0x0000000750e00000, 0x0000000750e00000, 0x0000000751000000|  0%| F|  |TAMS 0x0000000750e00000, 0x0000000750e00000| Untracked 
| 136|0x0000000751000000, 0x0000000751000000, 0x0000000751200000|  0%| F|  |TAMS 0x0000000751000000, 0x0000000751000000| Untracked 
| 137|0x0000000751200000, 0x0000000751200000, 0x0000000751400000|  0%| F|  |TAMS 0x0000000751200000, 0x0000000751200000| Untracked 
| 138|0x0000000751400000, 0x0000000751400000, 0x0000000751600000|  0%| F|  |TAMS 0x0000000751400000, 0x0000000751400000| Untracked 
| 139|0x0000000751600000, 0x0000000751600000, 0x0000000751800000|  0%| F|  |TAMS 0x0000000751600000, 0x0000000751600000| Untracked 
| 140|0x0000000751800000, 0x0000000751800000, 0x0000000751a00000|  0%| F|  |TAMS 0x0000000751800000, 0x0000000751800000| Untracked 
| 141|0x0000000751a00000, 0x0000000751a00000, 0x0000000751c00000|  0%| F|  |TAMS 0x0000000751a00000, 0x0000000751a00000| Untracked 
| 142|0x0000000751c00000, 0x0000000751c00000, 0x0000000751e00000|  0%| F|  |TAMS 0x0000000751c00000, 0x0000000751c00000| Untracked 
| 143|0x0000000751e00000, 0x0000000751e00000, 0x0000000752000000|  0%| F|  |TAMS 0x0000000751e00000, 0x0000000751e00000| Untracked 
| 144|0x0000000752000000, 0x0000000752000000, 0x0000000752200000|  0%| F|  |TAMS 0x0000000752000000, 0x0000000752000000| Untracked 
| 145|0x0000000752200000, 0x0000000752200000, 0x0000000752400000|  0%| F|  |TAMS 0x0000000752200000, 0x0000000752200000| Untracked 
| 146|0x0000000752400000, 0x0000000752400000, 0x0000000752600000|  0%| F|  |TAMS 0x0000000752400000, 0x0000000752400000| Untracked 
| 147|0x0000000752600000, 0x0000000752600000, 0x0000000752800000|  0%| F|  |TAMS 0x0000000752600000, 0x0000000752600000| Untracked 
| 148|0x0000000752800000, 0x0000000752800000, 0x0000000752a00000|  0%| F|  |TAMS 0x0000000752800000, 0x0000000752800000| Untracked 
| 149|0x0000000752a00000, 0x0000000752a00000, 0x0000000752c00000|  0%| F|  |TAMS 0x0000000752a00000, 0x0000000752a00000| Untracked 
| 150|0x0000000752c00000, 0x0000000752c00000, 0x0000000752e00000|  0%| F|  |TAMS 0x0000000752c00000, 0x0000000752c00000| Untracked 
| 151|0x0000000752e00000, 0x0000000753000000, 0x0000000753000000|100%| O|  |TAMS 0x0000000753000000, 0x0000000752e00000| Untracked 
| 152|0x0000000753000000, 0x00000007531ffff8, 0x0000000753200000| 99%| O|  |TAMS 0x00000007531ffff8, 0x0000000753000000| Untracked 
| 153|0x0000000753200000, 0x0000000753200000, 0x0000000753400000|  0%| F|  |TAMS 0x0000000753200000, 0x0000000753200000| Untracked 
| 154|0x0000000753400000, 0x0000000753400000, 0x0000000753600000|  0%| F|  |TAMS 0x0000000753400000, 0x0000000753400000| Untracked 
| 155|0x0000000753600000, 0x0000000753600000, 0x0000000753800000|  0%| F|  |TAMS 0x0000000753600000, 0x0000000753600000| Untracked 
| 156|0x0000000753800000, 0x0000000753800000, 0x0000000753a00000|  0%| F|  |TAMS 0x0000000753800000, 0x0000000753800000| Untracked 
| 157|0x0000000753a00000, 0x0000000753a00000, 0x0000000753c00000|  0%| F|  |TAMS 0x0000000753a00000, 0x0000000753a00000| Untracked 
| 158|0x0000000753c00000, 0x0000000753e00000, 0x0000000753e00000|100%| O|  |TAMS 0x0000000753e00000, 0x0000000753c00000| Untracked 
| 159|0x0000000753e00000, 0x0000000754000000, 0x0000000754000000|100%| O|  |TAMS 0x0000000754000000, 0x0000000753e00000| Untracked 
| 160|0x0000000754000000, 0x0000000754200000, 0x0000000754200000|100%| O|  |TAMS 0x0000000754200000, 0x0000000754000000| Untracked 
| 161|0x0000000754200000, 0x0000000754400000, 0x0000000754400000|100%| O|  |TAMS 0x0000000754400000, 0x0000000754200000| Untracked 
| 162|0x0000000754400000, 0x0000000754600000, 0x0000000754600000|100%| O|  |TAMS 0x0000000754600000, 0x0000000754400000| Untracked 
| 163|0x0000000754600000, 0x0000000754600000, 0x0000000754800000|  0%| F|  |TAMS 0x0000000754600000, 0x0000000754600000| Untracked 
| 164|0x0000000754800000, 0x0000000754a00000, 0x0000000754a00000|100%| O|  |TAMS 0x0000000754a00000, 0x0000000754800000| Untracked 
| 165|0x0000000754a00000, 0x0000000754c00000, 0x0000000754c00000|100%| O|  |TAMS 0x0000000754c00000, 0x0000000754a00000| Untracked 
| 166|0x0000000754c00000, 0x0000000754e00000, 0x0000000754e00000|100%| O|  |TAMS 0x0000000754e00000, 0x0000000754c00000| Untracked 
| 167|0x0000000754e00000, 0x0000000754e00000, 0x0000000755000000|  0%| F|  |TAMS 0x0000000754e00000, 0x0000000754e00000| Untracked 
| 168|0x0000000755000000, 0x0000000755000000, 0x0000000755200000|  0%| F|  |TAMS 0x0000000755000000, 0x0000000755000000| Untracked 
| 169|0x0000000755200000, 0x0000000755200000, 0x0000000755400000|  0%| F|  |TAMS 0x0000000755200000, 0x0000000755200000| Untracked 
| 170|0x0000000755400000, 0x0000000755400000, 0x0000000755600000|  0%| F|  |TAMS 0x0000000755400000, 0x0000000755400000| Untracked 
| 171|0x0000000755600000, 0x0000000755600000, 0x0000000755800000|  0%| F|  |TAMS 0x0000000755600000, 0x0000000755600000| Untracked 
| 172|0x0000000755800000, 0x0000000755a00000, 0x0000000755a00000|100%| O|  |TAMS 0x0000000755a00000, 0x0000000755800000| Untracked 
| 173|0x0000000755a00000, 0x0000000755c00000, 0x0000000755c00000|100%| O|  |TAMS 0x0000000755c00000, 0x0000000755a00000| Untracked 
| 174|0x0000000755c00000, 0x0000000755e00000, 0x0000000755e00000|100%| O|  |TAMS 0x0000000755e00000, 0x0000000755c00000| Untracked 
| 175|0x0000000755e00000, 0x0000000756000000, 0x0000000756000000|100%| O|  |TAMS 0x0000000756000000, 0x0000000755e00000| Untracked 
| 176|0x0000000756000000, 0x0000000756200000, 0x0000000756200000|100%| O|  |TAMS 0x0000000756200000, 0x0000000756000000| Untracked 
| 177|0x0000000756200000, 0x0000000756400000, 0x0000000756400000|100%| O|  |TAMS 0x0000000756400000, 0x0000000756200000| Untracked 
| 178|0x0000000756400000, 0x0000000756600000, 0x0000000756600000|100%| O|  |TAMS 0x0000000756600000, 0x0000000756400000| Untracked 
| 179|0x0000000756600000, 0x0000000756800000, 0x0000000756800000|100%| O|  |TAMS 0x0000000756800000, 0x0000000756600000| Untracked 
| 180|0x0000000756800000, 0x0000000756a00000, 0x0000000756a00000|100%| O|  |TAMS 0x0000000756a00000, 0x0000000756800000| Untracked 
| 181|0x0000000756a00000, 0x0000000756c00000, 0x0000000756c00000|100%| O|  |TAMS 0x0000000756c00000, 0x0000000756a00000| Untracked 
| 182|0x0000000756c00000, 0x0000000756c00000, 0x0000000756e00000|  0%| F|  |TAMS 0x0000000756c00000, 0x0000000756c00000| Untracked 
| 183|0x0000000756e00000, 0x0000000756e00000, 0x0000000757000000|  0%| F|  |TAMS 0x0000000756e00000, 0x0000000756e00000| Untracked 
| 184|0x0000000757000000, 0x0000000757000000, 0x0000000757200000|  0%| F|  |TAMS 0x0000000757000000, 0x0000000757000000| Untracked 
| 185|0x0000000757200000, 0x0000000757400000, 0x0000000757400000|100%| O|  |TAMS 0x0000000757400000, 0x0000000757200000| Untracked 
| 186|0x0000000757400000, 0x0000000757600000, 0x0000000757600000|100%| O|  |TAMS 0x0000000757600000, 0x0000000757400000| Untracked 
| 187|0x0000000757600000, 0x0000000757800000, 0x0000000757800000|100%| O|  |TAMS 0x0000000757800000, 0x0000000757600000| Untracked 
| 188|0x0000000757800000, 0x0000000757a00000, 0x0000000757a00000|100%| O|  |TAMS 0x0000000757a00000, 0x0000000757800000| Untracked 
| 189|0x0000000757a00000, 0x0000000757c00000, 0x0000000757c00000|100%| O|  |TAMS 0x0000000757c00000, 0x0000000757a00000| Untracked 
| 190|0x0000000757c00000, 0x0000000757e00000, 0x0000000757e00000|100%| O|  |TAMS 0x0000000757e00000, 0x0000000757c00000| Untracked 
| 191|0x0000000757e00000, 0x0000000758000000, 0x0000000758000000|100%| O|  |TAMS 0x0000000758000000, 0x0000000757e00000| Untracked 
| 192|0x0000000758000000, 0x0000000758200000, 0x0000000758200000|100%| O|  |TAMS 0x0000000758200000, 0x0000000758000000| Untracked 
| 193|0x0000000758200000, 0x0000000758400000, 0x0000000758400000|100%| O|  |TAMS 0x0000000758400000, 0x0000000758200000| Untracked 
| 194|0x0000000758400000, 0x0000000758600000, 0x0000000758600000|100%| O|  |TAMS 0x0000000758600000, 0x0000000758400000| Untracked 
| 195|0x0000000758600000, 0x0000000758800000, 0x0000000758800000|100%| O|  |TAMS 0x0000000758800000, 0x0000000758600000| Untracked 
| 196|0x0000000758800000, 0x0000000758a00000, 0x0000000758a00000|100%| O|  |TAMS 0x0000000758a00000, 0x0000000758800000| Untracked 
| 197|0x0000000758a00000, 0x0000000758c00000, 0x0000000758c00000|100%| O|  |TAMS 0x0000000758c00000, 0x0000000758a00000| Untracked 
| 198|0x0000000758c00000, 0x0000000758e00000, 0x0000000758e00000|100%| O|  |TAMS 0x0000000758e00000, 0x0000000758c00000| Untracked 
| 199|0x0000000758e00000, 0x0000000759000000, 0x0000000759000000|100%| O|  |TAMS 0x0000000759000000, 0x0000000758e00000| Untracked 
| 200|0x0000000759000000, 0x0000000759200000, 0x0000000759200000|100%| O|  |TAMS 0x0000000759200000, 0x0000000759000000| Untracked 
| 201|0x0000000759200000, 0x0000000759400000, 0x0000000759400000|100%| O|  |TAMS 0x0000000759400000, 0x0000000759200000| Untracked 
| 202|0x0000000759400000, 0x0000000759600000, 0x0000000759600000|100%| O|  |TAMS 0x0000000759600000, 0x0000000759400000| Untracked 
| 203|0x0000000759600000, 0x0000000759800000, 0x0000000759800000|100%| O|  |TAMS 0x0000000759800000, 0x0000000759600000| Untracked 
| 204|0x0000000759800000, 0x0000000759a00000, 0x0000000759a00000|100%| O|  |TAMS 0x0000000759a00000, 0x0000000759800000| Untracked 
| 205|0x0000000759a00000, 0x0000000759c00000, 0x0000000759c00000|100%| O|  |TAMS 0x0000000759c00000, 0x0000000759a00000| Untracked 
| 206|0x0000000759c00000, 0x0000000759e00000, 0x0000000759e00000|100%| O|  |TAMS 0x0000000759e00000, 0x0000000759c00000| Untracked 
| 207|0x0000000759e00000, 0x000000075a000000, 0x000000075a000000|100%| O|  |TAMS 0x000000075a000000, 0x0000000759e00000| Untracked 
| 208|0x000000075a000000, 0x000000075a200000, 0x000000075a200000|100%| O|  |TAMS 0x000000075a200000, 0x000000075a000000| Untracked 
| 209|0x000000075a200000, 0x000000075a400000, 0x000000075a400000|100%| O|  |TAMS 0x000000075a400000, 0x000000075a200000| Untracked 
| 210|0x000000075a400000, 0x000000075a600000, 0x000000075a600000|100%| O|  |TAMS 0x000000075a600000, 0x000000075a400000| Untracked 
| 211|0x000000075a600000, 0x000000075a600000, 0x000000075a800000|  0%| F|  |TAMS 0x000000075a600000, 0x000000075a600000| Untracked 
| 212|0x000000075a800000, 0x000000075a800000, 0x000000075aa00000|  0%| F|  |TAMS 0x000000075a800000, 0x000000075a800000| Untracked 
| 213|0x000000075aa00000, 0x000000075aa00000, 0x000000075ac00000|  0%| F|  |TAMS 0x000000075aa00000, 0x000000075aa00000| Untracked 
| 214|0x000000075ac00000, 0x000000075ac00000, 0x000000075ae00000|  0%| F|  |TAMS 0x000000075ac00000, 0x000000075ac00000| Untracked 
| 215|0x000000075ae00000, 0x000000075b000000, 0x000000075b000000|100%| O|  |TAMS 0x000000075b000000, 0x000000075ae00000| Untracked 
| 216|0x000000075b000000, 0x000000075b200000, 0x000000075b200000|100%| O|  |TAMS 0x000000075b200000, 0x000000075b000000| Untracked 
| 217|0x000000075b200000, 0x000000075b400000, 0x000000075b400000|100%| O|  |TAMS 0x000000075b400000, 0x000000075b200000| Untracked 
| 218|0x000000075b400000, 0x000000075b600000, 0x000000075b600000|100%| O|  |TAMS 0x000000075b600000, 0x000000075b400000| Untracked 
| 219|0x000000075b600000, 0x000000075b800000, 0x000000075b800000|100%| O|  |TAMS 0x000000075b800000, 0x000000075b600000| Untracked 
| 220|0x000000075b800000, 0x000000075ba00000, 0x000000075ba00000|100%| O|  |TAMS 0x000000075ba00000, 0x000000075b800000| Untracked 
| 221|0x000000075ba00000, 0x000000075bc00000, 0x000000075bc00000|100%| O|  |TAMS 0x000000075bc00000, 0x000000075ba00000| Untracked 
| 222|0x000000075bc00000, 0x000000075be00000, 0x000000075be00000|100%| O|  |TAMS 0x000000075be00000, 0x000000075bc00000| Untracked 
| 223|0x000000075be00000, 0x000000075c000000, 0x000000075c000000|100%| O|  |TAMS 0x000000075c000000, 0x000000075be00000| Untracked 
| 224|0x000000075c000000, 0x000000075c200000, 0x000000075c200000|100%| O|  |TAMS 0x000000075c200000, 0x000000075c000000| Untracked 
| 225|0x000000075c200000, 0x000000075c400000, 0x000000075c400000|100%| O|  |TAMS 0x000000075c400000, 0x000000075c200000| Untracked 
| 226|0x000000075c400000, 0x000000075c600000, 0x000000075c600000|100%| O|  |TAMS 0x000000075c600000, 0x000000075c400000| Untracked 
| 227|0x000000075c600000, 0x000000075c800000, 0x000000075c800000|100%| O|  |TAMS 0x000000075c800000, 0x000000075c600000| Untracked 
| 228|0x000000075c800000, 0x000000075c800000, 0x000000075ca00000|  0%| F|  |TAMS 0x000000075c800000, 0x000000075c800000| Untracked 
| 229|0x000000075ca00000, 0x000000075cc00000, 0x000000075cc00000|100%| O|  |TAMS 0x000000075cc00000, 0x000000075ca00000| Untracked 
| 230|0x000000075cc00000, 0x000000075cc00000, 0x000000075ce00000|  0%| F|  |TAMS 0x000000075cc00000, 0x000000075cc00000| Untracked 
| 231|0x000000075ce00000, 0x000000075d000000, 0x000000075d000000|100%| O|  |TAMS 0x000000075d000000, 0x000000075ce00000| Untracked 
| 232|0x000000075d000000, 0x000000075d200000, 0x000000075d200000|100%| O|  |TAMS 0x000000075d200000, 0x000000075d000000| Untracked 
| 233|0x000000075d200000, 0x000000075d400000, 0x000000075d400000|100%| O|  |TAMS 0x000000075d400000, 0x000000075d200000| Untracked 
| 234|0x000000075d400000, 0x000000075d600000, 0x000000075d600000|100%| O|  |TAMS 0x000000075d600000, 0x000000075d400000| Untracked 
| 235|0x000000075d600000, 0x000000075d800000, 0x000000075d800000|100%| O|  |TAMS 0x000000075d800000, 0x000000075d600000| Untracked 
| 236|0x000000075d800000, 0x000000075da00000, 0x000000075da00000|100%| O|  |TAMS 0x000000075da00000, 0x000000075d800000| Untracked 
| 237|0x000000075da00000, 0x000000075dc00000, 0x000000075dc00000|100%| O|  |TAMS 0x000000075dc00000, 0x000000075da00000| Untracked 
| 238|0x000000075dc00000, 0x000000075de00000, 0x000000075de00000|100%| O|  |TAMS 0x000000075de00000, 0x000000075dc00000| Untracked 
| 239|0x000000075de00000, 0x000000075e000000, 0x000000075e000000|100%| O|  |TAMS 0x000000075e000000, 0x000000075de00000| Untracked 
| 240|0x000000075e000000, 0x000000075e200000, 0x000000075e200000|100%| O|  |TAMS 0x000000075e200000, 0x000000075e000000| Untracked 
| 241|0x000000075e200000, 0x000000075e400000, 0x000000075e400000|100%| O|  |TAMS 0x000000075e400000, 0x000000075e200000| Untracked 
| 242|0x000000075e400000, 0x000000075e600000, 0x000000075e600000|100%| O|  |TAMS 0x000000075e600000, 0x000000075e400000| Untracked 
| 243|0x000000075e600000, 0x000000075e800000, 0x000000075e800000|100%| O|  |TAMS 0x000000075e800000, 0x000000075e600000| Untracked 
| 244|0x000000075e800000, 0x000000075ea00000, 0x000000075ea00000|100%| O|  |TAMS 0x000000075ea00000, 0x000000075e800000| Untracked 
| 245|0x000000075ea00000, 0x000000075ec00000, 0x000000075ec00000|100%| O|  |TAMS 0x000000075ec00000, 0x000000075ea00000| Untracked 
| 246|0x000000075ec00000, 0x000000075ec00000, 0x000000075ee00000|  0%| F|  |TAMS 0x000000075ec00000, 0x000000075ec00000| Untracked 
| 247|0x000000075ee00000, 0x000000075ee00000, 0x000000075f000000|  0%| F|  |TAMS 0x000000075ee00000, 0x000000075ee00000| Untracked 
| 248|0x000000075f000000, 0x000000075f000000, 0x000000075f200000|  0%| F|  |TAMS 0x000000075f000000, 0x000000075f000000| Untracked 
| 249|0x000000075f200000, 0x000000075f200000, 0x000000075f400000|  0%| F|  |TAMS 0x000000075f200000, 0x000000075f200000| Untracked 
| 250|0x000000075f400000, 0x000000075f400000, 0x000000075f600000|  0%| F|  |TAMS 0x000000075f400000, 0x000000075f400000| Untracked 
| 251|0x000000075f600000, 0x000000075f600000, 0x000000075f800000|  0%| F|  |TAMS 0x000000075f600000, 0x000000075f600000| Untracked 
| 252|0x000000075f800000, 0x000000075f800000, 0x000000075fa00000|  0%| F|  |TAMS 0x000000075f800000, 0x000000075f800000| Untracked 
| 253|0x000000075fa00000, 0x000000075fa00000, 0x000000075fc00000|  0%| F|  |TAMS 0x000000075fa00000, 0x000000075fa00000| Untracked 
| 254|0x000000075fc00000, 0x000000075fc00000, 0x000000075fe00000|  0%| F|  |TAMS 0x000000075fc00000, 0x000000075fc00000| Untracked 
| 255|0x000000075fe00000, 0x000000075fe00000, 0x0000000760000000|  0%| F|  |TAMS 0x000000075fe00000, 0x000000075fe00000| Untracked 
| 256|0x0000000760000000, 0x0000000760000000, 0x0000000760200000|  0%| F|  |TAMS 0x0000000760000000, 0x0000000760000000| Untracked 
| 257|0x0000000760200000, 0x0000000760200000, 0x0000000760400000|  0%| F|  |TAMS 0x0000000760200000, 0x0000000760200000| Untracked 
| 258|0x0000000760400000, 0x0000000760400000, 0x0000000760600000|  0%| F|  |TAMS 0x0000000760400000, 0x0000000760400000| Untracked 
| 259|0x0000000760600000, 0x0000000760600000, 0x0000000760800000|  0%| F|  |TAMS 0x0000000760600000, 0x0000000760600000| Untracked 
| 260|0x0000000760800000, 0x0000000760800000, 0x0000000760a00000|  0%| F|  |TAMS 0x0000000760800000, 0x0000000760800000| Untracked 
| 261|0x0000000760a00000, 0x0000000760a00000, 0x0000000760c00000|  0%| F|  |TAMS 0x0000000760a00000, 0x0000000760a00000| Untracked 
| 262|0x0000000760c00000, 0x0000000760c00000, 0x0000000760e00000|  0%| F|  |TAMS 0x0000000760c00000, 0x0000000760c00000| Untracked 
| 263|0x0000000760e00000, 0x0000000760e00000, 0x0000000761000000|  0%| F|  |TAMS 0x0000000760e00000, 0x0000000760e00000| Untracked 
| 264|0x0000000761000000, 0x0000000761000000, 0x0000000761200000|  0%| F|  |TAMS 0x0000000761000000, 0x0000000761000000| Untracked 
| 265|0x0000000761200000, 0x0000000761200000, 0x0000000761400000|  0%| F|  |TAMS 0x0000000761200000, 0x0000000761200000| Untracked 
| 266|0x0000000761400000, 0x0000000761400000, 0x0000000761600000|  0%| F|  |TAMS 0x0000000761400000, 0x0000000761400000| Untracked 
| 267|0x0000000761600000, 0x0000000761600000, 0x0000000761800000|  0%| F|  |TAMS 0x0000000761600000, 0x0000000761600000| Untracked 
| 268|0x0000000761800000, 0x0000000761800000, 0x0000000761a00000|  0%| F|  |TAMS 0x0000000761800000, 0x0000000761800000| Untracked 
| 269|0x0000000761a00000, 0x0000000761a00000, 0x0000000761c00000|  0%| F|  |TAMS 0x0000000761a00000, 0x0000000761a00000| Untracked 
| 270|0x0000000761c00000, 0x0000000761c00000, 0x0000000761e00000|  0%| F|  |TAMS 0x0000000761c00000, 0x0000000761c00000| Untracked 
| 271|0x0000000761e00000, 0x0000000762000000, 0x0000000762000000|100%| O|  |TAMS 0x0000000762000000, 0x0000000761e00000| Untracked 
| 272|0x0000000762000000, 0x0000000762200000, 0x0000000762200000|100%| O|  |TAMS 0x0000000762200000, 0x0000000762000000| Untracked 
| 273|0x0000000762200000, 0x0000000762400000, 0x0000000762400000|100%| O|  |TAMS 0x0000000762400000, 0x0000000762200000| Untracked 
| 274|0x0000000762400000, 0x0000000762400000, 0x0000000762600000|  0%| F|  |TAMS 0x0000000762400000, 0x0000000762400000| Untracked 
| 275|0x0000000762600000, 0x0000000762800000, 0x0000000762800000|100%| O|  |TAMS 0x0000000762800000, 0x0000000762600000| Untracked 
| 276|0x0000000762800000, 0x0000000762a00000, 0x0000000762a00000|100%| O|  |TAMS 0x0000000762a00000, 0x0000000762800000| Untracked 
| 277|0x0000000762a00000, 0x0000000762c00000, 0x0000000762c00000|100%| O|  |TAMS 0x0000000762c00000, 0x0000000762a00000| Untracked 
| 278|0x0000000762c00000, 0x0000000762e00000, 0x0000000762e00000|100%| O|  |TAMS 0x0000000762e00000, 0x0000000762c00000| Untracked 
| 279|0x0000000762e00000, 0x0000000762e00000, 0x0000000763000000|  0%| F|  |TAMS 0x0000000762e00000, 0x0000000762e00000| Untracked 
| 280|0x0000000763000000, 0x0000000763000000, 0x0000000763200000|  0%| F|  |TAMS 0x0000000763000000, 0x0000000763000000| Untracked 
| 281|0x0000000763200000, 0x0000000763400000, 0x0000000763400000|100%| O|  |TAMS 0x0000000763400000, 0x0000000763200000| Untracked 
| 282|0x0000000763400000, 0x0000000763600000, 0x0000000763600000|100%| O|  |TAMS 0x0000000763600000, 0x0000000763400000| Untracked 
| 283|0x0000000763600000, 0x0000000763800000, 0x0000000763800000|100%| O|  |TAMS 0x0000000763800000, 0x0000000763600000| Untracked 
| 284|0x0000000763800000, 0x0000000763a00000, 0x0000000763a00000|100%| O|  |TAMS 0x0000000763a00000, 0x0000000763800000| Untracked 
| 285|0x0000000763a00000, 0x0000000763c00000, 0x0000000763c00000|100%| O|  |TAMS 0x0000000763c00000, 0x0000000763a00000| Untracked 
| 286|0x0000000763c00000, 0x0000000763e00000, 0x0000000763e00000|100%| O|  |TAMS 0x0000000763e00000, 0x0000000763c00000| Untracked 
| 287|0x0000000763e00000, 0x0000000764000000, 0x0000000764000000|100%| O|  |TAMS 0x0000000764000000, 0x0000000763e00000| Untracked 
| 288|0x0000000764000000, 0x0000000764200000, 0x0000000764200000|100%|HS|  |TAMS 0x0000000764200000, 0x0000000764000000| Complete 
| 289|0x0000000764200000, 0x0000000764400000, 0x0000000764400000|100%|HC|  |TAMS 0x0000000764400000, 0x0000000764200000| Complete 
| 290|0x0000000764400000, 0x0000000764400000, 0x0000000764600000|  0%| F|  |TAMS 0x0000000764400000, 0x0000000764400000| Untracked 
| 291|0x0000000764600000, 0x0000000764600000, 0x0000000764800000|  0%| F|  |TAMS 0x0000000764600000, 0x0000000764600000| Untracked 
| 292|0x0000000764800000, 0x0000000764800000, 0x0000000764a00000|  0%| F|  |TAMS 0x0000000764800000, 0x0000000764800000| Untracked 
| 293|0x0000000764a00000, 0x0000000764a00000, 0x0000000764c00000|  0%| F|  |TAMS 0x0000000764a00000, 0x0000000764a00000| Untracked 
| 294|0x0000000764c00000, 0x0000000764c00000, 0x0000000764e00000|  0%| F|  |TAMS 0x0000000764c00000, 0x0000000764c00000| Untracked 
| 295|0x0000000764e00000, 0x0000000764e00000, 0x0000000765000000|  0%| F|  |TAMS 0x0000000764e00000, 0x0000000764e00000| Untracked 
| 296|0x0000000765000000, 0x0000000765000000, 0x0000000765200000|  0%| F|  |TAMS 0x0000000765000000, 0x0000000765000000| Untracked 
| 297|0x0000000765200000, 0x0000000765200000, 0x0000000765400000|  0%| F|  |TAMS 0x0000000765200000, 0x0000000765200000| Untracked 
| 298|0x0000000765400000, 0x0000000765400000, 0x0000000765600000|  0%| F|  |TAMS 0x0000000765400000, 0x0000000765400000| Untracked 
| 299|0x0000000765600000, 0x0000000765600000, 0x0000000765800000|  0%| F|  |TAMS 0x0000000765600000, 0x0000000765600000| Untracked 
| 300|0x0000000765800000, 0x0000000765800000, 0x0000000765a00000|  0%| F|  |TAMS 0x0000000765800000, 0x0000000765800000| Untracked 
| 301|0x0000000765a00000, 0x0000000765a00000, 0x0000000765c00000|  0%| F|  |TAMS 0x0000000765a00000, 0x0000000765a00000| Untracked 
| 302|0x0000000765c00000, 0x0000000765c00000, 0x0000000765e00000|  0%| F|  |TAMS 0x0000000765c00000, 0x0000000765c00000| Untracked 
| 303|0x0000000765e00000, 0x0000000765e00000, 0x0000000766000000|  0%| F|  |TAMS 0x0000000765e00000, 0x0000000765e00000| Untracked 
| 304|0x0000000766000000, 0x0000000766000000, 0x0000000766200000|  0%| F|  |TAMS 0x0000000766000000, 0x0000000766000000| Untracked 
| 305|0x0000000766200000, 0x0000000766200000, 0x0000000766400000|  0%| F|  |TAMS 0x0000000766200000, 0x0000000766200000| Untracked 
| 306|0x0000000766400000, 0x0000000766400000, 0x0000000766600000|  0%| F|  |TAMS 0x0000000766400000, 0x0000000766400000| Untracked 
| 307|0x0000000766600000, 0x0000000766600000, 0x0000000766800000|  0%| F|  |TAMS 0x0000000766600000, 0x0000000766600000| Untracked 
| 308|0x0000000766800000, 0x0000000766800000, 0x0000000766a00000|  0%| F|  |TAMS 0x0000000766800000, 0x0000000766800000| Untracked 
| 309|0x0000000766a00000, 0x0000000766a00000, 0x0000000766c00000|  0%| F|  |TAMS 0x0000000766a00000, 0x0000000766a00000| Untracked 
| 310|0x0000000766c00000, 0x0000000766c00000, 0x0000000766e00000|  0%| F|  |TAMS 0x0000000766c00000, 0x0000000766c00000| Untracked 
| 311|0x0000000766e00000, 0x0000000766e00000, 0x0000000767000000|  0%| F|  |TAMS 0x0000000766e00000, 0x0000000766e00000| Untracked 
| 312|0x0000000767000000, 0x0000000767000000, 0x0000000767200000|  0%| F|  |TAMS 0x0000000767000000, 0x0000000767000000| Untracked 
| 313|0x0000000767200000, 0x0000000767400000, 0x0000000767400000|100%| O|  |TAMS 0x0000000767200000, 0x0000000767200000| Untracked 
| 314|0x0000000767400000, 0x0000000767600000, 0x0000000767600000|100%| O|  |TAMS 0x0000000767400000, 0x0000000767400000| Untracked 
| 315|0x0000000767600000, 0x0000000767600000, 0x0000000767800000|  0%| F|  |TAMS 0x0000000767600000, 0x0000000767600000| Untracked 
| 316|0x0000000767800000, 0x0000000767800000, 0x0000000767a00000|  0%| F|  |TAMS 0x0000000767800000, 0x0000000767800000| Untracked 
| 317|0x0000000767a00000, 0x0000000767a00000, 0x0000000767c00000|  0%| F|  |TAMS 0x0000000767a00000, 0x0000000767a00000| Untracked 
| 318|0x0000000767c00000, 0x0000000767c00000, 0x0000000767e00000|  0%| F|  |TAMS 0x0000000767c00000, 0x0000000767c00000| Untracked 
| 319|0x0000000767e00000, 0x0000000767e00000, 0x0000000768000000|  0%| F|  |TAMS 0x0000000767e00000, 0x0000000767e00000| Untracked 
| 320|0x0000000768000000, 0x0000000768000000, 0x0000000768200000|  0%| F|  |TAMS 0x0000000768000000, 0x0000000768000000| Untracked 
| 321|0x0000000768200000, 0x0000000768200000, 0x0000000768400000|  0%| F|  |TAMS 0x0000000768200000, 0x0000000768200000| Untracked 
| 322|0x0000000768400000, 0x0000000768400000, 0x0000000768600000|  0%| F|  |TAMS 0x0000000768400000, 0x0000000768400000| Untracked 
| 323|0x0000000768600000, 0x0000000768600000, 0x0000000768800000|  0%| F|  |TAMS 0x0000000768600000, 0x0000000768600000| Untracked 
| 324|0x0000000768800000, 0x0000000768800000, 0x0000000768a00000|  0%| F|  |TAMS 0x0000000768800000, 0x0000000768800000| Untracked 
| 325|0x0000000768a00000, 0x0000000768a00000, 0x0000000768c00000|  0%| F|  |TAMS 0x0000000768a00000, 0x0000000768a00000| Untracked 
| 326|0x0000000768c00000, 0x0000000768c00000, 0x0000000768e00000|  0%| F|  |TAMS 0x0000000768c00000, 0x0000000768c00000| Untracked 
| 327|0x0000000768e00000, 0x0000000768e00000, 0x0000000769000000|  0%| F|  |TAMS 0x0000000768e00000, 0x0000000768e00000| Untracked 
| 328|0x0000000769000000, 0x0000000769000000, 0x0000000769200000|  0%| F|  |TAMS 0x0000000769000000, 0x0000000769000000| Untracked 
| 329|0x0000000769200000, 0x0000000769200000, 0x0000000769400000|  0%| F|  |TAMS 0x0000000769200000, 0x0000000769200000| Untracked 
| 330|0x0000000769400000, 0x0000000769400000, 0x0000000769600000|  0%| F|  |TAMS 0x0000000769400000, 0x0000000769400000| Untracked 
| 331|0x0000000769600000, 0x0000000769600000, 0x0000000769800000|  0%| F|  |TAMS 0x0000000769600000, 0x0000000769600000| Untracked 
| 332|0x0000000769800000, 0x0000000769800000, 0x0000000769a00000|  0%| F|  |TAMS 0x0000000769800000, 0x0000000769800000| Untracked 
| 333|0x0000000769a00000, 0x0000000769a00000, 0x0000000769c00000|  0%| F|  |TAMS 0x0000000769a00000, 0x0000000769a00000| Untracked 
| 334|0x0000000769c00000, 0x0000000769c00000, 0x0000000769e00000|  0%| F|  |TAMS 0x0000000769c00000, 0x0000000769c00000| Untracked 
| 335|0x0000000769e00000, 0x0000000769e00000, 0x000000076a000000|  0%| F|  |TAMS 0x0000000769e00000, 0x0000000769e00000| Untracked 
| 336|0x000000076a000000, 0x000000076a000000, 0x000000076a200000|  0%| F|  |TAMS 0x000000076a000000, 0x000000076a000000| Untracked 
| 337|0x000000076a200000, 0x000000076a200000, 0x000000076a400000|  0%| F|  |TAMS 0x000000076a200000, 0x000000076a200000| Untracked 
| 338|0x000000076a400000, 0x000000076a400000, 0x000000076a600000|  0%| F|  |TAMS 0x000000076a400000, 0x000000076a400000| Untracked 
| 339|0x000000076a600000, 0x000000076a600000, 0x000000076a800000|  0%| F|  |TAMS 0x000000076a600000, 0x000000076a600000| Untracked 
| 340|0x000000076a800000, 0x000000076a800000, 0x000000076aa00000|  0%| F|  |TAMS 0x000000076a800000, 0x000000076a800000| Untracked 
| 341|0x000000076aa00000, 0x000000076aa00000, 0x000000076ac00000|  0%| F|  |TAMS 0x000000076aa00000, 0x000000076aa00000| Untracked 
| 342|0x000000076ac00000, 0x000000076ac00000, 0x000000076ae00000|  0%| F|  |TAMS 0x000000076ac00000, 0x000000076ac00000| Untracked 
| 343|0x000000076ae00000, 0x000000076ae00000, 0x000000076b000000|  0%| F|  |TAMS 0x000000076ae00000, 0x000000076ae00000| Untracked 
| 344|0x000000076b000000, 0x000000076b000000, 0x000000076b200000|  0%| F|  |TAMS 0x000000076b000000, 0x000000076b000000| Untracked 
| 345|0x000000076b200000, 0x000000076b200000, 0x000000076b400000|  0%| F|  |TAMS 0x000000076b200000, 0x000000076b200000| Untracked 
| 346|0x000000076b400000, 0x000000076b400000, 0x000000076b600000|  0%| F|  |TAMS 0x000000076b400000, 0x000000076b400000| Untracked 
| 347|0x000000076b600000, 0x000000076b600000, 0x000000076b800000|  0%| F|  |TAMS 0x000000076b600000, 0x000000076b600000| Untracked 
| 348|0x000000076b800000, 0x000000076b800000, 0x000000076ba00000|  0%| F|  |TAMS 0x000000076b800000, 0x000000076b800000| Untracked 
| 349|0x000000076ba00000, 0x000000076ba00000, 0x000000076bc00000|  0%| F|  |TAMS 0x000000076ba00000, 0x000000076ba00000| Untracked 
| 350|0x000000076bc00000, 0x000000076bc00000, 0x000000076be00000|  0%| F|  |TAMS 0x000000076bc00000, 0x000000076bc00000| Untracked 
| 351|0x000000076be00000, 0x000000076be00000, 0x000000076c000000|  0%| F|  |TAMS 0x000000076be00000, 0x000000076be00000| Untracked 
| 352|0x000000076c000000, 0x000000076c000000, 0x000000076c200000|  0%| F|  |TAMS 0x000000076c000000, 0x000000076c000000| Untracked 
| 353|0x000000076c200000, 0x000000076c200000, 0x000000076c400000|  0%| F|  |TAMS 0x000000076c200000, 0x000000076c200000| Untracked 
| 354|0x000000076c400000, 0x000000076c400000, 0x000000076c600000|  0%| F|  |TAMS 0x000000076c400000, 0x000000076c400000| Untracked 
| 355|0x000000076c600000, 0x000000076c600000, 0x000000076c800000|  0%| F|  |TAMS 0x000000076c600000, 0x000000076c600000| Untracked 
| 356|0x000000076c800000, 0x000000076c800000, 0x000000076ca00000|  0%| F|  |TAMS 0x000000076c800000, 0x000000076c800000| Untracked 
| 357|0x000000076ca00000, 0x000000076ca00000, 0x000000076cc00000|  0%| F|  |TAMS 0x000000076ca00000, 0x000000076ca00000| Untracked 
| 358|0x000000076cc00000, 0x000000076cc00000, 0x000000076ce00000|  0%| F|  |TAMS 0x000000076cc00000, 0x000000076cc00000| Untracked 
| 359|0x000000076ce00000, 0x000000076ce00000, 0x000000076d000000|  0%| F|  |TAMS 0x000000076ce00000, 0x000000076ce00000| Untracked 
| 360|0x000000076d000000, 0x000000076d000000, 0x000000076d200000|  0%| F|  |TAMS 0x000000076d000000, 0x000000076d000000| Untracked 
| 361|0x000000076d200000, 0x000000076d200000, 0x000000076d400000|  0%| F|  |TAMS 0x000000076d200000, 0x000000076d200000| Untracked 
| 362|0x000000076d400000, 0x000000076d400000, 0x000000076d600000|  0%| F|  |TAMS 0x000000076d400000, 0x000000076d400000| Untracked 
| 363|0x000000076d600000, 0x000000076d600000, 0x000000076d800000|  0%| F|  |TAMS 0x000000076d600000, 0x000000076d600000| Untracked 
| 364|0x000000076d800000, 0x000000076d800000, 0x000000076da00000|  0%| F|  |TAMS 0x000000076d800000, 0x000000076d800000| Untracked 
| 365|0x000000076da00000, 0x000000076da00000, 0x000000076dc00000|  0%| F|  |TAMS 0x000000076da00000, 0x000000076da00000| Untracked 
| 366|0x000000076dc00000, 0x000000076dc00000, 0x000000076de00000|  0%| F|  |TAMS 0x000000076dc00000, 0x000000076dc00000| Untracked 
| 367|0x000000076de00000, 0x000000076de00000, 0x000000076e000000|  0%| F|  |TAMS 0x000000076de00000, 0x000000076de00000| Untracked 
| 368|0x000000076e000000, 0x000000076e000000, 0x000000076e200000|  0%| F|  |TAMS 0x000000076e000000, 0x000000076e000000| Untracked 
| 369|0x000000076e200000, 0x000000076e200000, 0x000000076e400000|  0%| F|  |TAMS 0x000000076e200000, 0x000000076e200000| Untracked 
| 370|0x000000076e400000, 0x000000076e400000, 0x000000076e600000|  0%| F|  |TAMS 0x000000076e400000, 0x000000076e400000| Untracked 
| 371|0x000000076e600000, 0x000000076e600000, 0x000000076e800000|  0%| F|  |TAMS 0x000000076e600000, 0x000000076e600000| Untracked 
| 372|0x000000076e800000, 0x000000076e800000, 0x000000076ea00000|  0%| F|  |TAMS 0x000000076e800000, 0x000000076e800000| Untracked 
| 373|0x000000076ea00000, 0x000000076ea00000, 0x000000076ec00000|  0%| F|  |TAMS 0x000000076ea00000, 0x000000076ea00000| Untracked 
| 374|0x000000076ec00000, 0x000000076ec00000, 0x000000076ee00000|  0%| F|  |TAMS 0x000000076ec00000, 0x000000076ec00000| Untracked 
| 375|0x000000076ee00000, 0x000000076ee00000, 0x000000076f000000|  0%| F|  |TAMS 0x000000076ee00000, 0x000000076ee00000| Untracked 
| 376|0x000000076f000000, 0x000000076f000000, 0x000000076f200000|  0%| F|  |TAMS 0x000000076f000000, 0x000000076f000000| Untracked 
| 377|0x000000076f200000, 0x000000076f200000, 0x000000076f400000|  0%| F|  |TAMS 0x000000076f200000, 0x000000076f200000| Untracked 
| 378|0x000000076f400000, 0x000000076f400000, 0x000000076f600000|  0%| F|  |TAMS 0x000000076f400000, 0x000000076f400000| Untracked 
| 379|0x000000076f600000, 0x000000076f600000, 0x000000076f800000|  0%| F|  |TAMS 0x000000076f600000, 0x000000076f600000| Untracked 
| 380|0x000000076f800000, 0x000000076f800000, 0x000000076fa00000|  0%| F|  |TAMS 0x000000076f800000, 0x000000076f800000| Untracked 
| 381|0x000000076fa00000, 0x000000076fa00000, 0x000000076fc00000|  0%| F|  |TAMS 0x000000076fa00000, 0x000000076fa00000| Untracked 
| 382|0x000000076fc00000, 0x000000076fc00000, 0x000000076fe00000|  0%| F|  |TAMS 0x000000076fc00000, 0x000000076fc00000| Untracked 
| 383|0x000000076fe00000, 0x000000076fe00000, 0x0000000770000000|  0%| F|  |TAMS 0x000000076fe00000, 0x000000076fe00000| Untracked 
| 384|0x0000000770000000, 0x0000000770000000, 0x0000000770200000|  0%| F|  |TAMS 0x0000000770000000, 0x0000000770000000| Untracked 
| 385|0x0000000770200000, 0x0000000770200000, 0x0000000770400000|  0%| F|  |TAMS 0x0000000770200000, 0x0000000770200000| Untracked 
| 386|0x0000000770400000, 0x0000000770400000, 0x0000000770600000|  0%| F|  |TAMS 0x0000000770400000, 0x0000000770400000| Untracked 
| 387|0x0000000770600000, 0x0000000770600000, 0x0000000770800000|  0%| F|  |TAMS 0x0000000770600000, 0x0000000770600000| Untracked 
| 388|0x0000000770800000, 0x0000000770800000, 0x0000000770a00000|  0%| F|  |TAMS 0x0000000770800000, 0x0000000770800000| Untracked 
| 389|0x0000000770a00000, 0x0000000770a00000, 0x0000000770c00000|  0%| F|  |TAMS 0x0000000770a00000, 0x0000000770a00000| Untracked 
| 390|0x0000000770c00000, 0x0000000770c00000, 0x0000000770e00000|  0%| F|  |TAMS 0x0000000770c00000, 0x0000000770c00000| Untracked 
| 391|0x0000000770e00000, 0x0000000770e00000, 0x0000000771000000|  0%| F|  |TAMS 0x0000000770e00000, 0x0000000770e00000| Untracked 
| 392|0x0000000771000000, 0x0000000771000000, 0x0000000771200000|  0%| F|  |TAMS 0x0000000771000000, 0x0000000771000000| Untracked 
| 393|0x0000000771200000, 0x0000000771200000, 0x0000000771400000|  0%| F|  |TAMS 0x0000000771200000, 0x0000000771200000| Untracked 
| 394|0x0000000771400000, 0x0000000771400000, 0x0000000771600000|  0%| F|  |TAMS 0x0000000771400000, 0x0000000771400000| Untracked 
| 395|0x0000000771600000, 0x0000000771600000, 0x0000000771800000|  0%| F|  |TAMS 0x0000000771600000, 0x0000000771600000| Untracked 
| 396|0x0000000771800000, 0x0000000771800000, 0x0000000771a00000|  0%| F|  |TAMS 0x0000000771800000, 0x0000000771800000| Untracked 
| 397|0x0000000771a00000, 0x0000000771a00000, 0x0000000771c00000|  0%| F|  |TAMS 0x0000000771a00000, 0x0000000771a00000| Untracked 
| 398|0x0000000771c00000, 0x0000000771c00000, 0x0000000771e00000|  0%| F|  |TAMS 0x0000000771c00000, 0x0000000771c00000| Untracked 
| 399|0x0000000771e00000, 0x0000000771e00000, 0x0000000772000000|  0%| F|  |TAMS 0x0000000771e00000, 0x0000000771e00000| Untracked 
| 400|0x0000000772000000, 0x0000000772000000, 0x0000000772200000|  0%| F|  |TAMS 0x0000000772000000, 0x0000000772000000| Untracked 
| 401|0x0000000772200000, 0x0000000772200000, 0x0000000772400000|  0%| F|  |TAMS 0x0000000772200000, 0x0000000772200000| Untracked 
| 402|0x0000000772400000, 0x0000000772400000, 0x0000000772600000|  0%| F|  |TAMS 0x0000000772400000, 0x0000000772400000| Untracked 
| 403|0x0000000772600000, 0x0000000772600000, 0x0000000772800000|  0%| F|  |TAMS 0x0000000772600000, 0x0000000772600000| Untracked 
| 404|0x0000000772800000, 0x0000000772800000, 0x0000000772a00000|  0%| F|  |TAMS 0x0000000772800000, 0x0000000772800000| Untracked 
| 405|0x0000000772a00000, 0x0000000772a00000, 0x0000000772c00000|  0%| F|  |TAMS 0x0000000772a00000, 0x0000000772a00000| Untracked 
| 406|0x0000000772c00000, 0x0000000772c00000, 0x0000000772e00000|  0%| F|  |TAMS 0x0000000772c00000, 0x0000000772c00000| Untracked 
| 407|0x0000000772e00000, 0x0000000772e00000, 0x0000000773000000|  0%| F|  |TAMS 0x0000000772e00000, 0x0000000772e00000| Untracked 
| 408|0x0000000773000000, 0x0000000773000000, 0x0000000773200000|  0%| F|  |TAMS 0x0000000773000000, 0x0000000773000000| Untracked 
| 409|0x0000000773200000, 0x0000000773200000, 0x0000000773400000|  0%| F|  |TAMS 0x0000000773200000, 0x0000000773200000| Untracked 
| 410|0x0000000773400000, 0x0000000773400000, 0x0000000773600000|  0%| F|  |TAMS 0x0000000773400000, 0x0000000773400000| Untracked 
| 411|0x0000000773600000, 0x0000000773600000, 0x0000000773800000|  0%| F|  |TAMS 0x0000000773600000, 0x0000000773600000| Untracked 
| 412|0x0000000773800000, 0x0000000773800000, 0x0000000773a00000|  0%| F|  |TAMS 0x0000000773800000, 0x0000000773800000| Untracked 
| 413|0x0000000773a00000, 0x0000000773a00000, 0x0000000773c00000|  0%| F|  |TAMS 0x0000000773a00000, 0x0000000773a00000| Untracked 
| 414|0x0000000773c00000, 0x0000000773c00000, 0x0000000773e00000|  0%| F|  |TAMS 0x0000000773c00000, 0x0000000773c00000| Untracked 
| 415|0x0000000773e00000, 0x0000000773e00000, 0x0000000774000000|  0%| F|  |TAMS 0x0000000773e00000, 0x0000000773e00000| Untracked 
| 416|0x0000000774000000, 0x0000000774000000, 0x0000000774200000|  0%| F|  |TAMS 0x0000000774000000, 0x0000000774000000| Untracked 
| 417|0x0000000774200000, 0x0000000774200000, 0x0000000774400000|  0%| F|  |TAMS 0x0000000774200000, 0x0000000774200000| Untracked 
| 418|0x0000000774400000, 0x0000000774400000, 0x0000000774600000|  0%| F|  |TAMS 0x0000000774400000, 0x0000000774400000| Untracked 
| 419|0x0000000774600000, 0x0000000774600000, 0x0000000774800000|  0%| F|  |TAMS 0x0000000774600000, 0x0000000774600000| Untracked 
| 420|0x0000000774800000, 0x0000000774800000, 0x0000000774a00000|  0%| F|  |TAMS 0x0000000774800000, 0x0000000774800000| Untracked 
| 421|0x0000000774a00000, 0x0000000774a00000, 0x0000000774c00000|  0%| F|  |TAMS 0x0000000774a00000, 0x0000000774a00000| Untracked 
| 422|0x0000000774c00000, 0x0000000774c00000, 0x0000000774e00000|  0%| F|  |TAMS 0x0000000774c00000, 0x0000000774c00000| Untracked 
| 423|0x0000000774e00000, 0x0000000774e00000, 0x0000000775000000|  0%| F|  |TAMS 0x0000000774e00000, 0x0000000774e00000| Untracked 
| 424|0x0000000775000000, 0x0000000775000000, 0x0000000775200000|  0%| F|  |TAMS 0x0000000775000000, 0x0000000775000000| Untracked 
| 425|0x0000000775200000, 0x0000000775200000, 0x0000000775400000|  0%| F|  |TAMS 0x0000000775200000, 0x0000000775200000| Untracked 
| 426|0x0000000775400000, 0x0000000775400000, 0x0000000775600000|  0%| F|  |TAMS 0x0000000775400000, 0x0000000775400000| Untracked 
| 427|0x0000000775600000, 0x0000000775600000, 0x0000000775800000|  0%| F|  |TAMS 0x0000000775600000, 0x0000000775600000| Untracked 
| 428|0x0000000775800000, 0x0000000775800000, 0x0000000775a00000|  0%| F|  |TAMS 0x0000000775800000, 0x0000000775800000| Untracked 
| 429|0x0000000775a00000, 0x0000000775a00000, 0x0000000775c00000|  0%| F|  |TAMS 0x0000000775a00000, 0x0000000775a00000| Untracked 
| 430|0x0000000775c00000, 0x0000000775c00000, 0x0000000775e00000|  0%| F|  |TAMS 0x0000000775c00000, 0x0000000775c00000| Untracked 
| 431|0x0000000775e00000, 0x0000000775e00000, 0x0000000776000000|  0%| F|  |TAMS 0x0000000775e00000, 0x0000000775e00000| Untracked 
| 432|0x0000000776000000, 0x0000000776000000, 0x0000000776200000|  0%| F|  |TAMS 0x0000000776000000, 0x0000000776000000| Untracked 
| 433|0x0000000776200000, 0x0000000776200000, 0x0000000776400000|  0%| F|  |TAMS 0x0000000776200000, 0x0000000776200000| Untracked 
| 434|0x0000000776400000, 0x0000000776400000, 0x0000000776600000|  0%| F|  |TAMS 0x0000000776400000, 0x0000000776400000| Untracked 
| 435|0x0000000776600000, 0x0000000776600000, 0x0000000776800000|  0%| F|  |TAMS 0x0000000776600000, 0x0000000776600000| Untracked 
| 436|0x0000000776800000, 0x0000000776800000, 0x0000000776a00000|  0%| F|  |TAMS 0x0000000776800000, 0x0000000776800000| Untracked 
| 437|0x0000000776a00000, 0x0000000776a00000, 0x0000000776c00000|  0%| F|  |TAMS 0x0000000776a00000, 0x0000000776a00000| Untracked 
| 438|0x0000000776c00000, 0x0000000776c00000, 0x0000000776e00000|  0%| F|  |TAMS 0x0000000776c00000, 0x0000000776c00000| Untracked 
| 439|0x0000000776e00000, 0x0000000776e00000, 0x0000000777000000|  0%| F|  |TAMS 0x0000000776e00000, 0x0000000776e00000| Untracked 
| 440|0x0000000777000000, 0x0000000777000000, 0x0000000777200000|  0%| F|  |TAMS 0x0000000777000000, 0x0000000777000000| Untracked 
| 441|0x0000000777200000, 0x0000000777200000, 0x0000000777400000|  0%| F|  |TAMS 0x0000000777200000, 0x0000000777200000| Untracked 
| 442|0x0000000777400000, 0x0000000777400000, 0x0000000777600000|  0%| F|  |TAMS 0x0000000777400000, 0x0000000777400000| Untracked 
| 443|0x0000000777600000, 0x0000000777600000, 0x0000000777800000|  0%| F|  |TAMS 0x0000000777600000, 0x0000000777600000| Untracked 
| 444|0x0000000777800000, 0x0000000777800000, 0x0000000777a00000|  0%| F|  |TAMS 0x0000000777800000, 0x0000000777800000| Untracked 
| 445|0x0000000777a00000, 0x0000000777a00000, 0x0000000777c00000|  0%| F|  |TAMS 0x0000000777a00000, 0x0000000777a00000| Untracked 
| 446|0x0000000777c00000, 0x0000000777c00000, 0x0000000777e00000|  0%| F|  |TAMS 0x0000000777c00000, 0x0000000777c00000| Untracked 
| 447|0x0000000777e00000, 0x0000000777e00000, 0x0000000778000000|  0%| F|  |TAMS 0x0000000777e00000, 0x0000000777e00000| Untracked 
| 448|0x0000000778000000, 0x0000000778000000, 0x0000000778200000|  0%| F|  |TAMS 0x0000000778000000, 0x0000000778000000| Untracked 
| 449|0x0000000778200000, 0x0000000778200000, 0x0000000778400000|  0%| F|  |TAMS 0x0000000778200000, 0x0000000778200000| Untracked 
| 450|0x0000000778400000, 0x0000000778400000, 0x0000000778600000|  0%| F|  |TAMS 0x0000000778400000, 0x0000000778400000| Untracked 
| 451|0x0000000778600000, 0x0000000778600000, 0x0000000778800000|  0%| F|  |TAMS 0x0000000778600000, 0x0000000778600000| Untracked 
| 452|0x0000000778800000, 0x0000000778800000, 0x0000000778a00000|  0%| F|  |TAMS 0x0000000778800000, 0x0000000778800000| Untracked 
| 453|0x0000000778a00000, 0x0000000778a00000, 0x0000000778c00000|  0%| F|  |TAMS 0x0000000778a00000, 0x0000000778a00000| Untracked 
| 454|0x0000000778c00000, 0x0000000778c00000, 0x0000000778e00000|  0%| F|  |TAMS 0x0000000778c00000, 0x0000000778c00000| Untracked 
| 455|0x0000000778e00000, 0x0000000778e00000, 0x0000000779000000|  0%| F|  |TAMS 0x0000000778e00000, 0x0000000778e00000| Untracked 
| 456|0x0000000779000000, 0x0000000779000000, 0x0000000779200000|  0%| F|  |TAMS 0x0000000779000000, 0x0000000779000000| Untracked 
| 457|0x0000000779200000, 0x0000000779200000, 0x0000000779400000|  0%| F|  |TAMS 0x0000000779200000, 0x0000000779200000| Untracked 
| 458|0x0000000779400000, 0x0000000779400000, 0x0000000779600000|  0%| F|  |TAMS 0x0000000779400000, 0x0000000779400000| Untracked 
| 459|0x0000000779600000, 0x0000000779600000, 0x0000000779800000|  0%| F|  |TAMS 0x0000000779600000, 0x0000000779600000| Untracked 
| 460|0x0000000779800000, 0x0000000779800000, 0x0000000779a00000|  0%| F|  |TAMS 0x0000000779800000, 0x0000000779800000| Untracked 
| 461|0x0000000779a00000, 0x0000000779a00000, 0x0000000779c00000|  0%| F|  |TAMS 0x0000000779a00000, 0x0000000779a00000| Untracked 
| 462|0x0000000779c00000, 0x0000000779c00000, 0x0000000779e00000|  0%| F|  |TAMS 0x0000000779c00000, 0x0000000779c00000| Untracked 
| 463|0x0000000779e00000, 0x0000000779e00000, 0x000000077a000000|  0%| F|  |TAMS 0x0000000779e00000, 0x0000000779e00000| Untracked 
| 464|0x000000077a000000, 0x000000077a000000, 0x000000077a200000|  0%| F|  |TAMS 0x000000077a000000, 0x000000077a000000| Untracked 
| 465|0x000000077a200000, 0x000000077a200000, 0x000000077a400000|  0%| F|  |TAMS 0x000000077a200000, 0x000000077a200000| Untracked 
| 466|0x000000077a400000, 0x000000077a400000, 0x000000077a600000|  0%| F|  |TAMS 0x000000077a400000, 0x000000077a400000| Untracked 
| 467|0x000000077a600000, 0x000000077a600000, 0x000000077a800000|  0%| F|  |TAMS 0x000000077a600000, 0x000000077a600000| Untracked 
| 468|0x000000077a800000, 0x000000077a800000, 0x000000077aa00000|  0%| F|  |TAMS 0x000000077a800000, 0x000000077a800000| Untracked 
| 469|0x000000077aa00000, 0x000000077aa00000, 0x000000077ac00000|  0%| F|  |TAMS 0x000000077aa00000, 0x000000077aa00000| Untracked 
| 470|0x000000077ac00000, 0x000000077ac00000, 0x000000077ae00000|  0%| F|  |TAMS 0x000000077ac00000, 0x000000077ac00000| Untracked 
| 471|0x000000077ae00000, 0x000000077ae00000, 0x000000077b000000|  0%| F|  |TAMS 0x000000077ae00000, 0x000000077ae00000| Untracked 
| 472|0x000000077b000000, 0x000000077b200000, 0x000000077b200000|100%| E|  |TAMS 0x000000077b000000, 0x000000077b000000| Complete 
| 473|0x000000077b200000, 0x000000077b400000, 0x000000077b400000|100%| E|CS|TAMS 0x000000077b200000, 0x000000077b200000| Complete 
| 474|0x000000077b400000, 0x000000077b600000, 0x000000077b600000|100%| E|CS|TAMS 0x000000077b400000, 0x000000077b400000| Complete 
| 475|0x000000077b600000, 0x000000077b800000, 0x000000077b800000|100%| E|CS|TAMS 0x000000077b600000, 0x000000077b600000| Complete 
| 476|0x000000077b800000, 0x000000077ba00000, 0x000000077ba00000|100%| E|CS|TAMS 0x000000077b800000, 0x000000077b800000| Complete 
| 477|0x000000077ba00000, 0x000000077bc00000, 0x000000077bc00000|100%| E|CS|TAMS 0x000000077ba00000, 0x000000077ba00000| Complete 
| 478|0x000000077bc00000, 0x000000077be00000, 0x000000077be00000|100%| E|CS|TAMS 0x000000077bc00000, 0x000000077bc00000| Complete 
| 479|0x000000077be00000, 0x000000077c000000, 0x000000077c000000|100%| E|CS|TAMS 0x000000077be00000, 0x000000077be00000| Complete 
| 480|0x000000077c000000, 0x000000077c200000, 0x000000077c200000|100%| E|CS|TAMS 0x000000077c000000, 0x000000077c000000| Complete 
| 481|0x000000077c200000, 0x000000077c400000, 0x000000077c400000|100%| E|CS|TAMS 0x000000077c200000, 0x000000077c200000| Complete 
| 482|0x000000077c400000, 0x000000077c600000, 0x000000077c600000|100%| E|CS|TAMS 0x000000077c400000, 0x000000077c400000| Complete 
| 483|0x000000077c600000, 0x000000077c800000, 0x000000077c800000|100%| E|CS|TAMS 0x000000077c600000, 0x000000077c600000| Complete 
| 484|0x000000077c800000, 0x000000077ca00000, 0x000000077ca00000|100%| E|CS|TAMS 0x000000077c800000, 0x000000077c800000| Complete 
| 485|0x000000077ca00000, 0x000000077cc00000, 0x000000077cc00000|100%| E|CS|TAMS 0x000000077ca00000, 0x000000077ca00000| Complete 
| 486|0x000000077cc00000, 0x000000077ce00000, 0x000000077ce00000|100%| E|CS|TAMS 0x000000077cc00000, 0x000000077cc00000| Complete 
| 487|0x000000077ce00000, 0x000000077d000000, 0x000000077d000000|100%| E|CS|TAMS 0x000000077ce00000, 0x000000077ce00000| Complete 
| 488|0x000000077d000000, 0x000000077d200000, 0x000000077d200000|100%| E|CS|TAMS 0x000000077d000000, 0x000000077d000000| Complete 
| 489|0x000000077d200000, 0x000000077d400000, 0x000000077d400000|100%| E|CS|TAMS 0x000000077d200000, 0x000000077d200000| Complete 
| 490|0x000000077d400000, 0x000000077d600000, 0x000000077d600000|100%| E|CS|TAMS 0x000000077d400000, 0x000000077d400000| Complete 
| 491|0x000000077d600000, 0x000000077d800000, 0x000000077d800000|100%| E|CS|TAMS 0x000000077d600000, 0x000000077d600000| Complete 
| 492|0x000000077d800000, 0x000000077da00000, 0x000000077da00000|100%| E|CS|TAMS 0x000000077d800000, 0x000000077d800000| Complete 
| 493|0x000000077da00000, 0x000000077dc00000, 0x000000077dc00000|100%| E|CS|TAMS 0x000000077da00000, 0x000000077da00000| Complete 
| 494|0x000000077dc00000, 0x000000077de00000, 0x000000077de00000|100%| E|CS|TAMS 0x000000077dc00000, 0x000000077dc00000| Complete 
| 495|0x000000077de00000, 0x000000077e000000, 0x000000077e000000|100%| E|CS|TAMS 0x000000077de00000, 0x000000077de00000| Complete 
| 496|0x000000077e000000, 0x000000077e200000, 0x000000077e200000|100%| E|CS|TAMS 0x000000077e000000, 0x000000077e000000| Complete 
| 497|0x000000077e200000, 0x000000077e400000, 0x000000077e400000|100%| E|CS|TAMS 0x000000077e200000, 0x000000077e200000| Complete 
| 498|0x000000077e400000, 0x000000077e600000, 0x000000077e600000|100%| E|CS|TAMS 0x000000077e400000, 0x000000077e400000| Complete 
| 499|0x000000077e600000, 0x000000077e800000, 0x000000077e800000|100%| E|CS|TAMS 0x000000077e600000, 0x000000077e600000| Complete 
| 500|0x000000077e800000, 0x000000077ea00000, 0x000000077ea00000|100%| E|CS|TAMS 0x000000077e800000, 0x000000077e800000| Complete 
| 501|0x000000077ea00000, 0x000000077ec00000, 0x000000077ec00000|100%| E|CS|TAMS 0x000000077ea00000, 0x000000077ea00000| Complete 
| 502|0x000000077ec00000, 0x000000077ee00000, 0x000000077ee00000|100%| E|CS|TAMS 0x000000077ec00000, 0x000000077ec00000| Complete 
| 503|0x000000077ee00000, 0x000000077f000000, 0x000000077f000000|100%| E|CS|TAMS 0x000000077ee00000, 0x000000077ee00000| Complete 
| 504|0x000000077f000000, 0x000000077f200000, 0x000000077f200000|100%| E|CS|TAMS 0x000000077f000000, 0x000000077f000000| Complete 
| 505|0x000000077f200000, 0x000000077f400000, 0x000000077f400000|100%| E|CS|TAMS 0x000000077f200000, 0x000000077f200000| Complete 
| 506|0x000000077f400000, 0x000000077f600000, 0x000000077f600000|100%| E|CS|TAMS 0x000000077f400000, 0x000000077f400000| Complete 
| 507|0x000000077f600000, 0x000000077f800000, 0x000000077f800000|100%| E|CS|TAMS 0x000000077f600000, 0x000000077f600000| Complete 
| 508|0x000000077f800000, 0x000000077fa00000, 0x000000077fa00000|100%| E|CS|TAMS 0x000000077f800000, 0x000000077f800000| Complete 
| 509|0x000000077fa00000, 0x000000077fc00000, 0x000000077fc00000|100%| E|CS|TAMS 0x000000077fa00000, 0x000000077fa00000| Complete 
| 510|0x000000077fc00000, 0x000000077fe00000, 0x000000077fe00000|100%| E|CS|TAMS 0x000000077fc00000, 0x000000077fc00000| Complete 
| 511|0x000000077fe00000, 0x0000000780000000, 0x0000000780000000|100%| E|CS|TAMS 0x000000077fe00000, 0x000000077fe00000| Complete 
| 512|0x0000000780000000, 0x0000000780200000, 0x0000000780200000|100%| E|CS|TAMS 0x0000000780000000, 0x0000000780000000| Complete 
| 513|0x0000000780200000, 0x0000000780400000, 0x0000000780400000|100%| E|CS|TAMS 0x0000000780200000, 0x0000000780200000| Complete 
| 514|0x0000000780400000, 0x0000000780600000, 0x0000000780600000|100%| E|CS|TAMS 0x0000000780400000, 0x0000000780400000| Complete 
| 515|0x0000000780600000, 0x0000000780800000, 0x0000000780800000|100%| E|CS|TAMS 0x0000000780600000, 0x0000000780600000| Complete 
| 516|0x0000000780800000, 0x0000000780a00000, 0x0000000780a00000|100%| E|CS|TAMS 0x0000000780800000, 0x0000000780800000| Complete 
| 517|0x0000000780a00000, 0x0000000780c00000, 0x0000000780c00000|100%| E|CS|TAMS 0x0000000780a00000, 0x0000000780a00000| Complete 
| 518|0x0000000780c00000, 0x0000000780e00000, 0x0000000780e00000|100%| E|CS|TAMS 0x0000000780c00000, 0x0000000780c00000| Complete 
| 519|0x0000000780e00000, 0x0000000781000000, 0x0000000781000000|100%| E|CS|TAMS 0x0000000780e00000, 0x0000000780e00000| Complete 
| 520|0x0000000781000000, 0x0000000781173e28, 0x0000000781200000| 72%| S|CS|TAMS 0x0000000781000000, 0x0000000781000000| Complete 
| 521|0x0000000781200000, 0x0000000781400000, 0x0000000781400000|100%| S|CS|TAMS 0x0000000781200000, 0x0000000781200000| Complete 
| 522|0x0000000781400000, 0x0000000781600000, 0x0000000781600000|100%| S|CS|TAMS 0x0000000781400000, 0x0000000781400000| Complete 
| 523|0x0000000781600000, 0x0000000781800000, 0x0000000781800000|100%| S|CS|TAMS 0x0000000781600000, 0x0000000781600000| Complete 
| 524|0x0000000781800000, 0x0000000781a00000, 0x0000000781a00000|100%| E|CS|TAMS 0x0000000781800000, 0x0000000781800000| Complete 
| 525|0x0000000781a00000, 0x0000000781c00000, 0x0000000781c00000|100%| E|CS|TAMS 0x0000000781a00000, 0x0000000781a00000| Complete 
| 526|0x0000000781c00000, 0x0000000781e00000, 0x0000000781e00000|100%| E|CS|TAMS 0x0000000781c00000, 0x0000000781c00000| Complete 
| 527|0x0000000781e00000, 0x0000000782000000, 0x0000000782000000|100%| E|CS|TAMS 0x0000000781e00000, 0x0000000781e00000| Complete 
| 528|0x0000000782000000, 0x0000000782200000, 0x0000000782200000|100%| E|CS|TAMS 0x0000000782000000, 0x0000000782000000| Complete 
|1535|0x00000007ffe00000, 0x0000000800000000, 0x0000000800000000|100%| E|CS|TAMS 0x00000007ffe00000, 0x00000007ffe00000| Complete 

Card table byte_map: [0x000001d2a3800000,0x000001d2a3e00000] _byte_map_base: 0x000001d29fe00000

Marking Bits (Prev, Next): (CMBitMap*) 0x000001d28863aba0, (CMBitMap*) 0x000001d28863abe0
 Prev Bits: [0x000001d2a4400000, 0x000001d2a7400000)
 Next Bits: [0x000001d2a7400000, 0x000001d2aa400000)

Polling page: 0x000001d288690000

Metaspace:

Usage:
  Non-class:    146.22 MB used.
      Class:     24.63 MB used.
       Both:    170.85 MB used.

Virtual space:
  Non-class space:      192.00 MB reserved,     147.56 MB ( 77%) committed,  3 nodes.
      Class space:      832.00 MB reserved,      25.81 MB (  3%) committed,  1 nodes.
             Both:        1.00 GB reserved,     173.38 MB ( 17%) committed. 

Chunk freelists:
   Non-Class:  12.03 MB
       Class:  6.05 MB
        Both:  18.08 MB

MaxMetaspaceSize: 1.00 GB
CompressedClassSpaceSize: 832.00 MB
Initial GC threshold: 21.00 MB
Current GC threshold: 288.56 MB
CDS: on
MetaspaceReclaimPolicy: balanced
 - commit_granule_bytes: 65536.
 - commit_granule_words: 8192.
 - virtual_space_node_default_size: 8388608.
 - enlarge_chunks_in_place: 1.
 - new_chunks_are_fully_committed: 0.
 - uncommit_free_chunks: 1.
 - use_allocation_guard: 0.
 - handle_deallocations: 1.


Internal statistics:

num_allocs_failed_limit: 9.
num_arena_births: 4050.
num_arena_deaths: 62.
num_vsnodes_births: 4.
num_vsnodes_deaths: 0.
num_space_committed: 2772.
num_space_uncommitted: 0.
num_chunks_returned_to_freelist: 102.
num_chunks_taken_from_freelist: 12560.
num_chunk_merges: 53.
num_chunk_splits: 7749.
num_chunks_enlarged: 4394.
num_inconsistent_stats: 0.

CodeHeap 'non-profiled nmethods': size=127040Kb used=26011Kb max_used=26011Kb free=101028Kb
 bounds [0x000001d299b50000, 0x000001d29b4c0000, 0x000001d2a1760000]
CodeHeap 'profiled nmethods': size=127040Kb used=56044Kb max_used=56265Kb free=70995Kb
 bounds [0x000001d291760000, 0x000001d294e60000, 0x000001d299370000]
CodeHeap 'non-nmethods': size=8064Kb used=4896Kb max_used=4944Kb free=3167Kb
 bounds [0x000001d299370000, 0x000001d299850000, 0x000001d299b50000]
 total_blobs=30439 nmethods=29307 adapters=1035
 compilation: enabled
              stopped_count=0, restarted_count=0
 full_count=0

Compilation events (20 events):
Event: 732.807 Thread 0x000001d2f6279b20 37650       3       org.gradle.internal.extensibility.DefaultConvention::create (13 bytes)
Event: 732.807 Thread 0x000001d2e30f74f0 37651       3       org.gradle.internal.extensibility.DefaultConvention::create (21 bytes)
Event: 732.807 Thread 0x000001d2f5791110 37652       3       org.gradle.model.internal.type.ParameterizedTypeWrapper::hashCode (63 bytes)
Event: 732.807 Thread 0x000001d2f7e93920 37653       3       com.android.build.gradle.internal.dsl.SigningConfig$AgpDecorated_Decorated::getName (39 bytes)
Event: 732.807 Thread 0x000001d2f5791110 nmethod 37652 0x000001d294b2e890 code [0x000001d294b2ea60, 0x000001d294b2ee58]
Event: 732.807 Thread 0x000001d2f7e93920 nmethod 37653 0x000001d294d42e10 code [0x000001d294d42fe0, 0x000001d294d43358]
Event: 732.807 Thread 0x000001d2e30f74f0 nmethod 37651 0x000001d294d42210 code [0x000001d294d42420, 0x000001d294d42a78]
Event: 732.807 Thread 0x000001d2f6279b20 nmethod 37650 0x000001d294d41310 code [0x000001d294d41560, 0x000001d294d41e68]
Event: 732.808 Thread 0x000001d2f62785e0 nmethod 37559 0x000001d29b496110 code [0x000001d29b496320, 0x000001d29b4972a8]
Event: 732.808 Thread 0x000001d2f62785e0 37647       4       org.gradle.internal.collections.ImmutableFilteredList::size (8 bytes)
Event: 732.811 Thread 0x000001d2f62785e0 nmethod 37647 0x000001d29b497990 code [0x000001d29b497b20, 0x000001d29b497c38]
Event: 732.811 Thread 0x000001d2f62785e0 37560       4       org.gradle.api.internal.artifacts.ivyservice.resolveengine.result.ThisBuildTreeOnlyComponentResultSerializer::writeVariantReference (27 bytes)
Event: 732.811 Thread 0x000001d2f5791110 37654       3       org.gradle.kotlin.dsl.provider.plugins.DefaultProjectSchemaProviderKt::accessibleContainerSchema (206 bytes)
Event: 732.813 Thread 0x000001d2eb9af810 37655       2       com.google.common.collect.MapMakerInternalMap::reclaimKey (19 bytes)
Event: 732.813 Thread 0x000001d2f5791110 nmethod 37654 0x000001d294d3eb10 code [0x000001d294d3ee80, 0x000001d294d409a8]
Event: 732.813 Thread 0x000001d2eb9af810 nmethod 37655 0x000001d294d3e610 code [0x000001d294d3e7c0, 0x000001d294d3e978]
Event: 732.813 Thread 0x000001d2f7e93920 37656   !   3       jdk.internal.reflect.GeneratedMethodAccessor73::invoke (100 bytes)
Event: 732.813 Thread 0x000001d2f5791110 37657       3       org.gradle.internal.problems.DefaultProblemLocationAnalyzer::classloaderCreated (1 bytes)
Event: 732.814 Thread 0x000001d2f5791110 nmethod 37657 0x000001d2949b2d10 code [0x000001d2949b2ea0, 0x000001d2949b2fb8]
Event: 732.814 Thread 0x000001d2f7e93920 nmethod 37656 0x000001d294d3d210 code [0x000001d294d3d480, 0x000001d294d3e178]

GC Heap History (20 events):
Event: 299.993 GC heap before
{Heap before GC invocations=63 (full 0):
 garbage-first heap   total 940032K, used 785835K [0x0000000740000000, 0x0000000800000000)
  region size 2048K, 101 young (206848K), 3 survivors (6144K)
 Metaspace       used 137129K, committed 139328K, reserved 983040K
  class space    used 18417K, committed 19456K, reserved 851968K
}
Event: 299.997 GC heap after
{Heap after GC invocations=64 (full 0):
 garbage-first heap   total 940032K, used 575971K [0x0000000740000000, 0x0000000800000000)
  region size 2048K, 7 young (14336K), 7 survivors (14336K)
 Metaspace       used 137129K, committed 139328K, reserved 983040K
  class space    used 18417K, committed 19456K, reserved 851968K
}
Event: 300.702 GC heap before
{Heap before GC invocations=64 (full 0):
 garbage-first heap   total 940032K, used 774627K [0x0000000740000000, 0x0000000800000000)
  region size 2048K, 105 young (215040K), 7 survivors (14336K)
 Metaspace       used 137558K, committed 139776K, reserved 983040K
  class space    used 18450K, committed 19520K, reserved 851968K
}
Event: 300.707 GC heap after
{Heap after GC invocations=65 (full 0):
 garbage-first heap   total 940032K, used 593124K [0x0000000740000000, 0x0000000800000000)
  region size 2048K, 14 young (28672K), 14 survivors (28672K)
 Metaspace       used 137558K, committed 139776K, reserved 983040K
  class space    used 18450K, committed 19520K, reserved 851968K
}
Event: 300.803 GC heap before
{Heap before GC invocations=65 (full 0):
 garbage-first heap   total 940032K, used 619748K [0x0000000740000000, 0x0000000800000000)
  region size 2048K, 29 young (59392K), 14 survivors (28672K)
 Metaspace       used 137768K, committed 139968K, reserved 983040K
  class space    used 18479K, committed 19520K, reserved 851968K
}
Event: 300.807 GC heap after
{Heap after GC invocations=66 (full 0):
 garbage-first heap   total 940032K, used 597221K [0x0000000740000000, 0x0000000800000000)
  region size 2048K, 3 young (6144K), 3 survivors (6144K)
 Metaspace       used 137768K, committed 139968K, reserved 983040K
  class space    used 18479K, committed 19520K, reserved 851968K
}
Event: 302.648 GC heap before
{Heap before GC invocations=67 (full 0):
 garbage-first heap   total 940032K, used 709861K [0x0000000740000000, 0x0000000800000000)
  region size 2048K, 99 young (202752K), 3 survivors (6144K)
 Metaspace       used 145496K, committed 147712K, reserved 983040K
  class space    used 19303K, committed 20352K, reserved 851968K
}
Event: 302.651 GC heap after
{Heap after GC invocations=68 (full 0):
 garbage-first heap   total 940032K, used 529280K [0x0000000740000000, 0x0000000800000000)
  region size 2048K, 10 young (20480K), 10 survivors (20480K)
 Metaspace       used 145496K, committed 147712K, reserved 983040K
  class space    used 19303K, committed 20352K, reserved 851968K
}
Event: 302.680 GC heap before
{Heap before GC invocations=68 (full 0):
 garbage-first heap   total 940032K, used 551808K [0x0000000740000000, 0x0000000800000000)
  region size 2048K, 22 young (45056K), 10 survivors (20480K)
 Metaspace       used 145843K, committed 148160K, reserved 983040K
  class space    used 19377K, committed 20480K, reserved 851968K
}
Event: 302.685 GC heap after
{Heap after GC invocations=69 (full 0):
 garbage-first heap   total 940032K, used 455061K [0x0000000740000000, 0x0000000800000000)
  region size 2048K, 3 young (6144K), 3 survivors (6144K)
 Metaspace       used 145843K, committed 148160K, reserved 983040K
  class space    used 19377K, committed 20480K, reserved 851968K
}
Event: 302.924 GC heap before
{Heap before GC invocations=69 (full 0):
 garbage-first heap   total 940032K, used 491925K [0x0000000740000000, 0x0000000800000000)
  region size 2048K, 22 young (45056K), 3 survivors (6144K)
 Metaspace       used 148180K, committed 150464K, reserved 983040K
  class space    used 19772K, committed 20864K, reserved 851968K
}
Event: 302.932 GC heap after
{Heap after GC invocations=70 (full 0):
 garbage-first heap   total 940032K, used 425983K [0x0000000740000000, 0x0000000800000000)
  region size 2048K, 3 young (6144K), 3 survivors (6144K)
 Metaspace       used 148180K, committed 150464K, reserved 983040K
  class space    used 19772K, committed 20864K, reserved 851968K
}
Event: 304.377 GC heap before
{Heap before GC invocations=70 (full 0):
 garbage-first heap   total 940032K, used 720895K [0x0000000740000000, 0x0000000800000000)
  region size 2048K, 148 young (303104K), 3 survivors (6144K)
 Metaspace       used 171439K, committed 174016K, reserved 1048576K
  class space    used 24604K, committed 25792K, reserved 851968K
}
Event: 304.385 GC heap after
{Heap after GC invocations=71 (full 0):
 garbage-first heap   total 940032K, used 434659K [0x0000000740000000, 0x0000000800000000)
  region size 2048K, 9 young (18432K), 9 survivors (18432K)
 Metaspace       used 171439K, committed 174016K, reserved 1048576K
  class space    used 24604K, committed 25792K, reserved 851968K
}
Event: 305.121 GC heap before
{Heap before GC invocations=71 (full 0):
 garbage-first heap   total 940032K, used 578019K [0x0000000740000000, 0x0000000800000000)
  region size 2048K, 81 young (165888K), 9 survivors (18432K)
 Metaspace       used 174646K, committed 177280K, reserved 1048576K
  class space    used 25190K, committed 26432K, reserved 851968K
}
Event: 305.126 GC heap after
{Heap after GC invocations=72 (full 0):
 garbage-first heap   total 940032K, used 439761K [0x0000000740000000, 0x0000000800000000)
  region size 2048K, 11 young (22528K), 11 survivors (22528K)
 Metaspace       used 174646K, committed 177280K, reserved 1048576K
  class space    used 25190K, committed 26432K, reserved 851968K
}
Event: 732.644 GC heap before
{Heap before GC invocations=73 (full 0):
 garbage-first heap   total 1085440K, used 964049K [0x0000000740000000, 0x0000000800000000)
  region size 2048K, 159 young (325632K), 11 survivors (22528K)
 Metaspace       used 174871K, committed 177408K, reserved 1048576K
  class space    used 25218K, committed 26432K, reserved 851968K
}
Event: 732.651 GC heap after
{Heap after GC invocations=74 (full 0):
 garbage-first heap   total 1085440K, used 461697K [0x0000000740000000, 0x0000000800000000)
  region size 2048K, 20 young (40960K), 20 survivors (40960K)
 Metaspace       used 174871K, committed 177408K, reserved 1048576K
  class space    used 25218K, committed 26432K, reserved 851968K
}
Event: 732.680 GC heap before
{Heap before GC invocations=74 (full 0):
 garbage-first heap   total 1085440K, used 473985K [0x0000000740000000, 0x0000000800000000)
  region size 2048K, 26 young (53248K), 20 survivors (40960K)
 Metaspace       used 174897K, committed 177472K, reserved 1048576K
  class space    used 25218K, committed 26432K, reserved 851968K
}
Event: 732.687 GC heap after
{Heap after GC invocations=75 (full 0):
 garbage-first heap   total 1085440K, used 457893K [0x0000000740000000, 0x0000000800000000)
  region size 2048K, 4 young (8192K), 4 survivors (8192K)
 Metaspace       used 174897K, committed 177472K, reserved 1048576K
  class space    used 25218K, committed 26432K, reserved 851968K
}

Dll operation events (16 events):
Event: 0.022 Loaded shared library C:\Program Files\Eclipse Adoptium\jdk-17.0.20.8-hotspot\bin\java.dll
Event: 0.030 Loaded shared library C:\Program Files\Eclipse Adoptium\jdk-17.0.20.8-hotspot\bin\jsvml.dll
Event: 0.055 Loaded shared library C:\Program Files\Eclipse Adoptium\jdk-17.0.20.8-hotspot\bin\zip.dll
Event: 0.056 Loaded shared library C:\Program Files\Eclipse Adoptium\jdk-17.0.20.8-hotspot\bin\instrument.dll
Event: 0.059 Loaded shared library C:\Program Files\Eclipse Adoptium\jdk-17.0.20.8-hotspot\bin\net.dll
Event: 0.061 Loaded shared library C:\Program Files\Eclipse Adoptium\jdk-17.0.20.8-hotspot\bin\nio.dll
Event: 0.075 Loaded shared library C:\Program Files\Eclipse Adoptium\jdk-17.0.20.8-hotspot\bin\zip.dll
Event: 2.677 Loaded shared library C:\Program Files\Eclipse Adoptium\jdk-17.0.20.8-hotspot\bin\jimage.dll
Event: 4.390 Loaded shared library C:\Program Files\Eclipse Adoptium\jdk-17.0.20.8-hotspot\bin\verify.dll
Event: 4.477 Loaded shared library C:\dev\gradle-home\native\c067742578af261105cb4f569cf0c3c89f3d7b1fecec35dd04571415982c5e48\windows-amd64\native-platform.dll
Event: 4.520 Loaded shared library C:\dev\gradle-home\native\100fb08df4bc3b14c8652ba06237920a3bd2aa13389f12d3474272988ae205f9\windows-amd64\native-platform-file-events.dll
Event: 8.344 Loaded shared library C:\Program Files\Eclipse Adoptium\jdk-17.0.20.8-hotspot\bin\management.dll
Event: 8.347 Loaded shared library C:\Program Files\Eclipse Adoptium\jdk-17.0.20.8-hotspot\bin\management_ext.dll
Event: 8.451 Loaded shared library C:\Program Files\Eclipse Adoptium\jdk-17.0.20.8-hotspot\bin\extnet.dll
Event: 8.626 Loaded shared library C:\Program Files\Eclipse Adoptium\jdk-17.0.20.8-hotspot\bin\sunmscapi.dll
Event: 301.706 Loaded shared library C:\Program Files\Eclipse Adoptium\jdk-17.0.20.8-hotspot\bin\rmi.dll

Deoptimization events (20 events):
Event: 732.344 Thread 0x000001d2f77451f0 Uncommon trap: trap_request=0xffffffd6 fr.pc=0x000001d29b1c307c relative=0x0000000000000adc
Event: 732.344 Thread 0x000001d2f77451f0 Uncommon trap: reason=array_check action=maybe_recompile pc=0x000001d29b1c307c method=com.google.common.collect.RegularImmutableMap.fromEntryArrayCheckingBucketOverflow(I[Ljava/util/Map$Entry;Z)Lcom/google/common/collect/ImmutableMap; @ 220 c2
Event: 732.344 Thread 0x000001d2f77451f0 DEOPT PACKING pc=0x000001d29b1c307c sp=0x000000212a1f4440
Event: 732.344 Thread 0x000001d2f77451f0 DEOPT UNPACKING pc=0x000001d2993ca1a3 sp=0x000000212a1f43e8 mode 2
Event: 732.354 Thread 0x000001d2f77451f0 DEOPT PACKING pc=0x000001d292bc4c8d sp=0x000000212a1f5a30
Event: 732.354 Thread 0x000001d2f77451f0 DEOPT UNPACKING pc=0x000001d2993cace3 sp=0x000000212a1f4ee8 mode 0
Event: 732.361 Thread 0x000001d2f77451f0 DEOPT PACKING pc=0x000001d292bc4c8d sp=0x000000212a1f5a20
Event: 732.361 Thread 0x000001d2f77451f0 DEOPT UNPACKING pc=0x000001d2993cace3 sp=0x000000212a1f4ed8 mode 0
Event: 732.364 Thread 0x000001d2f77451f0 DEOPT PACKING pc=0x000001d292bc4c8d sp=0x000000212a1f5a20
Event: 732.364 Thread 0x000001d2f77451f0 DEOPT UNPACKING pc=0x000001d2993cace3 sp=0x000000212a1f4ed8 mode 0
Event: 732.531 Thread 0x000001d2ebec2fd0 Uncommon trap: trap_request=0xffffff45 fr.pc=0x000001d29b190bbc relative=0x0000000000000d7c
Event: 732.531 Thread 0x000001d2ebec2fd0 Uncommon trap: reason=unstable_if action=reinterpret pc=0x000001d29b190bbc method=java.util.concurrent.locks.AbstractQueuedSynchronizer$ConditionObject.canReacquire(Ljava/util/concurrent/locks/AbstractQueuedSynchronizer$ConditionNode;)Z @ 18 c2
Event: 732.531 Thread 0x000001d2ebec2fd0 DEOPT PACKING pc=0x000001d29b190bbc sp=0x000000213fcfde00
Event: 732.531 Thread 0x000001d2ebec2fd0 DEOPT UNPACKING pc=0x000001d2993ca1a3 sp=0x000000213fcfdd40 mode 2
Event: 732.574 Thread 0x000001d2f77451f0 DEOPT PACKING pc=0x000001d291c3771b sp=0x000000212a1f8fe0
Event: 732.574 Thread 0x000001d2f77451f0 DEOPT UNPACKING pc=0x000001d2993cace3 sp=0x000000212a1f84a0 mode 0
Event: 732.602 Thread 0x000001d2fa773a90 Uncommon trap: trap_request=0xffffff45 fr.pc=0x000001d29a0b427c relative=0x000000000000053c
Event: 732.602 Thread 0x000001d2fa773a90 Uncommon trap: reason=unstable_if action=reinterpret pc=0x000001d29a0b427c method=jdk.internal.misc.Unsafe.getAndBitwiseAndInt(Ljava/lang/Object;JI)I @ 21 c2
Event: 732.602 Thread 0x000001d2fa773a90 DEOPT PACKING pc=0x000001d29a0b427c sp=0x000000212eaff180
Event: 732.602 Thread 0x000001d2fa773a90 DEOPT UNPACKING pc=0x000001d2993ca1a3 sp=0x000000212eafef70 mode 2

Classes loaded (20 events):
Event: 305.251 Loading class sun/security/jca/JCAUtil$CachedSecureRandomHolder
Event: 305.251 Loading class sun/security/jca/JCAUtil$CachedSecureRandomHolder done
Event: 305.252 Loading class sun/security/rsa/RSACore$BlindingRandomPair
Event: 305.253 Loading class sun/security/rsa/RSACore$BlindingRandomPair done
Event: 316.776 Loading class java/lang/StackStreamFactory
Event: 316.776 Loading class java/lang/StackStreamFactory done
Event: 316.776 Loading class java/lang/StackWalker$ExtendedOption
Event: 316.776 Loading class java/lang/StackWalker$ExtendedOption done
Event: 316.776 Loading class java/lang/StackStreamFactory$StackFrameTraverser
Event: 316.777 Loading class java/lang/StackStreamFactory$StackFrameTraverser done
Event: 316.777 Loading class java/lang/StackStreamFactory$WalkerState
Event: 316.777 Loading class java/lang/StackStreamFactory$WalkerState done
Event: 316.777 Loading class java/lang/StackStreamFactory$1
Event: 316.777 Loading class java/lang/StackStreamFactory$1 done
Event: 316.777 Loading class java/lang/StackStreamFactory$StackFrameTraverser$StackFrameBuffer
Event: 316.777 Loading class java/lang/StackStreamFactory$FrameBuffer
Event: 316.777 Loading class java/lang/StackStreamFactory$FrameBuffer done
Event: 316.777 Loading class java/lang/StackStreamFactory$StackFrameTraverser$StackFrameBuffer done
Event: 316.777 Loading class java/util/logging/LogRecord
Event: 316.777 Loading class java/util/logging/LogRecord done

Classes unloaded (20 events):
Event: 305.186 Thread 0x000001d2ad3ae230 Unloading class 0x000001d2b03e0400 'jdk/internal/reflect/GeneratedSerializationConstructorAccessor227'
Event: 305.186 Thread 0x000001d2ad3ae230 Unloading class 0x000001d2b03e0000 'jdk/internal/reflect/GeneratedSerializationConstructorAccessor223'
Event: 305.186 Thread 0x000001d2ad3ae230 Unloading class 0x000001d2b03e1000 'jdk/internal/reflect/GeneratedSerializationConstructorAccessor226'
Event: 305.186 Thread 0x000001d2ad3ae230 Unloading class 0x000001d2b03e0c00 'jdk/internal/reflect/GeneratedSerializationConstructorAccessor224'
Event: 305.186 Thread 0x000001d2ad3ae230 Unloading class 0x000001d2b03df800 'jdk/internal/reflect/GeneratedSerializationConstructorAccessor225'
Event: 305.186 Thread 0x000001d2ad3ae230 Unloading class 0x000001d2b03dfc00 'jdk/internal/reflect/GeneratedSerializationConstructorAccessor215'
Event: 305.186 Thread 0x000001d2ad3ae230 Unloading class 0x000001d2b03df000 'jdk/internal/reflect/GeneratedSerializationConstructorAccessor207'
Event: 305.186 Thread 0x000001d2ad3ae230 Unloading class 0x000001d2b03df400 'jdk/internal/reflect/GeneratedSerializationConstructorAccessor213'
Event: 305.186 Thread 0x000001d2ad3ae230 Unloading class 0x000001d2b03dec00 'jdk/internal/reflect/GeneratedSerializationConstructorAccessor217'
Event: 305.186 Thread 0x000001d2ad3ae230 Unloading class 0x000001d2b03de400 'jdk/internal/reflect/GeneratedSerializationConstructorAccessor206'
Event: 305.186 Thread 0x000001d2ad3ae230 Unloading class 0x000001d2b03de800 'jdk/internal/reflect/GeneratedSerializationConstructorAccessor218'
Event: 305.186 Thread 0x000001d2ad3ae230 Unloading class 0x000001d2b03ddc00 'jdk/internal/reflect/GeneratedSerializationConstructorAccessor210'
Event: 305.186 Thread 0x000001d2ad3ae230 Unloading class 0x000001d2b03dd400 'jdk/internal/reflect/GeneratedSerializationConstructorAccessor211'
Event: 305.186 Thread 0x000001d2ad3ae230 Unloading class 0x000001d2b03dd800 'jdk/internal/reflect/GeneratedSerializationConstructorAccessor209'
Event: 305.186 Thread 0x000001d2ad3ae230 Unloading class 0x000001d2b03dd000 'jdk/internal/reflect/GeneratedSerializationConstructorAccessor203'
Event: 305.186 Thread 0x000001d2ad3ae230 Unloading class 0x000001d2b03dcc00 'jdk/internal/reflect/GeneratedSerializationConstructorAccessor214'
Event: 305.186 Thread 0x000001d2ad3ae230 Unloading class 0x000001d2b03dc800 'jdk/internal/reflect/GeneratedSerializationConstructorAccessor205'
Event: 305.186 Thread 0x000001d2ad3ae230 Unloading class 0x000001d2b03dc400 'jdk/internal/reflect/GeneratedSerializationConstructorAccessor200'
Event: 305.186 Thread 0x000001d2ad3ae230 Unloading class 0x000001d2b03dc000 'jdk/internal/reflect/GeneratedSerializationConstructorAccessor208'
Event: 305.186 Thread 0x000001d2ad3ae230 Unloading class 0x000001d2b03dbc00 'jdk/internal/reflect/GeneratedSerializationConstructorAccessor202'

Classes redefined (0 events):
No events

Internal exceptions (20 events):
Event: 305.251 Thread 0x000001d2f6ee4a80 Implicit null exception at 0x000001d29b30e715 to 0x000001d29b30e85c
Event: 305.261 Thread 0x000001d2f6ee4a80 Implicit null exception at 0x000001d29aeba470 to 0x000001d29aeba4a0
Event: 305.265 Thread 0x000001d2f6ee4a80 Implicit null exception at 0x000001d29ab4db96 to 0x000001d29ab4de00
Event: 305.609 Thread 0x000001d2f7ab7b10 Exception <a 'sun/nio/fs/WindowsException'{0x000000077f780568}> (0x000000077f780568) 
thrown [s\src\hotspot\share\prims\jni.cpp, line 516]
Event: 305.609 Thread 0x000001d2f7ab7b10 Exception <a 'sun/nio/fs/WindowsException'{0x000000077f781740}> (0x000000077f781740) 
thrown [s\src\hotspot\share\prims\jni.cpp, line 516]
Event: 732.116 Thread 0x000001d2f77451f0 Exception <a 'sun/nio/fs/WindowsException'{0x000000077d2dd0c8}> (0x000000077d2dd0c8) 
thrown [s\src\hotspot\share\prims\jni.cpp, line 516]
Event: 732.116 Thread 0x000001d2f77451f0 Exception <a 'sun/nio/fs/WindowsException'{0x000000077d2de480}> (0x000000077d2de480) 
thrown [s\src\hotspot\share\prims\jni.cpp, line 516]
Event: 732.116 Thread 0x000001d2f77451f0 Exception <a 'sun/nio/fs/WindowsException'{0x000000077d2df828}> (0x000000077d2df828) 
thrown [s\src\hotspot\share\prims\jni.cpp, line 516]
Event: 732.116 Thread 0x000001d2f77451f0 Exception <a 'sun/nio/fs/WindowsException'{0x000000077d2e0880}> (0x000000077d2e0880) 
thrown [s\src\hotspot\share\prims\jni.cpp, line 516]
Event: 732.129 Thread 0x000001d2f77451f0 Exception <a 'sun/nio/fs/WindowsException'{0x000000077d39e468}> (0x000000077d39e468) 
thrown [s\src\hotspot\share\prims\jni.cpp, line 516]
Event: 732.129 Thread 0x000001d2f77451f0 Exception <a 'sun/nio/fs/WindowsException'{0x000000077d3a0018}> (0x000000077d3a0018) 
thrown [s\src\hotspot\share\prims\jni.cpp, line 516]
Event: 732.130 Thread 0x000001d2f77451f0 Exception <a 'sun/nio/fs/WindowsException'{0x000000077d3a1bb8}> (0x000000077d3a1bb8) 
thrown [s\src\hotspot\share\prims\jni.cpp, line 516]
Event: 732.130 Thread 0x000001d2f77451f0 Exception <a 'sun/nio/fs/WindowsException'{0x000000077d3a3408}> (0x000000077d3a3408) 
thrown [s\src\hotspot\share\prims\jni.cpp, line 516]
Event: 732.245 Thread 0x000001d2eb9a57e0 Exception <a 'sun/nio/fs/WindowsException'{0x000000077ad258d8}> (0x000000077ad258d8) 
thrown [s\src\hotspot\share\prims\jni.cpp, line 516]
Event: 732.245 Thread 0x000001d2eb9a57e0 Exception <a 'sun/nio/fs/WindowsException'{0x000000077ad27618}> (0x000000077ad27618) 
thrown [s\src\hotspot\share\prims\jni.cpp, line 516]
Event: 732.245 Thread 0x000001d2eb9a57e0 Exception <a 'sun/nio/fs/WindowsException'{0x000000077ad292a8}> (0x000000077ad292a8) 
thrown [s\src\hotspot\share\prims\jni.cpp, line 516]
Event: 732.245 Thread 0x000001d2eb9a57e0 Exception <a 'sun/nio/fs/WindowsException'{0x000000077ad2ac50}> (0x000000077ad2ac50) 
thrown [s\src\hotspot\share\prims\jni.cpp, line 516]
Event: 732.246 Thread 0x000001d2eb9a2a50 Exception <a 'sun/nio/fs/WindowsException'{0x000000077ad411b0}> (0x000000077ad411b0) 
thrown [s\src\hotspot\share\prims\jni.cpp, line 516]
Event: 732.246 Thread 0x000001d2eb9a2a50 Exception <a 'sun/nio/fs/WindowsException'{0x000000077ad42ef8}> (0x000000077ad42ef8) 
thrown [s\src\hotspot\share\prims\jni.cpp, line 516]
Event: 732.246 Thread 0x000001d2eb9a2a50 Exception <a 'sun/nio/fs/WindowsException'{0x000000077ad448c8}> (0x000000077ad448c8) 
thrown [s\src\hotspot\share\prims\jni.cpp, line 516]

VM Operations (20 events):
Event: 609.559 Executing VM operation: Cleanup
Event: 609.559 Executing VM operation: Cleanup done
Event: 619.564 Executing VM operation: Cleanup
Event: 619.565 Executing VM operation: Cleanup done
Event: 662.588 Executing VM operation: Cleanup
Event: 662.589 Executing VM operation: Cleanup done
Event: 679.597 Executing VM operation: Cleanup
Event: 679.597 Executing VM operation: Cleanup done
Event: 696.607 Executing VM operation: Cleanup
Event: 696.607 Executing VM operation: Cleanup done
Event: 708.614 Executing VM operation: Cleanup
Event: 708.614 Executing VM operation: Cleanup done
Event: 732.249 Executing VM operation: ICBufferFull
Event: 732.249 Executing VM operation: ICBufferFull done
Event: 732.491 Executing VM operation: ICBufferFull
Event: 732.492 Executing VM operation: ICBufferFull done
Event: 732.643 Executing VM operation: G1CollectForAllocation
Event: 732.652 Executing VM operation: G1CollectForAllocation done
Event: 732.680 Executing VM operation: G1CollectForAllocation
Event: 732.687 Executing VM operation: G1CollectForAllocation done

Memory protections (0 events):
No events

Nmethod flushes (20 events):
Event: 305.359 Thread 0x000001d2e30f8580 flushing  nmethod 0x000001d294d65d90
Event: 305.359 Thread 0x000001d2e30f8580 flushing  nmethod 0x000001d294d66210
Event: 305.359 Thread 0x000001d2e30f8580 flushing  nmethod 0x000001d294d66710
Event: 305.359 Thread 0x000001d2e30f8580 flushing  nmethod 0x000001d294d66b90
Event: 305.359 Thread 0x000001d2e30f8580 flushing  nmethod 0x000001d294d67c10
Event: 305.359 Thread 0x000001d2e30f8580 flushing  nmethod 0x000001d294d68c90
Event: 305.359 Thread 0x000001d2e30f8580 flushing  nmethod 0x000001d294d69a10
Event: 305.359 Thread 0x000001d2e30f8580 flushing  nmethod 0x000001d294d69f10
Event: 305.359 Thread 0x000001d2e30f8580 flushing  nmethod 0x000001d294d6a310
Event: 305.359 Thread 0x000001d2e30f8580 flushing  nmethod 0x000001d294d6a690
Event: 305.359 Thread 0x000001d2e30f8580 flushing  nmethod 0x000001d294d6aa90
Event: 305.359 Thread 0x000001d2e30f8580 flushing  nmethod 0x000001d294d6b910
Event: 305.359 Thread 0x000001d2e30f8580 flushing  nmethod 0x000001d294d6c790
Event: 305.359 Thread 0x000001d2e30f8580 flushing  nmethod 0x000001d294d6d110
Event: 305.359 Thread 0x000001d2e30f8580 flushing  nmethod 0x000001d294d6d810
Event: 305.359 Thread 0x000001d2e30f8580 flushing  nmethod 0x000001d294d6e010
Event: 305.359 Thread 0x000001d2e30f8580 flushing  nmethod 0x000001d294d80d10
Event: 305.359 Thread 0x000001d2e30f8580 flushing  nmethod 0x000001d294d93890
Event: 305.359 Thread 0x000001d2e30f8580 flushing  nmethod 0x000001d294dd2610
Event: 305.359 Thread 0x000001d2e30f8580 flushing  nmethod 0x000001d294e02f10

Events (20 events):
Event: 732.589 Thread 0x000001d2f77451f0 Thread added: 0x000001d2fa9a0f60
Event: 732.590 Thread 0x000001d2f77451f0 Thread added: 0x000001d2fa9a23a0
Event: 732.590 Thread 0x000001d2f77451f0 Thread added: 0x000001d2fa9a2dc0
Event: 732.590 Thread 0x000001d2f77451f0 Thread added: 0x000001d2fa9a37e0
Event: 732.591 Thread 0x000001d2f77451f0 Thread added: 0x000001d2fa9a32d0
Event: 732.591 Thread 0x000001d2f77451f0 Thread added: 0x000001d2fa9a1e90
Event: 732.591 Thread 0x000001d2f77451f0 Thread added: 0x000001d2fa9a1470
Event: 732.591 Thread 0x000001d2f77451f0 Thread added: 0x000001d2fa9a0030
Event: 732.591 Thread 0x000001d2f77451f0 Thread added: 0x000001d2f71be780
Event: 732.592 Thread 0x000001d2f77451f0 Thread added: 0x000001d2f71bdd60
Event: 732.592 Thread 0x000001d2f77451f0 Thread added: 0x000001d2f71be270
Event: 732.592 Thread 0x000001d2f77451f0 Thread added: 0x000001d2f71bc410
Event: 732.599 Thread 0x000001d2f77451f0 Thread added: 0x000001d2f8d78df0
Event: 732.599 Thread 0x000001d2f77451f0 Thread added: 0x000001d2eaa17b30
Event: 732.599 Thread 0x000001d2f77451f0 Thread added: 0x000001d2eaa18f70
Event: 732.600 Thread 0x000001d2f77451f0 Thread added: 0x000001d2eaa18550
Event: 732.600 Thread 0x000001d2f77451f0 Thread added: 0x000001d2eaa19480
Event: 732.600 Thread 0x000001d2f77451f0 Thread added: 0x000001d2eaa18a60
Event: 732.601 Thread 0x000001d2f77451f0 Thread added: 0x000001d2eaa18040
Event: 732.781 Thread 0x000001d2f5791110 Thread added: 0x000001d2f7e93920


Dynamic libraries:
0x00007ff7e2670000 - 0x00007ff7e267e000 	C:\Program Files\Eclipse Adoptium\jdk-17.0.20.8-hotspot\bin\java.exe
0x00007ffd3f660000 - 0x00007ffd3f8c6000 	C:\WINDOWS\SYSTEM32\ntdll.dll
0x00007ffd3e480000 - 0x00007ffd3e549000 	C:\WINDOWS\System32\KERNEL32.DLL
0x00007ffd3cb40000 - 0x00007ffd3cf3f000 	C:\WINDOWS\System32\KERNELBASE.dll
0x00007ffd3cf50000 - 0x00007ffd3d09c000 	C:\WINDOWS\System32\ucrtbase.dll
0x00007ffd081d0000 - 0x00007ffd081ee000 	C:\Program Files\Eclipse Adoptium\jdk-17.0.20.8-hotspot\bin\VCRUNTIME140.dll
0x00007ffd05940000 - 0x00007ffd05958000 	C:\Program Files\Eclipse Adoptium\jdk-17.0.20.8-hotspot\bin\jli.dll
0x00007ffd3d3e0000 - 0x00007ffd3d5a6000 	C:\WINDOWS\System32\USER32.dll
0x00007ffd3c930000 - 0x00007ffd3c957000 	C:\WINDOWS\System32\win32u.dll
0x00007ffd3b940000 - 0x00007ffd3bbd1000 	C:\WINDOWS\WinSxS\amd64_microsoft.windows.common-controls_6595b64144ccf1df_6.0.26100.8972_none_3e0da176e32f9d4b\COMCTL32.dll
0x00007ffd3da90000 - 0x00007ffd3dabb000 	C:\WINDOWS\System32\GDI32.dll
0x00007ffd3c960000 - 0x00007ffd3ca89000 	C:\WINDOWS\System32\gdi32full.dll
0x00007ffd3ed20000 - 0x00007ffd3edc9000 	C:\WINDOWS\System32\msvcrt.dll
0x00007ffd3ca90000 - 0x00007ffd3cb33000 	C:\WINDOWS\System32\msvcp_win.dll
0x00007ffd3ece0000 - 0x00007ffd3ed12000 	C:\WINDOWS\System32\IMM32.DLL
0x00007ffd0a260000 - 0x00007ffd0a26c000 	C:\Program Files\Eclipse Adoptium\jdk-17.0.20.8-hotspot\bin\vcruntime140_1.dll
0x00007ffd04fa0000 - 0x00007ffd0502d000 	C:\Program Files\Eclipse Adoptium\jdk-17.0.20.8-hotspot\bin\msvcp140.dll
0x00007ffc46830000 - 0x00007ffc4749c000 	C:\Program Files\Eclipse Adoptium\jdk-17.0.20.8-hotspot\bin\server\jvm.dll
0x00007ffd3dc50000 - 0x00007ffd3dd0c000 	C:\WINDOWS\System32\ADVAPI32.dll
0x00007ffd3edd0000 - 0x00007ffd3ee79000 	C:\WINDOWS\System32\sechost.dll
0x00007ffd3f500000 - 0x00007ffd3f618000 	C:\WINDOWS\System32\RPCRT4.dll
0x00007ffd3dac0000 - 0x00007ffd3db42000 	C:\WINDOWS\System32\WS2_32.dll
0x00007ffd3c510000 - 0x00007ffd3c56e000 	C:\WINDOWS\SYSTEM32\POWRPROF.dll
0x00007ffd3ae30000 - 0x00007ffd3ae3b000 	C:\WINDOWS\SYSTEM32\VERSION.dll
0x00007ffd2c5c0000 - 0x00007ffd2c5f6000 	C:\WINDOWS\SYSTEM32\WINMM.dll
0x00007ffd3c4f0000 - 0x00007ffd3c505000 	C:\WINDOWS\SYSTEM32\UMPDC.dll
0x00007ffd3b890000 - 0x00007ffd3b8ab000 	C:\WINDOWS\SYSTEM32\kernel.appcore.dll
0x00007ffd059d0000 - 0x00007ffd059da000 	C:\Program Files\Eclipse Adoptium\jdk-17.0.20.8-hotspot\bin\jimage.dll
0x00007ffd3c070000 - 0x00007ffd3c2b2000 	C:\WINDOWS\SYSTEM32\DBGHELP.DLL
0x00007ffd3d5b0000 - 0x00007ffd3d935000 	C:\WINDOWS\System32\combase.dll
0x00007ffd3df70000 - 0x00007ffd3e049000 	C:\WINDOWS\System32\OLEAUT32.dll
0x00007ffd3bf60000 - 0x00007ffd3bf9b000 	C:\WINDOWS\SYSTEM32\dbgcore.DLL
0x00007ffd3d240000 - 0x00007ffd3d2ec000 	C:\WINDOWS\System32\bcryptPrimitives.dll
0x00007ffd05930000 - 0x00007ffd0593e000 	C:\Program Files\Eclipse Adoptium\jdk-17.0.20.8-hotspot\bin\instrument.dll
0x00007ffd04f70000 - 0x00007ffd04f95000 	C:\Program Files\Eclipse Adoptium\jdk-17.0.20.8-hotspot\bin\java.dll
0x00007ffcad8b0000 - 0x00007ffcad987000 	C:\Program Files\Eclipse Adoptium\jdk-17.0.20.8-hotspot\bin\jsvml.dll
0x00007ffd3e550000 - 0x00007ffd3ecd8000 	C:\WINDOWS\System32\SHELL32.dll
0x00007ffd39160000 - 0x00007ffd399fb000 	C:\WINDOWS\SYSTEM32\windows.storage.dll
0x00007ffd3db50000 - 0x00007ffd3dc49000 	C:\WINDOWS\System32\SHCORE.dll
0x00007ffd3dd20000 - 0x00007ffd3dd86000 	C:\WINDOWS\System32\shlwapi.dll
0x00007ffd3c790000 - 0x00007ffd3c7b9000 	C:\WINDOWS\SYSTEM32\profapi.dll
0x00007ffd057e0000 - 0x00007ffd057f8000 	C:\Program Files\Eclipse Adoptium\jdk-17.0.20.8-hotspot\bin\zip.dll
0x00007ffd04f50000 - 0x00007ffd04f6a000 	C:\Program Files\Eclipse Adoptium\jdk-17.0.20.8-hotspot\bin\net.dll
0x00007ffd33ab0000 - 0x00007ffd33bd7000 	C:\WINDOWS\SYSTEM32\WINHTTP.dll
0x00007ffd3a9d0000 - 0x00007ffd3aa3c000 	C:\WINDOWS\system32\mswsock.dll
0x00007ffd03c40000 - 0x00007ffd03c56000 	C:\Program Files\Eclipse Adoptium\jdk-17.0.20.8-hotspot\bin\nio.dll
0x00007ffd01490000 - 0x00007ffd014a0000 	C:\Program Files\Eclipse Adoptium\jdk-17.0.20.8-hotspot\bin\verify.dll
0x00007ffd05960000 - 0x00007ffd05987000 	C:\dev\gradle-home\native\c067742578af261105cb4f569cf0c3c89f3d7b1fecec35dd04571415982c5e48\windows-amd64\native-platform.dll
0x00007ffcad760000 - 0x00007ffcad8a4000 	C:\dev\gradle-home\native\100fb08df4bc3b14c8652ba06237920a3bd2aa13389f12d3474272988ae205f9\windows-amd64\native-platform-file-events.dll
0x00007ffd01480000 - 0x00007ffd0148a000 	C:\Program Files\Eclipse Adoptium\jdk-17.0.20.8-hotspot\bin\management.dll
0x00007ffd01470000 - 0x00007ffd0147c000 	C:\Program Files\Eclipse Adoptium\jdk-17.0.20.8-hotspot\bin\management_ext.dll
0x00007ffd3ee80000 - 0x00007ffd3ee88000 	C:\WINDOWS\System32\PSAPI.DLL
0x00007ffd3c3e0000 - 0x00007ffd3c3fb000 	C:\WINDOWS\SYSTEM32\CRYPTSP.dll
0x00007ffd3ac90000 - 0x00007ffd3acc9000 	C:\WINDOWS\system32\rsaenh.dll
0x00007ffd3aa80000 - 0x00007ffd3aab2000 	C:\WINDOWS\SYSTEM32\USERENV.dll
0x00007ffd3c760000 - 0x00007ffd3c78a000 	C:\WINDOWS\SYSTEM32\bcrypt.dll
0x00007ffd3ac30000 - 0x00007ffd3ac3c000 	C:\WINDOWS\SYSTEM32\CRYPTBASE.dll
0x00007ffd39ee0000 - 0x00007ffd39f13000 	C:\WINDOWS\SYSTEM32\IPHLPAPI.DLL
0x00007ffd3ded0000 - 0x00007ffd3deda000 	C:\WINDOWS\System32\NSI.dll
0x00007ffd33830000 - 0x00007ffd3384d000 	C:\WINDOWS\SYSTEM32\dhcpcsvc6.DLL
0x00007ffd33800000 - 0x00007ffd33825000 	C:\WINDOWS\SYSTEM32\dhcpcsvc.DLL
0x00007ffd39f20000 - 0x00007ffd3a078000 	C:\WINDOWS\SYSTEM32\DNSAPI.dll
0x00007ffd3a7f0000 - 0x00007ffd3a7fd000 	C:\WINDOWS\SYSTEM32\DSPARSE.dll
0x00007ffd01460000 - 0x00007ffd01469000 	C:\Program Files\Eclipse Adoptium\jdk-17.0.20.8-hotspot\bin\extnet.dll
0x00007ffcaecd0000 - 0x00007ffcaecde000 	C:\Program Files\Eclipse Adoptium\jdk-17.0.20.8-hotspot\bin\sunmscapi.dll
0x00007ffd3d0b0000 - 0x00007ffd3d22e000 	C:\WINDOWS\System32\CRYPT32.dll
0x00007ffd3b840000 - 0x00007ffd3b870000 	C:\WINDOWS\SYSTEM32\ncrypt.dll
0x00007ffd3b7f0000 - 0x00007ffd3b82f000 	C:\WINDOWS\SYSTEM32\NTASN1.dll
0x00007ffd13380000 - 0x00007ffd13388000 	C:\WINDOWS\system32\wshunix.dll
0x00007ffd3c030000 - 0x00007ffd3c066000 	C:\WINDOWS\SYSTEM32\ntmarta.dll
0x00007ffd3bfb0000 - 0x00007ffd3bfb7000 	C:\Program Files\Eclipse Adoptium\jdk-17.0.20.8-hotspot\bin\rmi.dll

dbghelp: loaded successfully - version: 4.0.5 - missing functions: none
symbol engine: initialized successfully - sym options: 0x614 - pdb path: .;C:\Program Files\Eclipse Adoptium\jdk-17.0.20.8-hotspot\bin;C:\WINDOWS\SYSTEM32;C:\WINDOWS\WinSxS\amd64_microsoft.windows.common-controls_6595b64144ccf1df_6.0.26100.8972_none_3e0da176e32f9d4b;C:\Program Files\Eclipse Adoptium\jdk-17.0.20.8-hotspot\bin\server;C:\dev\gradle-home\native\c067742578af261105cb4f569cf0c3c89f3d7b1fecec35dd04571415982c5e48\windows-amd64;C:\dev\gradle-home\native\100fb08df4bc3b14c8652ba06237920a3bd2aa13389f12d3474272988ae205f9\windows-amd64

VM Arguments:
jvm_args: --add-opens=java.base/java.lang=ALL-UNNAMED --add-opens=java.base/java.lang.invoke=ALL-UNNAMED --add-opens=java.base/java.util=ALL-UNNAMED --add-opens=java.prefs/java.util.prefs=ALL-UNNAMED --add-exports=jdk.compiler/com.sun.tools.javac.api=ALL-UNNAMED --add-exports=jdk.compiler/com.sun.tools.javac.util=ALL-UNNAMED --add-opens=java.base/java.util=ALL-UNNAMED --add-opens=java.prefs/java.util.prefs=ALL-UNNAMED --add-opens=java.base/java.nio.charset=ALL-UNNAMED --add-opens=java.base/java.net=ALL-UNNAMED --add-opens=java.base/java.util.concurrent.atomic=ALL-UNNAMED --add-opens=java.xml/javax.xml.namespace=ALL-UNNAMED -XX:MaxMetaspaceSize=1G -XX:ReservedCodeCacheSize=256m -XX:+HeapDumpOnOutOfMemoryError -Xmx3G -Dfile.encoding=UTF-8 -Duser.country=ES -Duser.language=es -Duser.variant -javaagent:C:\dev\gradle-home\wrapper\dists\gradle-8.11.1-all\2qik7nd48slq1ooc2496ixf4i\gradle-8.11.1\lib\agents\gradle-instrumentation-agent-8.11.1.jar 
java_command: org.gradle.launcher.daemon.bootstrap.GradleDaemon 8.11.1
java_class_path (initial): C:\dev\gradle-home\wrapper\dists\gradle-8.11.1-all\2qik7nd48slq1ooc2496ixf4i\gradle-8.11.1\lib\gradle-daemon-main-8.11.1.jar
Launcher Type: SUN_STANDARD

[Global flags]
     intx CICompilerCount                          = 15                                        {product} {ergonomic}
   size_t CompressedClassSpaceSize                 = 872415232                                 {product} {ergonomic}
     uint ConcGCThreads                            = 6                                         {product} {ergonomic}
     uint G1ConcRefinementThreads                  = 23                                        {product} {ergonomic}
   size_t G1HeapRegionSize                         = 2097152                                   {product} {ergonomic}
    uintx GCDrainStackTargetSize                   = 64                                        {product} {ergonomic}
     bool HeapDumpOnOutOfMemoryError               = true                                   {manageable} {command line}
   size_t InitialHeapSize                          = 524288000                                 {product} {ergonomic}
   size_t MarkStackSize                            = 4194304                                   {product} {ergonomic}
   size_t MaxHeapSize                              = 3221225472                                {product} {command line}
   size_t MaxMetaspaceSize                         = 1073741824                                {product} {command line}
   size_t MaxNewSize                               = 1931476992                                {product} {ergonomic}
   size_t MinHeapDeltaBytes                        = 2097152                                   {product} {ergonomic}
   size_t MinHeapSize                              = 8388608                                   {product} {ergonomic}
    uintx NonNMethodCodeHeapSize                   = 8192380                                {pd product} {ergonomic}
    uintx NonProfiledCodeHeapSize                  = 130121538                              {pd product} {ergonomic}
    uintx ProfiledCodeHeapSize                     = 130121538                              {pd product} {ergonomic}
    uintx ReservedCodeCacheSize                    = 268435456                              {pd product} {command line}
     bool SegmentedCodeCache                       = true                                      {product} {ergonomic}
   size_t SoftMaxHeapSize                          = 3221225472                             {manageable} {ergonomic}
   double SweeperThreshold                         = 0.468750                                  {product} {ergonomic}
     bool UseCompressedClassPointers               = true                           {product lp64_product} {ergonomic}
     bool UseCompressedOops                        = true                           {product lp64_product} {ergonomic}
     bool UseG1GC                                  = true                                      {product} {ergonomic}
     bool UseLargePagesIndividualAllocation        = false                                  {pd product} {ergonomic}

Logging:
Log output configuration:
 #0: stdout all=warning uptime,level,tags
 #1: stderr all=off uptime,level,tags

Environment Variables:
JAVA_HOME=C:\Program Files\Android\Android Studio\jbr
CLASSPATH=C:\dev\cicloplus_app\android\\gradle\wrapper\gradle-wrapper.jar
PATH=C:\Program Files\Android\Android Studio\jbr\bin;C:\Program Files\Eclipse Adoptium\jdk-17.0.20.8-hotspot\bin;C:\Python314\Scripts\;C:\Python314\;C:\WINDOWS\system32;C:\WINDOWS;C:\WINDOWS\System32\Wbem;C:\WINDOWS\System32\WindowsPowerShell\v1.0\;C:\WINDOWS\System32\OpenSSH\;C:\Program Files\dotnet\;C:\Program Files\NVIDIA Corporation\NVIDIA App\NvDLISR;C:\Program Files (x86)\NVIDIA Corporation\PhysX\Common;C:\Program Files\nodejs\;C:\ProgramData\chocolatey\bin;C:\Program Files\Git\cmd;C:\Users\Lambert 2\AppData\Local\Programs\Python\Python311\Scripts\;C:\Users\Lambert 2\AppData\Local\Programs\Python\Python311\;C:\Users\Lambert 2\AppData\Local\Microsoft\WindowsApps;C:\Users\Lambert 2\AppData\Local\Programs\Microsoft VS Code\bin;C:\Users\Lambert 2\AppData\Roaming\npm;C:\dev\flutter\bin;C:\dev\flutter\bin\mingit\cmd
USERNAME=Lambert 2
OS=Windows_NT
PROCESSOR_IDENTIFIER=AMD64 Family 26 Model 68 Stepping 0, AuthenticAMD
TMP=C:\Users\LAMBER~1\AppData\Local\Temp
TEMP=C:\Users\LAMBER~1\AppData\Local\Temp



Periodic native trim disabled


---------------  S Y S T E M  ---------------

OS:
 Windows 11 , 64 bit Build 26100 (10.0.26100.8972)
OS uptime: 0 days 0:29 hours
Hyper-V role detected

CPU: total 32 (initial active 32) (32 cores per cpu, 2 threads per core) family 26 model 68 stepping 0 microcode 0xb404035, cx8, cmov, fxsr, ht, mmx, 3dnowpref, sse, sse2, sse3, ssse3, sse4a, sse4.1, sse4.2, popcnt, lzcnt, tsc, tscinvbit, avx, avx2, aes, erms, clmul, bmi1, bmi2, adx, avx512f, avx512dq, avx512cd, avx512bw, avx512vl, sha, fma, vzeroupper, avx512_vpopcntdq, avx512_vpclmulqdq, avx512_vaes, avx512_vnni, clflush, clflushopt, avx512_vbmi2, avx512_vbmi, hv
Processor Information for all 32 processors :
  Max Mhz: 4300, Current Mhz: 4300, Mhz Limit: 4300

Memory: 4k page, system-wide physical 31892M (13038M free)
TotalPageFile size 47892M (AvailPageFile size 23136M)
current process WorkingSet (physical memory assigned to process): 1684M, peak: 1701M
current process commit charge ("private bytes"): 1784M, peak: 1864M

vm_info: OpenJDK 64-Bit Server VM (17.0.20+8) for windows-amd64 JRE (17.0.20+8), built on Jul 22 2026 00:41:45 by "admin" with MS VC++ 17.12 (VS2022)

END.
